[WARNING] 'chk_vobres_n_buy.py' 2026-06-02 11:45:59,957 :  Not found in last_ohlc.txt 005070 코스모신소재
[INFO] 'chk_vobres_n_buy.py' 2026-06-02 11:45:59,961 : 하향추세 005490 POSCO홀딩스 < 5MA 10MA
[INFO] 'chk_vobres_n_buy.py' 2026-06-02 11:45:59,961 : 하향추세 006400 삼성SDI < 5MA 10MA
[INFO] 'chk_vobres_n_buy.py' 2026-06-02 11:45:59,962 : 하향추세 012450 한화에어로스페이스 < 5MA 10MA
[INFO] 'chk_vobres_n_buy.py' 2026-06-02 11:45:59,962 : 하향추세 042700 한미반도체 < 5MA 10MA
[INFO] 'chk_vobres_n_buy.py' 2026-06-02 11:45:59,962 : 하향추세 047810 한국항공우주 < 5MA 10MA
[INFO] 'chk_vobres_n_buy.py' 2026-06-02 11:45:59,962 : 하향추세 064350 현대로템 < 5MA 10MA
[INFO] 'chk_vobres_n_buy.py' 2026-06-02 11:45:59,962 : 하향추세 079550 LIG디펜스앤에어로스 < 5MA 10MA
[INFO] 'chk_vobres_n_buy.py' 2026-06-02 11:45:59,962 : 하향추세 086520 에코프로 < 5MA 10MA
[INFO] 'chk_vobres_n_buy.py' 2026-06-02 11:45:59,962 : 하향추세 096770 SK이노베이션 < 5MA 10MA
[INFO] 'chk_vobres_n_buy.py' 2026-06-02 11:45:59,962 : 하향추세 247540 에코프로비엠 < 5MA 10MA
[INFO] 'chk_vobres_n_buy.py' 2026-06-02 11:45:59,962 : 하향추세 272210 한화시스템 < 5MA 10MA
[DEBUG] 'chk_vobres_n_buy.py' 2026-06-02 11:45:59,962 : 조건검색 종목 수18
[INFO] 'chk_vobres_n_buy.py' 2026-06-02 11:46:00,984 : 하향추세 010950 S-Oil < 5MA 10MA
[DEBUG] 'chk_vobres_n_buy.py' 2026-06-02 11:46:00,985 : 조건검색 종목 수4
[INFO] 'chk_vobres_n_buy.py' 2026-06-02 11:46:02,003 : 하향추세 003670 포스코퓨처엠 < 5MA 10MA
[WARNING] 'chk_vobres_n_buy.py' 2026-06-02 11:46:02,003 :  Not found in last_ohlc.txt 005070 코스모신소재
[INFO] 'chk_vobres_n_buy.py' 2026-06-02 11:46:02,003 : 하향추세 005490 POSCO홀딩스 < 5MA 10MA
[INFO] 'chk_vobres_n_buy.py' 2026-06-02 11:46:02,003 : 하향추세 006400 삼성SDI < 5MA 10MA
[INFO] 'chk_vobres_n_buy.py' 2026-06-02 11:46:02,004 : 하향추세 012450 한화에어로스페이스 < 5MA 10MA
[INFO] 'chk_vobres_n_buy.py' 2026-06-02 11:46:02,004 : 하향추세 042700 한미반도체 < 5MA 10MA
[INFO] 'chk_vobres_n_buy.py' 2026-06-02 11:46:02,004 : 하향추세 047810 한국항공우주 < 5MA 10MA
[INFO] 'chk_vobres_n_buy.py' 2026-06-02 11:46:02,004 : 하향추세 064350 현대로템 < 5MA 10MA
[INFO] 'chk_vobres_n_buy.py' 2026-06-02 11:46:02,004 : 하향추세 079550 LIG디펜스앤에어로스 < 5MA 10MA
[INFO] 'chk_vobres_n_buy.py' 2026-06-02 11:46:02,004 : 하향추세 086520 에코프로 < 5MA 10MA
[INFO] 'chk_vobres_n_buy.py' 2026-06-02 11:46:02,004 : 하향추세 096770 SK이노베이션 < 5MA 10MA
[INFO] 'chk_vobres_n_buy.py' 2026-06-02 11:46:02,005 : 하향추세 247540 에코프로비엠 < 5MA 10MA
[INFO] 'chk_vobres_n_buy.py' 2026-06-02 11:46:02,005 : 하향추세 272210 한화시스템 < 5MA 10MA
[DEBUG] 'chk_vobres_n_buy.py' 2026-06-02 11:46:02,005 : 조건검색 종목 수18
[INFO] 'chk_vobres_n_buy.py' 2026-06-02 11:46:03,020 : 하향추세 010950 S-Oil < 5MA 10MA
[DEBUG] 'chk_vobres_n_buy.py' 2026-06-02 11:46:03,020 : 조건검색 종목 수4
[INFO] 'chk_vobres_n_buy.py' 2026-06-02 11:46:04,025 : 하향추세 003670 포스코퓨처엠 < 5MA 10MA
[WARNING] 'chk_vobres_n_buy.py' 2026-06-02 11:46:04,025 :  Not found in last_ohlc.txt 005070 코스모신소재
[INFO] 'chk_vobres_n_buy.py' 2026-06-02 11:46:04,025 : 하향추세 005490 POSCO홀딩스 < 5MA 10MA
[INFO] 'chk_vobres_n_buy.py' 2026-06-02 11:46:04,025 : 하향추세 006400 삼성SDI < 5MA 10MA
[INFO] 'chk_vobres_n_buy.py' 2026-06-02 11:46:04,025 : 하향추세 012450 한화에어로스페이스 < 5MA 10MA
[INFO] 'chk_vobres_n_buy.py' 2026-06-02 11:46:04,026 : 하향추세 042700 한미반도체 < 5MA 10MA
[INFO] 'chk_vobres_n_buy.py' 2026-06-02 11:46:04,026 : 하향추세 047810 한국항공우주 < 5MA 10MA
[INFO] 'chk_vobres_n_buy.py' 2026-06-02 11:46:04,026 : 하향추세 064350 현대로템 < 5MA 10MA
[INFO] 'chk_vobres_n_buy.py' 2026-06-02 11:46:04,026 : 하향추세 079550 LIG디펜스앤에어로스 < 5MA 10MA
[INFO] 'chk_vobres_n_buy.py' 2026-06-02 11:46:04,026 : 하향추세 086520 에코프로 < 5MA 10MA
[INFO] 'chk_vobres_n_buy.py' 2026-06-02 11:46:04,026 : 하향추세 096770 SK이노베이션 < 5MA 10MA
[INFO] 'chk_vobres_n_buy.py' 2026-06-02 11:46:04,026 : 하향추세 247540 에코프로비엠 < 5MA 10MA
[INFO] 'chk_vobres_n_buy.py' 2026-06-02 11:46:04,026 : 하향추세 272210 한화시스템 < 5MA 10MA
[DEBUG] 'chk_vobres_n_buy.py' 2026-06-02 11:46:04,026 : 조건검색 종목 수18
[INFO] 'chk_vobres_n_buy.py' 2026-06-02 11:46:05,030 : 하향추세 010950 S-Oil < 5MA 10MA
[DEBUG] 'chk_vobres_n_buy.py' 2026-06-02 11:46:05,031 : 조건검색 종목 수4
[INFO] 'chk_vobres_n_buy.py' 2026-06-02 11:46:06,049 : 하향추세 003670 포스코퓨처엠 < 5MA 10MA
[WARNING] 'chk_vobres_n_buy.py' 2026-06-02 11:46:06,050 :  Not found in last_ohlc.txt 005070 코스모신소재
[INFO] 'chk_vobres_n_buy.py' 2026-06-02 11:46:06,050 : 하향추세 005490 POSCO홀딩스 < 5MA 10MA
[INFO] 'chk_vobres_n_buy.py' 2026-06-02 11:46:06,050 : 하향추세 006400 삼성SDI < 5MA 10MA
[INFO] 'chk_vobres_n_buy.py' 2026-06-02 11:46:06,051 : 하향추세 012450 한화에어로스페이스 < 5MA 10MA
[INFO] 'chk_vobres_n_buy.py' 2026-06-02 11:46:06,051 : 하향추세 042700 한미반도체 < 5MA 10MA
[INFO] 'chk_vobres_n_buy.py' 2026-06-02 11:46:06,051 : 하향추세 047810 한국항공우주 < 5MA 10MA
[INFO] 'chk_vobres_n_buy.py' 2026-06-02 11:46:06,053 : 하향추세 064350 현대로템 < 5MA 10MA
[INFO] 'chk_vobres_n_buy.py' 2026-06-02 11:46:06,053 : 하향추세 079550 LIG디펜스앤에어로스 < 5MA 10MA
[INFO] 'chk_vobres_n_buy.py' 2026-06-02 11:46:06,054 : 하향추세 086520 에코프로 < 5MA 10MA
[INFO] 'chk_vobres_n_buy.py' 2026-06-02 11:46:06,054 : 하향추세 096770 SK이노베이션 < 5MA 10MA
[INFO] 'chk_vobres_n_buy.py' 2026-06-02 11:46:06,054 : 하향추세 247540 에코프로비엠 < 5MA 10MA
[INFO] 'chk_vobres_n_buy.py' 2026-06-02 11:46:06,054 : 하향추세 272210 한화시스템 < 5MA 10MA
[DEBUG] 'chk_vobres_n_buy.py' 2026-06-02 11:46:06,054 : 조건검색 종목 수18
[INFO] 'chk_vobres_n_buy.py' 2026-06-02 11:46:07,059 : 하향추세 010950 S-Oil < 5MA 10MA
[DEBUG] 'chk_vobres_n_buy.py' 2026-06-02 11:46:07,061 : 조건검색 종목 수3
[INFO] 'chk_vobres_n_buy.py' 2026-06-02 11:46:08,081 : 하향추세 003670 포스코퓨처엠 < 5MA 10MA
[WARNING] 'chk_vobres_n_buy.py' 2026-06-02 11:46:08,081 :  Not found in last_ohlc.txt 005070 코스모신소재
[INFO] 'chk_vobres_n_buy.py' 2026-06-02 11:46:08,082 : 하향추세 005490 POSCO홀딩스 < 5MA 10MA
[INFO] 'chk_vobres_n_buy.py' 2026-06-02 11:46:08,082 : 하향추세 006400 삼성SDI < 5MA 10MA
[INFO] 'chk_vobres_n_buy.py' 2026-06-02 11:46:08,083 : 하향추세 012450 한화에어로스페이스 < 5MA 10MA
[INFO] 'chk_vobres_n_buy.py' 2026-06-02 11:46:08,083 : 하향추세 042700 한미반도체 < 5MA 10MA
[INFO] 'chk_vobres_n_buy.py' 2026-06-02 11:46:08,083 : 하향추세 047810 한국항공우주 < 5MA 10MA
[INFO] 'chk_vobres_n_buy.py' 2026-06-02 11:46:08,084 : 하향추세 064350 현대로템 < 5MA 10MA
[INFO] 'chk_vobres_n_buy.py' 2026-06-02 11:46:08,084 : 하향추세 079550 LIG디펜스앤에어로스 < 5MA 10MA
[INFO] 'chk_vobres_n_buy.py' 2026-06-02 11:46:08,084 : 하향추세 086520 에코프로 < 5MA 10MA
[INFO] 'chk_vobres_n_buy.py' 2026-06-02 11:46:08,085 : 하향추세 096770 SK이노베이션 < 5MA 10MA
[INFO] 'chk_vobres_n_buy.py' 2026-06-02 11:46:08,085 : 하향추세 247540 에코프로비엠 < 5MA 10MA
[INFO] 'chk_vobres_n_buy.py' 2026-06-02 11:46:08,085 : 하향추세 272210 한화시스템 < 5MA 10MA
[DEBUG] 'chk_vobres_n_buy.py' 2026-06-02 11:46:08,085 : 조건검색 종목 수18
[INFO] 'chk_vobres_n_buy.py' 2026-06-02 11:46:09,088 : 하향추세 010950 S-Oil < 5MA 10MA
[DEBUG] 'chk_vobres_n_buy.py' 2026-06-02 11:46:09,089 : 조건검색 종목 수3
[INFO] 'chk_vobres_n_buy.py' 2026-06-02 11:46:10,093 : 하향추세 003670 포스코퓨처엠 < 5MA 10MA
[WARNING] 'chk_vobres_n_buy.py' 2026-06-02 11:46:10,094 :  Not found in last_ohlc.txt 005070 코스모신소재
[INFO] 'chk_vobres_n_buy.py' 2026-06-02 11:46:10,094 : 하향추세 005490 POSCO홀딩스 < 5MA 10MA
[INFO] 'chk_vobres_n_buy.py' 2026-06-02 11:46:10,094 : 하향추세 006400 삼성SDI < 5MA 10MA
[INFO] 'chk_vobres_n_buy.py' 2026-06-02 11:46:10,095 : 하향추세 012450 한화에어로스페이스 < 5MA 10MA
[INFO] 'chk_vobres_n_buy.py' 2026-06-02 11:46:10,095 : 하향추세 042700 한미반도체 < 5MA 10MA
[INFO] 'chk_vobres_n_buy.py' 2026-06-02 11:46:10,095 : 하향추세 047810 한국항공우주 < 5MA 10MA
[INFO] 'chk_vobres_n_buy.py' 2026-06-02 11:46:10,096 : 하향추세 064350 현대로템 < 5MA 10MA
[INFO] 'chk_vobres_n_buy.py' 2026-06-02 11:46:10,096 : 하향추세 079550 LIG디펜스앤에어로스 < 5MA 10MA
[INFO] 'chk_vobres_n_buy.py' 2026-06-02 11:46:10,096 : 하향추세 086520 에코프로 < 5MA 10MA
[INFO] 'chk_vobres_n_buy.py' 2026-06-02 11:46:10,097 : 하향추세 096770 SK이노베이션 < 5MA 10MA
[INFO] 'chk_vobres_n_buy.py' 2026-06-02 11:46:10,097 : 하향추세 247540 에코프로비엠 < 5MA 10MA
[INFO] 'chk_vobres_n_buy.py' 2026-06-02 11:46:10,097 : 하향추세 272210 한화시스템 < 5MA 10MA
[DEBUG] 'chk_vobres_n_buy.py' 2026-06-02 11:46:10,098 : 조건검색 종목 수18
[INFO] 'chk_vobres_n_buy.py' 2026-06-02 11:46:11,113 : 하향추세 010950 S-Oil < 5MA 10MA
[DEBUG] 'chk_vobres_n_buy.py' 2026-06-02 11:46:11,113 : 조건검색 종목 수4
[INFO] 'chk_vobres_n_buy.py' 2026-06-02 11:46:12,120 : 하향추세 003670 포스코퓨처엠 < 5MA 10MA
[WARNING] 'chk_vobres_n_buy.py' 2026-06-02 11:46:12,120 :  Not found in last_ohlc.txt 005070 코스모신소재
[INFO] 'chk_vobres_n_buy.py' 2026-06-02 11:46:12,120 : 하향추세 005490 POSCO홀딩스 < 5MA 10MA
[INFO] 'chk_vobres_n_buy.py' 2026-06-02 11:46:12,120 : 하향추세 006400 삼성SDI < 5MA 10MA
[INFO] 'chk_vobres_n_buy.py' 2026-06-02 11:46:12,121 : 하향추세 012450 한화에어로스페이스 < 5MA 10MA
[INFO] 'chk_vobres_n_buy.py' 2026-06-02 11:46:12,121 : 하향추세 042700 한미반도체 < 5MA 10MA
[INFO] 'chk_vobres_n_buy.py' 2026-06-02 11:46:12,121 : 하향추세 047810 한국항공우주 < 5MA 10MA
[INFO] 'chk_vobres_n_buy.py' 2026-06-02 11:46:12,122 : 하향추세 064350 현대로템 < 5MA 10MA
[INFO] 'chk_vobres_n_buy.py' 2026-06-02 11:46:12,122 : 하향추세 079550 LIG디펜스앤에어로스 < 5MA 10MA
[INFO] 'chk_vobres_n_buy.py' 2026-06-02 11:46:12,122 : 하향추세 086520 에코프로 < 5MA 10MA
[INFO] 'chk_vobres_n_buy.py' 2026-06-02 11:46:12,122 : 하향추세 096770 SK이노베이션 < 5MA 10MA
[INFO] 'chk_vobres_n_buy.py' 2026-06-02 11:46:12,123 : 하향추세 247540 에코프로비엠 < 5MA 10MA
[INFO] 'chk_vobres_n_buy.py' 2026-06-02 11:46:12,123 : 하향추세 272210 한화시스템 < 5MA 10MA
[DEBUG] 'chk_vobres_n_buy.py' 2026-06-02 11:46:12,123 : 조건검색 종목 수18
[INFO] 'chk_vobres_n_buy.py' 2026-06-02 11:46:13,143 : 하향추세 010950 S-Oil < 5MA 10MA
[DEBUG] 'chk_vobres_n_buy.py' 2026-06-02 11:46:13,144 : 조건검색 종목 수4
[INFO] 'chk_vobres_n_buy.py' 2026-06-02 11:46:14,161 : 하향추세 003670 포스코퓨처엠 < 5MA 10MA
[WARNING] 'chk_vobres_n_buy.py' 2026-06-02 11:46:14,161 :  Not found in last_ohlc.txt 005070 코스모신소재
[INFO] 'chk_vobres_n_buy.py' 2026-06-02 11:46:14,162 : 하향추세 005490 POSCO홀딩스 < 5MA 10MA
[INFO] 'chk_vobres_n_buy.py' 2026-06-02 11:46:14,162 : 하향추세 006400 삼성SDI < 5MA 10MA
[INFO] 'chk_vobres_n_buy.py' 2026-06-02 11:46:14,162 : 하향추세 012450 한화에어로스페이스 < 5MA 10MA
[INFO] 'chk_vobres_n_buy.py' 2026-06-02 11:46:14,163 : 하향추세 042700 한미반도체 < 5MA 10MA
[INFO] 'chk_vobres_n_buy.py' 2026-06-02 11:46:14,163 : 하향추세 047810 한국항공우주 < 5MA 10MA
[INFO] 'chk_vobres_n_buy.py' 2026-06-02 11:46:14,163 : 하향추세 064350 현대로템 < 5MA 10MA
[INFO] 'chk_vobres_n_buy.py' 2026-06-02 11:46:14,164 : 하향추세 079550 LIG디펜스앤에어로스 < 5MA 10MA
[INFO] 'chk_vobres_n_buy.py' 2026-06-02 11:46:14,164 : 하향추세 086520 에코프로 < 5MA 10MA
[INFO] 'chk_vobres_n_buy.py' 2026-06-02 11:46:14,165 : 하향추세 096770 SK이노베이션 < 5MA 10MA
[INFO] 'chk_vobres_n_buy.py' 2026-06-02 11:46:14,165 : 하향추세 247540 에코프로비엠 < 5MA 10MA
[INFO] 'chk_vobres_n_buy.py' 2026-06-02 11:46:14,165 : 하향추세 272210 한화시스템 < 5MA 10MA
[DEBUG] 'chk_vobres_n_buy.py' 2026-06-02 11:46:14,166 : 조건검색 종목 수18
[INFO] 'chk_vobres_n_buy.py' 2026-06-02 11:46:15,172 : 하향추세 010950 S-Oil < 5MA 10MA
[DEBUG] 'chk_vobres_n_buy.py' 2026-06-02 11:46:15,173 : 조건검색 종목 수4
[INFO] 'chk_vobres_n_buy.py' 2026-06-02 11:46:16,178 : 하향추세 003670 포스코퓨처엠 < 5MA 10MA
[WARNING] 'chk_vobres_n_buy.py' 2026-06-02 11:46:16,178 :  Not found in last_ohlc.txt 005070 코스모신소재
[INFO] 'chk_vobres_n_buy.py' 2026-06-02 11:46:16,178 : 하향추세 005490 POSCO홀딩스 < 5MA 10MA
[INFO] 'chk_vobres_n_buy.py' 2026-06-02 11:46:16,178 : 하향추세 006400 삼성SDI < 5MA 10MA
[INFO] 'chk_vobres_n_buy.py' 2026-06-02 11:46:16,178 : 하향추세 012450 한화에어로스페이스 < 5MA 10MA
[INFO] 'chk_vobres_n_buy.py' 2026-06-02 11:46:16,179 : 하향추세 042700 한미반도체 < 5MA 10MA
[INFO] 'chk_vobres_n_buy.py' 2026-06-02 11:46:16,179 : 하향추세 047810 한국항공우주 < 5MA 10MA
[INFO] 'chk_vobres_n_buy.py' 2026-06-02 11:46:16,179 : 하향추세 064350 현대로템 < 5MA 10MA
[INFO] 'chk_vobres_n_buy.py' 2026-06-02 11:46:16,179 : 하향추세 079550 LIG디펜스앤에어로스 < 5MA 10MA
[INFO] 'chk_vobres_n_buy.py' 2026-06-02 11:46:16,179 : 하향추세 086520 에코프로 < 5MA 10MA
[INFO] 'chk_vobres_n_buy.py' 2026-06-02 11:46:16,179 : 하향추세 096770 SK이노베이션 < 5MA 10MA
[INFO] 'chk_vobres_n_buy.py' 2026-06-02 11:46:16,179 : 하향추세 247540 에코프로비엠 < 5MA 10MA
[INFO] 'chk_vobres_n_buy.py' 2026-06-02 11:46:16,179 : 하향추세 272210 한화시스템 < 5MA 10MA
[DEBUG] 'chk_vobres_n_buy.py' 2026-06-02 11:46:16,179 : 조건검색 종목 수18
[INFO] 'chk_vobres_n_buy.py' 2026-06-02 11:46:17,185 : 하향추세 010950 S-Oil < 5MA 10MA
[DEBUG] 'chk_vobres_n_buy.py' 2026-06-02 11:46:17,186 : 조건검색 종목 수4
[INFO] 'chk_vobres_n_buy.py' 2026-06-02 11:46:18,189 : 하향추세 003670 포스코퓨처엠 < 5MA 10MA
[WARNING] 'chk_vobres_n_buy.py' 2026-06-02 11:46:18,190 :  Not found in last_ohlc.txt 005070 코스모신소재
[INFO] 'chk_vobres_n_buy.py' 2026-06-02 11:46:18,190 : 하향추세 005490 POSCO홀딩스 < 5MA 10MA
[INFO] 'chk_vobres_n_buy.py' 2026-06-02 11:46:18,191 : 하향추세 006400 삼성SDI < 5MA 10MA
[INFO] 'chk_vobres_n_buy.py' 2026-06-02 11:46:18,191 : 하향추세 012450 한화에어로스페이스 < 5MA 10MA
[INFO] 'chk_vobres_n_buy.py' 2026-06-02 11:46:18,191 : 하향추세 042700 한미반도체 < 5MA 10MA
[INFO] 'chk_vobres_n_buy.py' 2026-06-02 11:46:18,191 : 하향추세 047810 한국항공우주 < 5MA 10MA
[INFO] 'chk_vobres_n_buy.py' 2026-06-02 11:46:18,192 : 하향추세 064350 현대로템 < 5MA 10MA
[INFO] 'chk_vobres_n_buy.py' 2026-06-02 11:46:18,192 : 하향추세 079550 LIG디펜스앤에어로스 < 5MA 10MA
[INFO] 'chk_vobres_n_buy.py' 2026-06-02 11:46:18,192 : 하향추세 086520 에코프로 < 5MA 10MA
[INFO] 'chk_vobres_n_buy.py' 2026-06-02 11:46:18,193 : 하향추세 096770 SK이노베이션 < 5MA 10MA
[INFO] 'chk_vobres_n_buy.py' 2026-06-02 11:46:18,193 : 하향추세 247540 에코프로비엠 < 5MA 10MA
[INFO] 'chk_vobres_n_buy.py' 2026-06-02 11:46:18,193 : 하향추세 272210 한화시스템 < 5MA 10MA
[DEBUG] 'chk_vobres_n_buy.py' 2026-06-02 11:46:18,194 : 조건검색 종목 수18
[DEBUG] 'chk_vobres_n_buy.py' 2026-06-02 11:46:19,209 : 조건검색 종목 수2
[INFO] 'chk_vobres_n_buy.py' 2026-06-02 11:46:20,214 : 하향추세 003670 포스코퓨처엠 < 5MA 10MA
[WARNING] 'chk_vobres_n_buy.py' 2026-06-02 11:46:20,215 :  Not found in last_ohlc.txt 005070 코스모신소재
[INFO] 'chk_vobres_n_buy.py' 2026-06-02 11:46:20,215 : 하향추세 005490 POSCO홀딩스 < 5MA 10MA
[INFO] 'chk_vobres_n_buy.py' 2026-06-02 11:46:20,215 : 하향추세 006400 삼성SDI < 5MA 10MA
[INFO] 'chk_vobres_n_buy.py' 2026-06-02 11:46:20,215 : 하향추세 012450 한화에어로스페이스 < 5MA 10MA
[INFO] 'chk_vobres_n_buy.py' 2026-06-02 11:46:20,216 : 하향추세 042700 한미반도체 < 5MA 10MA
[INFO] 'chk_vobres_n_buy.py' 2026-06-02 11:46:20,216 : 하향추세 047810 한국항공우주 < 5MA 10MA
[INFO] 'chk_vobres_n_buy.py' 2026-06-02 11:46:20,216 : 하향추세 064350 현대로템 < 5MA 10MA
[INFO] 'chk_vobres_n_buy.py' 2026-06-02 11:46:20,216 : 하향추세 079550 LIG디펜스앤에어로스 < 5MA 10MA
[INFO] 'chk_vobres_n_buy.py' 2026-06-02 11:46:20,216 : 하향추세 086520 에코프로 < 5MA 10MA
[INFO] 'chk_vobres_n_buy.py' 2026-06-02 11:46:20,217 : 하향추세 096770 SK이노베이션 < 5MA 10MA
[INFO] 'chk_vobres_n_buy.py' 2026-06-02 11:46:20,217 : 하향추세 247540 에코프로비엠 < 5MA 10MA
[INFO] 'chk_vobres_n_buy.py' 2026-06-02 11:46:20,217 : 하향추세 272210 한화시스템 < 5MA 10MA
[DEBUG] 'chk_vobres_n_buy.py' 2026-06-02 11:46:20,217 : 조건검색 종목 수18
[DEBUG] 'chk_vobres_n_buy.py' 2026-06-02 11:46:21,232 : 조건검색 종목 수3
[INFO] 'chk_vobres_n_buy.py' 2026-06-02 11:46:22,238 : 하향추세 003670 포스코퓨처엠 < 5MA 10MA
[WARNING] 'chk_vobres_n_buy.py' 2026-06-02 11:46:22,238 :  Not found in last_ohlc.txt 005070 코스모신소재
[INFO] 'chk_vobres_n_buy.py' 2026-06-02 11:46:22,239 : 하향추세 005490 POSCO홀딩스 < 5MA 10MA
[INFO] 'chk_vobres_n_buy.py' 2026-06-02 11:46:22,239 : 하향추세 006400 삼성SDI < 5MA 10MA
[INFO] 'chk_vobres_n_buy.py' 2026-06-02 11:46:22,239 : 하향추세 012450 한화에어로스페이스 < 5MA 10MA
[INFO] 'chk_vobres_n_buy.py' 2026-06-02 11:46:22,240 : 하향추세 042700 한미반도체 < 5MA 10MA
[INFO] 'chk_vobres_n_buy.py' 2026-06-02 11:46:22,240 : 하향추세 047810 한국항공우주 < 5MA 10MA
[INFO] 'chk_vobres_n_buy.py' 2026-06-02 11:46:22,240 : 하향추세 064350 현대로템 < 5MA 10MA
[INFO] 'chk_vobres_n_buy.py' 2026-06-02 11:46:22,241 : 하향추세 079550 LIG디펜스앤에어로스 < 5MA 10MA
[INFO] 'chk_vobres_n_buy.py' 2026-06-02 11:46:22,241 : 하향추세 086520 에코프로 < 5MA 10MA
[INFO] 'chk_vobres_n_buy.py' 2026-06-02 11:46:22,241 : 하향추세 096770 SK이노베이션 < 5MA 10MA
[INFO] 'chk_vobres_n_buy.py' 2026-06-02 11:46:22,242 : 하향추세 247540 에코프로비엠 < 5MA 10MA
[INFO] 'chk_vobres_n_buy.py' 2026-06-02 11:46:22,242 : 하향추세 272210 한화시스템 < 5MA 10MA
[DEBUG] 'chk_vobres_n_buy.py' 2026-06-02 11:46:22,242 : 조건검색 종목 수18
[INFO] 'chk_vobres_n_buy.py' 2026-06-02 11:46:23,253 : 하향추세 010950 S-Oil < 5MA 10MA
[DEBUG] 'chk_vobres_n_buy.py' 2026-06-02 11:46:23,254 : 조건검색 종목 수3
[INFO] 'chk_vobres_n_buy.py' 2026-06-02 11:46:24,261 : 하향추세 003670 포스코퓨처엠 < 5MA 10MA
[WARNING] 'chk_vobres_n_buy.py' 2026-06-02 11:46:24,262 :  Not found in last_ohlc.txt 005070 코스모신소재
[INFO] 'chk_vobres_n_buy.py' 2026-06-02 11:46:24,262 : 하향추세 005490 POSCO홀딩스 < 5MA 10MA
[INFO] 'chk_vobres_n_buy.py' 2026-06-02 11:46:24,262 : 하향추세 006400 삼성SDI < 5MA 10MA
[INFO] 'chk_vobres_n_buy.py' 2026-06-02 11:46:24,263 : 하향추세 012450 한화에어로스페이스 < 5MA 10MA
[INFO] 'chk_vobres_n_buy.py' 2026-06-02 11:46:24,263 : 하향추세 042700 한미반도체 < 5MA 10MA
[INFO] 'chk_vobres_n_buy.py' 2026-06-02 11:46:24,263 : 하향추세 047810 한국항공우주 < 5MA 10MA
[INFO] 'chk_vobres_n_buy.py' 2026-06-02 11:46:24,264 : 하향추세 064350 현대로템 < 5MA 10MA
[INFO] 'chk_vobres_n_buy.py' 2026-06-02 11:46:24,264 : 하향추세 079550 LIG디펜스앤에어로스 < 5MA 10MA
[INFO] 'chk_vobres_n_buy.py' 2026-06-02 11:46:24,264 : 하향추세 086520 에코프로 < 5MA 10MA
[INFO] 'chk_vobres_n_buy.py' 2026-06-02 11:46:24,265 : 하향추세 096770 SK이노베이션 < 5MA 10MA
[INFO] 'chk_vobres_n_buy.py' 2026-06-02 11:46:24,265 : 하향추세 247540 에코프로비엠 < 5MA 10MA
[INFO] 'chk_vobres_n_buy.py' 2026-06-02 11:46:24,265 : 하향추세 272210 한화시스템 < 5MA 10MA
[DEBUG] 'chk_vobres_n_buy.py' 2026-06-02 11:46:24,265 : 조건검색 종목 수18
[INFO] 'chk_vobres_n_buy.py' 2026-06-02 11:46:25,270 : 하향추세 010950 S-Oil < 5MA 10MA
[DEBUG] 'chk_vobres_n_buy.py' 2026-06-02 11:46:25,271 : 조건검색 종목 수4
[INFO] 'chk_vobres_n_buy.py' 2026-06-02 11:46:26,287 : 하향추세 003670 포스코퓨처엠 < 5MA 10MA
[WARNING] 'chk_vobres_n_buy.py' 2026-06-02 11:46:26,287 :  Not found in last_ohlc.txt 005070 코스모신소재
[INFO] 'chk_vobres_n_buy.py' 2026-06-02 11:46:26,287 : 하향추세 005490 POSCO홀딩스 < 5MA 10MA
[INFO] 'chk_vobres_n_buy.py' 2026-06-02 11:46:26,287 : 하향추세 006400 삼성SDI < 5MA 10MA
[INFO] 'chk_vobres_n_buy.py' 2026-06-02 11:46:26,287 : 하향추세 012450 한화에어로스페이스 < 5MA 10MA
[INFO] 'chk_vobres_n_buy.py' 2026-06-02 11:46:26,287 : 하향추세 042700 한미반도체 < 5MA 10MA
[INFO] 'chk_vobres_n_buy.py' 2026-06-02 11:46:26,287 : 하향추세 047810 한국항공우주 < 5MA 10MA
[INFO] 'chk_vobres_n_buy.py' 2026-06-02 11:46:26,288 : 하향추세 064350 현대로템 < 5MA 10MA
[INFO] 'chk_vobres_n_buy.py' 2026-06-02 11:46:26,288 : 하향추세 079550 LIG디펜스앤에어로스 < 5MA 10MA
[INFO] 'chk_vobres_n_buy.py' 2026-06-02 11:46:26,288 : 하향추세 086520 에코프로 < 5MA 10MA
[INFO] 'chk_vobres_n_buy.py' 2026-06-02 11:46:26,288 : 하향추세 096770 SK이노베이션 < 5MA 10MA
[INFO] 'chk_vobres_n_buy.py' 2026-06-02 11:46:26,288 : 하향추세 247540 에코프로비엠 < 5MA 10MA
[INFO] 'chk_vobres_n_buy.py' 2026-06-02 11:46:26,288 : 하향추세 272210 한화시스템 < 5MA 10MA
[DEBUG] 'chk_vobres_n_buy.py' 2026-06-02 11:46:26,288 : 조건검색 종목 수18
[INFO] 'chk_vobres_n_buy.py' 2026-06-02 11:46:27,294 : 하향추세 010950 S-Oil < 5MA 10MA
[DEBUG] 'chk_vobres_n_buy.py' 2026-06-02 11:46:27,294 : 조건검색 종목 수4
[INFO] 'chk_vobres_n_buy.py' 2026-06-02 11:46:28,298 : 하향추세 003670 포스코퓨처엠 < 5MA 10MA
[WARNING] 'chk_vobres_n_buy.py' 2026-06-02 11:46:28,299 :  Not found in last_ohlc.txt 005070 코스모신소재
[INFO] 'chk_vobres_n_buy.py' 2026-06-02 11:46:28,299 : 하향추세 005490 POSCO홀딩스 < 5MA 10MA
[INFO] 'chk_vobres_n_buy.py' 2026-06-02 11:46:28,300 : 하향추세 006400 삼성SDI < 5MA 10MA
[INFO] 'chk_vobres_n_buy.py' 2026-06-02 11:46:28,300 : 하향추세 012450 한화에어로스페이스 < 5MA 10MA
[INFO] 'chk_vobres_n_buy.py' 2026-06-02 11:46:28,300 : 하향추세 042700 한미반도체 < 5MA 10MA
[INFO] 'chk_vobres_n_buy.py' 2026-06-02 11:46:28,301 : 하향추세 047810 한국항공우주 < 5MA 10MA
[INFO] 'chk_vobres_n_buy.py' 2026-06-02 11:46:28,301 : 하향추세 064350 현대로템 < 5MA 10MA
[INFO] 'chk_vobres_n_buy.py' 2026-06-02 11:46:28,301 : 하향추세 079550 LIG디펜스앤에어로스 < 5MA 10MA
[INFO] 'chk_vobres_n_buy.py' 2026-06-02 11:46:28,302 : 하향추세 086520 에코프로 < 5MA 10MA
[INFO] 'chk_vobres_n_buy.py' 2026-06-02 11:46:28,302 : 하향추세 096770 SK이노베이션 < 5MA 10MA
[INFO] 'chk_vobres_n_buy.py' 2026-06-02 11:46:28,302 : 하향추세 247540 에코프로비엠 < 5MA 10MA
[INFO] 'chk_vobres_n_buy.py' 2026-06-02 11:46:28,303 : 하향추세 272210 한화시스템 < 5MA 10MA
[DEBUG] 'chk_vobres_n_buy.py' 2026-06-02 11:46:28,303 : 조건검색 종목 수18
[DEBUG] 'chk_vobres_n_buy.py' 2026-06-02 11:46:29,307 : 조건검색 종목 수3
[INFO] 'chk_vobres_n_buy.py' 2026-06-02 11:46:30,318 : 하향추세 003670 포스코퓨처엠 < 5MA 10MA
[WARNING] 'chk_vobres_n_buy.py' 2026-06-02 11:46:30,318 :  Not found in last_ohlc.txt 005070 코스모신소재
[INFO] 'chk_vobres_n_buy.py' 2026-06-02 11:46:30,319 : 하향추세 005490 POSCO홀딩스 < 5MA 10MA
[INFO] 'chk_vobres_n_buy.py' 2026-06-02 11:46:30,319 : 하향추세 006400 삼성SDI < 5MA 10MA
[INFO] 'chk_vobres_n_buy.py' 2026-06-02 11:46:30,320 : 하향추세 012450 한화에어로스페이스 < 5MA 10MA
[INFO] 'chk_vobres_n_buy.py' 2026-06-02 11:46:30,320 : 하향추세 042700 한미반도체 < 5MA 10MA
[INFO] 'chk_vobres_n_buy.py' 2026-06-02 11:46:30,320 : 하향추세 047810 한국항공우주 < 5MA 10MA
[INFO] 'chk_vobres_n_buy.py' 2026-06-02 11:46:30,321 : 하향추세 064350 현대로템 < 5MA 10MA
[INFO] 'chk_vobres_n_buy.py' 2026-06-02 11:46:30,321 : 하향추세 079550 LIG디펜스앤에어로스 < 5MA 10MA
[INFO] 'chk_vobres_n_buy.py' 2026-06-02 11:46:30,321 : 하향추세 086520 에코프로 < 5MA 10MA
[INFO] 'chk_vobres_n_buy.py' 2026-06-02 11:46:30,322 : 하향추세 096770 SK이노베이션 < 5MA 10MA
[INFO] 'chk_vobres_n_buy.py' 2026-06-02 11:46:30,322 : 하향추세 247540 에코프로비엠 < 5MA 10MA
[INFO] 'chk_vobres_n_buy.py' 2026-06-02 11:46:30,322 : 하향추세 272210 한화시스템 < 5MA 10MA
[DEBUG] 'chk_vobres_n_buy.py' 2026-06-02 11:46:30,322 : 조건검색 종목 수18
[INFO] 'chk_vobres_n_buy.py' 2026-06-02 11:46:31,327 : 하향추세 010950 S-Oil < 5MA 10MA
[DEBUG] 'chk_vobres_n_buy.py' 2026-06-02 11:46:31,328 : 조건검색 종목 수3
[INFO] 'chk_vobres_n_buy.py' 2026-06-02 11:46:32,331 : 하향추세 003670 포스코퓨처엠 < 5MA 10MA
[WARNING] 'chk_vobres_n_buy.py' 2026-06-02 11:46:32,331 :  Not found in last_ohlc.txt 005070 코스모신소재
[INFO] 'chk_vobres_n_buy.py' 2026-06-02 11:46:32,331 : 하향추세 005490 POSCO홀딩스 < 5MA 10MA
[INFO] 'chk_vobres_n_buy.py' 2026-06-02 11:46:32,331 : 하향추세 006400 삼성SDI < 5MA 10MA
[INFO] 'chk_vobres_n_buy.py' 2026-06-02 11:46:32,331 : 하향추세 012450 한화에어로스페이스 < 5MA 10MA
[INFO] 'chk_vobres_n_buy.py' 2026-06-02 11:46:32,332 : 하향추세 042700 한미반도체 < 5MA 10MA
[INFO] 'chk_vobres_n_buy.py' 2026-06-02 11:46:32,332 : 하향추세 047810 한국항공우주 < 5MA 10MA
[INFO] 'chk_vobres_n_buy.py' 2026-06-02 11:46:32,332 : 하향추세 064350 현대로템 < 5MA 10MA
[INFO] 'chk_vobres_n_buy.py' 2026-06-02 11:46:32,332 : 하향추세 079550 LIG디펜스앤에어로스 < 5MA 10MA
[INFO] 'chk_vobres_n_buy.py' 2026-06-02 11:46:32,332 : 하향추세 086520 에코프로 < 5MA 10MA
[INFO] 'chk_vobres_n_buy.py' 2026-06-02 11:46:32,333 : 하향추세 096770 SK이노베이션 < 5MA 10MA
[INFO] 'chk_vobres_n_buy.py' 2026-06-02 11:46:32,333 : 하향추세 247540 에코프로비엠 < 5MA 10MA
[INFO] 'chk_vobres_n_buy.py' 2026-06-02 11:46:32,333 : 하향추세 272210 한화시스템 < 5MA 10MA
[DEBUG] 'chk_vobres_n_buy.py' 2026-06-02 11:46:32,333 : 조건검색 종목 수18
[INFO] 'chk_vobres_n_buy.py' 2026-06-02 11:46:33,336 : 하향추세 010950 S-Oil < 5MA 10MA
[DEBUG] 'chk_vobres_n_buy.py' 2026-06-02 11:46:33,336 : 조건검색 종목 수4
[INFO] 'chk_vobres_n_buy.py' 2026-06-02 11:46:34,344 : 하향추세 003670 포스코퓨처엠 < 5MA 10MA
[WARNING] 'chk_vobres_n_buy.py' 2026-06-02 11:46:34,344 :  Not found in last_ohlc.txt 005070 코스모신소재
[INFO] 'chk_vobres_n_buy.py' 2026-06-02 11:46:34,344 : 하향추세 005490 POSCO홀딩스 < 5MA 10MA
[INFO] 'chk_vobres_n_buy.py' 2026-06-02 11:46:34,344 : 하향추세 006400 삼성SDI < 5MA 10MA
[INFO] 'chk_vobres_n_buy.py' 2026-06-02 11:46:34,344 : 하향추세 012450 한화에어로스페이스 < 5MA 10MA
[INFO] 'chk_vobres_n_buy.py' 2026-06-02 11:46:34,344 : 하향추세 042700 한미반도체 < 5MA 10MA
[INFO] 'chk_vobres_n_buy.py' 2026-06-02 11:46:34,345 : 하향추세 047810 한국항공우주 < 5MA 10MA
[INFO] 'chk_vobres_n_buy.py' 2026-06-02 11:46:34,345 : 하향추세 064350 현대로템 < 5MA 10MA
[INFO] 'chk_vobres_n_buy.py' 2026-06-02 11:46:34,345 : 하향추세 079550 LIG디펜스앤에어로스 < 5MA 10MA
[INFO] 'chk_vobres_n_buy.py' 2026-06-02 11:46:34,345 : 하향추세 086520 에코프로 < 5MA 10MA
[INFO] 'chk_vobres_n_buy.py' 2026-06-02 11:46:34,345 : 하향추세 096770 SK이노베이션 < 5MA 10MA
[INFO] 'chk_vobres_n_buy.py' 2026-06-02 11:46:34,345 : 하향추세 247540 에코프로비엠 < 5MA 10MA
[INFO] 'chk_vobres_n_buy.py' 2026-06-02 11:46:34,345 : 하향추세 272210 한화시스템 < 5MA 10MA
[DEBUG] 'chk_vobres_n_buy.py' 2026-06-02 11:46:34,345 : 조건검색 종목 수18
[DEBUG] 'chk_vobres_n_buy.py' 2026-06-02 11:46:35,349 : 조건검색 종목 수2
[INFO] 'chk_vobres_n_buy.py' 2026-06-02 11:46:36,353 : 하향추세 003670 포스코퓨처엠 < 5MA 10MA
[WARNING] 'chk_vobres_n_buy.py' 2026-06-02 11:46:36,353 :  Not found in last_ohlc.txt 005070 코스모신소재
[INFO] 'chk_vobres_n_buy.py' 2026-06-02 11:46:36,354 : 하향추세 005490 POSCO홀딩스 < 5MA 10MA
[INFO] 'chk_vobres_n_buy.py' 2026-06-02 11:46:36,354 : 하향추세 006400 삼성SDI < 5MA 10MA
[INFO] 'chk_vobres_n_buy.py' 2026-06-02 11:46:36,355 : 하향추세 012450 한화에어로스페이스 < 5MA 10MA
[INFO] 'chk_vobres_n_buy.py' 2026-06-02 11:46:36,355 : 하향추세 042700 한미반도체 < 5MA 10MA
[INFO] 'chk_vobres_n_buy.py' 2026-06-02 11:46:36,355 : 하향추세 047810 한국항공우주 < 5MA 10MA
[INFO] 'chk_vobres_n_buy.py' 2026-06-02 11:46:36,356 : 하향추세 064350 현대로템 < 5MA 10MA
[INFO] 'chk_vobres_n_buy.py' 2026-06-02 11:46:36,356 : 하향추세 079550 LIG디펜스앤에어로스 < 5MA 10MA
[INFO] 'chk_vobres_n_buy.py' 2026-06-02 11:46:36,356 : 하향추세 086520 에코프로 < 5MA 10MA
[INFO] 'chk_vobres_n_buy.py' 2026-06-02 11:46:36,356 : 하향추세 096770 SK이노베이션 < 5MA 10MA
[INFO] 'chk_vobres_n_buy.py' 2026-06-02 11:46:36,357 : 하향추세 247540 에코프로비엠 < 5MA 10MA
[INFO] 'chk_vobres_n_buy.py' 2026-06-02 11:46:36,357 : 하향추세 272210 한화시스템 < 5MA 10MA
[DEBUG] 'chk_vobres_n_buy.py' 2026-06-02 11:46:36,357 : 조건검색 종목 수18
[DEBUG] 'chk_vobres_n_buy.py' 2026-06-02 11:46:37,371 : 조건검색 종목 수2
[INFO] 'chk_vobres_n_buy.py' 2026-06-02 11:46:38,380 : 하향추세 003670 포스코퓨처엠 < 5MA 10MA
[WARNING] 'chk_vobres_n_buy.py' 2026-06-02 11:46:38,381 :  Not found in last_ohlc.txt 005070 코스모신소재
[INFO] 'chk_vobres_n_buy.py' 2026-06-02 11:46:38,381 : 하향추세 005490 POSCO홀딩스 < 5MA 10MA
[INFO] 'chk_vobres_n_buy.py' 2026-06-02 11:46:38,382 : 하향추세 006400 삼성SDI < 5MA 10MA
[INFO] 'chk_vobres_n_buy.py' 2026-06-02 11:46:38,382 : 하향추세 012450 한화에어로스페이스 < 5MA 10MA
[INFO] 'chk_vobres_n_buy.py' 2026-06-02 11:46:38,382 : 하향추세 042700 한미반도체 < 5MA 10MA
[INFO] 'chk_vobres_n_buy.py' 2026-06-02 11:46:38,383 : 하향추세 047810 한국항공우주 < 5MA 10MA
[INFO] 'chk_vobres_n_buy.py' 2026-06-02 11:46:38,383 : 하향추세 064350 현대로템 < 5MA 10MA
[INFO] 'chk_vobres_n_buy.py' 2026-06-02 11:46:38,383 : 하향추세 079550 LIG디펜스앤에어로스 < 5MA 10MA
[INFO] 'chk_vobres_n_buy.py' 2026-06-02 11:46:38,384 : 하향추세 086520 에코프로 < 5MA 10MA
[INFO] 'chk_vobres_n_buy.py' 2026-06-02 11:46:38,384 : 하향추세 096770 SK이노베이션 < 5MA 10MA
[INFO] 'chk_vobres_n_buy.py' 2026-06-02 11:46:38,384 : 하향추세 247540 에코프로비엠 < 5MA 10MA
[INFO] 'chk_vobres_n_buy.py' 2026-06-02 11:46:38,385 : 하향추세 272210 한화시스템 < 5MA 10MA
[DEBUG] 'chk_vobres_n_buy.py' 2026-06-02 11:46:38,385 : 조건검색 종목 수18
[DEBUG] 'chk_vobres_n_buy.py' 2026-06-02 11:46:39,394 : 조건검색 종목 수3
[INFO] 'chk_vobres_n_buy.py' 2026-06-02 11:46:40,404 : 하향추세 003670 포스코퓨처엠 < 5MA 10MA
[WARNING] 'chk_vobres_n_buy.py' 2026-06-02 11:46:40,404 :  Not found in last_ohlc.txt 005070 코스모신소재
[INFO] 'chk_vobres_n_buy.py' 2026-06-02 11:46:40,404 : 하향추세 005490 POSCO홀딩스 < 5MA 10MA
[INFO] 'chk_vobres_n_buy.py' 2026-06-02 11:46:40,405 : 하향추세 006400 삼성SDI < 5MA 10MA
[INFO] 'chk_vobres_n_buy.py' 2026-06-02 11:46:40,405 : 하향추세 012450 한화에어로스페이스 < 5MA 10MA
[INFO] 'chk_vobres_n_buy.py' 2026-06-02 11:46:40,405 : 하향추세 042700 한미반도체 < 5MA 10MA
[INFO] 'chk_vobres_n_buy.py' 2026-06-02 11:46:40,405 : 하향추세 047810 한국항공우주 < 5MA 10MA
[INFO] 'chk_vobres_n_buy.py' 2026-06-02 11:46:40,405 : 하향추세 064350 현대로템 < 5MA 10MA
[INFO] 'chk_vobres_n_buy.py' 2026-06-02 11:46:40,405 : 하향추세 079550 LIG디펜스앤에어로스 < 5MA 10MA
[INFO] 'chk_vobres_n_buy.py' 2026-06-02 11:46:40,405 : 하향추세 086520 에코프로 < 5MA 10MA
[INFO] 'chk_vobres_n_buy.py' 2026-06-02 11:46:40,405 : 하향추세 096770 SK이노베이션 < 5MA 10MA
[INFO] 'chk_vobres_n_buy.py' 2026-06-02 11:46:40,405 : 하향추세 247540 에코프로비엠 < 5MA 10MA
[INFO] 'chk_vobres_n_buy.py' 2026-06-02 11:46:40,405 : 하향추세 272210 한화시스템 < 5MA 10MA
[DEBUG] 'chk_vobres_n_buy.py' 2026-06-02 11:46:40,405 : 조건검색 종목 수18
[DEBUG] 'chk_vobres_n_buy.py' 2026-06-02 11:46:41,411 : 조건검색 종목 수2
[INFO] 'chk_vobres_n_buy.py' 2026-06-02 11:46:42,429 : 하향추세 003670 포스코퓨처엠 < 5MA 10MA
[WARNING] 'chk_vobres_n_buy.py' 2026-06-02 11:46:42,429 :  Not found in last_ohlc.txt 005070 코스모신소재
[INFO] 'chk_vobres_n_buy.py' 2026-06-02 11:46:42,430 : 하향추세 005490 POSCO홀딩스 < 5MA 10MA
[INFO] 'chk_vobres_n_buy.py' 2026-06-02 11:46:42,430 : 하향추세 006400 삼성SDI < 5MA 10MA
[INFO] 'chk_vobres_n_buy.py' 2026-06-02 11:46:42,430 : 하향추세 012450 한화에어로스페이스 < 5MA 10MA
[INFO] 'chk_vobres_n_buy.py' 2026-06-02 11:46:42,431 : 하향추세 042700 한미반도체 < 5MA 10MA
[INFO] 'chk_vobres_n_buy.py' 2026-06-02 11:46:42,431 : 하향추세 047810 한국항공우주 < 5MA 10MA
[INFO] 'chk_vobres_n_buy.py' 2026-06-02 11:46:42,431 : 하향추세 064350 현대로템 < 5MA 10MA
[INFO] 'chk_vobres_n_buy.py' 2026-06-02 11:46:42,432 : 하향추세 079550 LIG디펜스앤에어로스 < 5MA 10MA
[INFO] 'chk_vobres_n_buy.py' 2026-06-02 11:46:42,432 : 하향추세 086520 에코프로 < 5MA 10MA
[INFO] 'chk_vobres_n_buy.py' 2026-06-02 11:46:42,432 : 하향추세 096770 SK이노베이션 < 5MA 10MA
[INFO] 'chk_vobres_n_buy.py' 2026-06-02 11:46:42,433 : 하향추세 247540 에코프로비엠 < 5MA 10MA
[INFO] 'chk_vobres_n_buy.py' 2026-06-02 11:46:42,433 : 하향추세 272210 한화시스템 < 5MA 10MA
[DEBUG] 'chk_vobres_n_buy.py' 2026-06-02 11:46:42,433 : 조건검색 종목 수18
[DEBUG] 'chk_vobres_n_buy.py' 2026-06-02 11:46:43,450 : 조건검색 종목 수2
[INFO] 'chk_vobres_n_buy.py' 2026-06-02 11:46:44,470 : 하향추세 003670 포스코퓨처엠 < 5MA 10MA
[WARNING] 'chk_vobres_n_buy.py' 2026-06-02 11:46:44,471 :  Not found in last_ohlc.txt 005070 코스모신소재
[INFO] 'chk_vobres_n_buy.py' 2026-06-02 11:46:44,471 : 하향추세 005490 POSCO홀딩스 < 5MA 10MA
[INFO] 'chk_vobres_n_buy.py' 2026-06-02 11:46:44,471 : 하향추세 006400 삼성SDI < 5MA 10MA
[INFO] 'chk_vobres_n_buy.py' 2026-06-02 11:46:44,472 : 하향추세 012450 한화에어로스페이스 < 5MA 10MA
[INFO] 'chk_vobres_n_buy.py' 2026-06-02 11:46:44,472 : 하향추세 042700 한미반도체 < 5MA 10MA
[INFO] 'chk_vobres_n_buy.py' 2026-06-02 11:46:44,472 : 하향추세 047810 한국항공우주 < 5MA 10MA
[INFO] 'chk_vobres_n_buy.py' 2026-06-02 11:46:44,473 : 하향추세 064350 현대로템 < 5MA 10MA
[INFO] 'chk_vobres_n_buy.py' 2026-06-02 11:46:44,473 : 하향추세 079550 LIG디펜스앤에어로스 < 5MA 10MA
[INFO] 'chk_vobres_n_buy.py' 2026-06-02 11:46:44,473 : 하향추세 086520 에코프로 < 5MA 10MA
[INFO] 'chk_vobres_n_buy.py' 2026-06-02 11:46:44,473 : 하향추세 096770 SK이노베이션 < 5MA 10MA
[INFO] 'chk_vobres_n_buy.py' 2026-06-02 11:46:44,474 : 하향추세 247540 에코프로비엠 < 5MA 10MA
[INFO] 'chk_vobres_n_buy.py' 2026-06-02 11:46:44,474 : 하향추세 272210 한화시스템 < 5MA 10MA
[DEBUG] 'chk_vobres_n_buy.py' 2026-06-02 11:46:44,474 : 조건검색 종목 수18
[DEBUG] 'chk_vobres_n_buy.py' 2026-06-02 11:46:45,489 : 조건검색 종목 수2
[INFO] 'chk_vobres_n_buy.py' 2026-06-02 11:46:46,496 : 하향추세 003670 포스코퓨처엠 < 5MA 10MA
[WARNING] 'chk_vobres_n_buy.py' 2026-06-02 11:46:46,496 :  Not found in last_ohlc.txt 005070 코스모신소재
[INFO] 'chk_vobres_n_buy.py' 2026-06-02 11:46:46,498 : 하향추세 005490 POSCO홀딩스 < 5MA 10MA
[INFO] 'chk_vobres_n_buy.py' 2026-06-02 11:46:46,498 : 하향추세 006400 삼성SDI < 5MA 10MA
[INFO] 'chk_vobres_n_buy.py' 2026-06-02 11:46:46,498 : 하향추세 012450 한화에어로스페이스 < 5MA 10MA
[INFO] 'chk_vobres_n_buy.py' 2026-06-02 11:46:46,499 : 하향추세 042700 한미반도체 < 5MA 10MA
[INFO] 'chk_vobres_n_buy.py' 2026-06-02 11:46:46,499 : 하향추세 047810 한국항공우주 < 5MA 10MA
[INFO] 'chk_vobres_n_buy.py' 2026-06-02 11:46:46,499 : 하향추세 064350 현대로템 < 5MA 10MA
[INFO] 'chk_vobres_n_buy.py' 2026-06-02 11:46:46,499 : 하향추세 079550 LIG디펜스앤에어로스 < 5MA 10MA
[INFO] 'chk_vobres_n_buy.py' 2026-06-02 11:46:46,499 : 하향추세 086520 에코프로 < 5MA 10MA
[INFO] 'chk_vobres_n_buy.py' 2026-06-02 11:46:46,499 : 하향추세 096770 SK이노베이션 < 5MA 10MA
[INFO] 'chk_vobres_n_buy.py' 2026-06-02 11:46:46,499 : 하향추세 247540 에코프로비엠 < 5MA 10MA
[INFO] 'chk_vobres_n_buy.py' 2026-06-02 11:46:46,499 : 하향추세 272210 한화시스템 < 5MA 10MA
[DEBUG] 'chk_vobres_n_buy.py' 2026-06-02 11:46:46,500 : 조건검색 종목 수18
[DEBUG] 'chk_vobres_n_buy.py' 2026-06-02 11:46:47,511 : 조건검색 종목 수3
[INFO] 'chk_vobres_n_buy.py' 2026-06-02 11:46:48,518 : 하향추세 003670 포스코퓨처엠 < 5MA 10MA
[WARNING] 'chk_vobres_n_buy.py' 2026-06-02 11:46:48,519 :  Not found in last_ohlc.txt 005070 코스모신소재
[INFO] 'chk_vobres_n_buy.py' 2026-06-02 11:46:48,519 : 하향추세 005490 POSCO홀딩스 < 5MA 10MA
[INFO] 'chk_vobres_n_buy.py' 2026-06-02 11:46:48,519 : 하향추세 006400 삼성SDI < 5MA 10MA
[INFO] 'chk_vobres_n_buy.py' 2026-06-02 11:46:48,520 : 하향추세 012450 한화에어로스페이스 < 5MA 10MA
[INFO] 'chk_vobres_n_buy.py' 2026-06-02 11:46:48,520 : 하향추세 042700 한미반도체 < 5MA 10MA
[INFO] 'chk_vobres_n_buy.py' 2026-06-02 11:46:48,520 : 하향추세 047810 한국항공우주 < 5MA 10MA
[INFO] 'chk_vobres_n_buy.py' 2026-06-02 11:46:48,521 : 하향추세 064350 현대로템 < 5MA 10MA
[INFO] 'chk_vobres_n_buy.py' 2026-06-02 11:46:48,521 : 하향추세 079550 LIG디펜스앤에어로스 < 5MA 10MA
[INFO] 'chk_vobres_n_buy.py' 2026-06-02 11:46:48,521 : 하향추세 086520 에코프로 < 5MA 10MA
[INFO] 'chk_vobres_n_buy.py' 2026-06-02 11:46:48,522 : 하향추세 096770 SK이노베이션 < 5MA 10MA
[INFO] 'chk_vobres_n_buy.py' 2026-06-02 11:46:48,522 : 하향추세 247540 에코프로비엠 < 5MA 10MA
[INFO] 'chk_vobres_n_buy.py' 2026-06-02 11:46:48,522 : 하향추세 272210 한화시스템 < 5MA 10MA
[DEBUG] 'chk_vobres_n_buy.py' 2026-06-02 11:46:48,522 : 조건검색 종목 수18
[DEBUG] 'chk_vobres_n_buy.py' 2026-06-02 11:46:49,533 : 조건검색 종목 수2
[INFO] 'chk_vobres_n_buy.py' 2026-06-02 11:46:50,542 : 하향추세 003670 포스코퓨처엠 < 5MA 10MA
[WARNING] 'chk_vobres_n_buy.py' 2026-06-02 11:46:50,542 :  Not found in last_ohlc.txt 005070 코스모신소재
[INFO] 'chk_vobres_n_buy.py' 2026-06-02 11:46:50,542 : 하향추세 005490 POSCO홀딩스 < 5MA 10MA
[INFO] 'chk_vobres_n_buy.py' 2026-06-02 11:46:50,543 : 하향추세 006400 삼성SDI < 5MA 10MA
[INFO] 'chk_vobres_n_buy.py' 2026-06-02 11:46:50,543 : 하향추세 012450 한화에어로스페이스 < 5MA 10MA
[INFO] 'chk_vobres_n_buy.py' 2026-06-02 11:46:50,543 : 하향추세 042700 한미반도체 < 5MA 10MA
[INFO] 'chk_vobres_n_buy.py' 2026-06-02 11:46:50,543 : 하향추세 047810 한국항공우주 < 5MA 10MA
[INFO] 'chk_vobres_n_buy.py' 2026-06-02 11:46:50,543 : 하향추세 064350 현대로템 < 5MA 10MA
[INFO] 'chk_vobres_n_buy.py' 2026-06-02 11:46:50,543 : 하향추세 079550 LIG디펜스앤에어로스 < 5MA 10MA
[INFO] 'chk_vobres_n_buy.py' 2026-06-02 11:46:50,544 : 하향추세 086520 에코프로 < 5MA 10MA
[INFO] 'chk_vobres_n_buy.py' 2026-06-02 11:46:50,544 : 하향추세 096770 SK이노베이션 < 5MA 10MA
[INFO] 'chk_vobres_n_buy.py' 2026-06-02 11:46:50,544 : 하향추세 247540 에코프로비엠 < 5MA 10MA
[INFO] 'chk_vobres_n_buy.py' 2026-06-02 11:46:50,544 : 하향추세 272210 한화시스템 < 5MA 10MA
[DEBUG] 'chk_vobres_n_buy.py' 2026-06-02 11:46:50,544 : 조건검색 종목 수18
[DEBUG] 'chk_vobres_n_buy.py' 2026-06-02 11:46:51,559 : 조건검색 종목 수2
[INFO] 'chk_vobres_n_buy.py' 2026-06-02 11:46:52,571 : 하향추세 003670 포스코퓨처엠 < 5MA 10MA
[WARNING] 'chk_vobres_n_buy.py' 2026-06-02 11:46:52,571 :  Not found in last_ohlc.txt 005070 코스모신소재
[INFO] 'chk_vobres_n_buy.py' 2026-06-02 11:46:52,573 : 하향추세 005490 POSCO홀딩스 < 5MA 10MA
[INFO] 'chk_vobres_n_buy.py' 2026-06-02 11:46:52,573 : 하향추세 006400 삼성SDI < 5MA 10MA
[INFO] 'chk_vobres_n_buy.py' 2026-06-02 11:46:52,573 : 하향추세 012450 한화에어로스페이스 < 5MA 10MA
[INFO] 'chk_vobres_n_buy.py' 2026-06-02 11:46:52,573 : 하향추세 042700 한미반도체 < 5MA 10MA
[INFO] 'chk_vobres_n_buy.py' 2026-06-02 11:46:52,574 : 하향추세 047810 한국항공우주 < 5MA 10MA
[INFO] 'chk_vobres_n_buy.py' 2026-06-02 11:46:52,574 : 하향추세 064350 현대로템 < 5MA 10MA
[INFO] 'chk_vobres_n_buy.py' 2026-06-02 11:46:52,574 : 하향추세 079550 LIG디펜스앤에어로스 < 5MA 10MA
[INFO] 'chk_vobres_n_buy.py' 2026-06-02 11:46:52,575 : 하향추세 086520 에코프로 < 5MA 10MA
[INFO] 'chk_vobres_n_buy.py' 2026-06-02 11:46:52,575 : 하향추세 096770 SK이노베이션 < 5MA 10MA
[INFO] 'chk_vobres_n_buy.py' 2026-06-02 11:46:52,575 : 하향추세 247540 에코프로비엠 < 5MA 10MA
[INFO] 'chk_vobres_n_buy.py' 2026-06-02 11:46:52,575 : 하향추세 272210 한화시스템 < 5MA 10MA
[DEBUG] 'chk_vobres_n_buy.py' 2026-06-02 11:46:52,575 : 조건검색 종목 수18
[INFO] 'chk_vobres_n_buy.py' 2026-06-02 11:46:53,596 : 하향추세 010950 S-Oil < 5MA 10MA
[DEBUG] 'chk_vobres_n_buy.py' 2026-06-02 11:46:53,596 : 조건검색 종목 수3
[INFO] 'chk_vobres_n_buy.py' 2026-06-02 11:46:54,601 : 하향추세 003670 포스코퓨처엠 < 5MA 10MA
[WARNING] 'chk_vobres_n_buy.py' 2026-06-02 11:46:54,601 :  Not found in last_ohlc.txt 005070 코스모신소재
[INFO] 'chk_vobres_n_buy.py' 2026-06-02 11:46:54,602 : 하향추세 005490 POSCO홀딩스 < 5MA 10MA
[INFO] 'chk_vobres_n_buy.py' 2026-06-02 11:46:54,602 : 하향추세 006400 삼성SDI < 5MA 10MA
[INFO] 'chk_vobres_n_buy.py' 2026-06-02 11:46:54,603 : 하향추세 012450 한화에어로스페이스 < 5MA 10MA
[INFO] 'chk_vobres_n_buy.py' 2026-06-02 11:46:54,603 : 하향추세 042700 한미반도체 < 5MA 10MA
[INFO] 'chk_vobres_n_buy.py' 2026-06-02 11:46:54,603 : 하향추세 047810 한국항공우주 < 5MA 10MA
[INFO] 'chk_vobres_n_buy.py' 2026-06-02 11:46:54,603 : 하향추세 064350 현대로템 < 5MA 10MA
[INFO] 'chk_vobres_n_buy.py' 2026-06-02 11:46:54,605 : 하향추세 079550 LIG디펜스앤에어로스 < 5MA 10MA
[INFO] 'chk_vobres_n_buy.py' 2026-06-02 11:46:54,605 : 하향추세 086520 에코프로 < 5MA 10MA
[INFO] 'chk_vobres_n_buy.py' 2026-06-02 11:46:54,606 : 하향추세 096770 SK이노베이션 < 5MA 10MA
[INFO] 'chk_vobres_n_buy.py' 2026-06-02 11:46:54,606 : 하향추세 247540 에코프로비엠 < 5MA 10MA
[INFO] 'chk_vobres_n_buy.py' 2026-06-02 11:46:54,606 : 하향추세 272210 한화시스템 < 5MA 10MA
[DEBUG] 'chk_vobres_n_buy.py' 2026-06-02 11:46:54,607 : 조건검색 종목 수18
[DEBUG] 'chk_vobres_n_buy.py' 2026-06-02 11:46:55,621 : 조건검색 종목 수2
[INFO] 'chk_vobres_n_buy.py' 2026-06-02 11:46:56,640 : 하향추세 003670 포스코퓨처엠 < 5MA 10MA
[WARNING] 'chk_vobres_n_buy.py' 2026-06-02 11:46:56,641 :  Not found in last_ohlc.txt 005070 코스모신소재
[INFO] 'chk_vobres_n_buy.py' 2026-06-02 11:46:56,641 : 하향추세 005490 POSCO홀딩스 < 5MA 10MA
[INFO] 'chk_vobres_n_buy.py' 2026-06-02 11:46:56,641 : 하향추세 006400 삼성SDI < 5MA 10MA
[INFO] 'chk_vobres_n_buy.py' 2026-06-02 11:46:56,641 : 하향추세 012450 한화에어로스페이스 < 5MA 10MA
[INFO] 'chk_vobres_n_buy.py' 2026-06-02 11:46:56,641 : 하향추세 042700 한미반도체 < 5MA 10MA
[INFO] 'chk_vobres_n_buy.py' 2026-06-02 11:46:56,641 : 하향추세 047810 한국항공우주 < 5MA 10MA
[INFO] 'chk_vobres_n_buy.py' 2026-06-02 11:46:56,641 : 하향추세 064350 현대로템 < 5MA 10MA
[INFO] 'chk_vobres_n_buy.py' 2026-06-02 11:46:56,641 : 하향추세 079550 LIG디펜스앤에어로스 < 5MA 10MA
[INFO] 'chk_vobres_n_buy.py' 2026-06-02 11:46:56,641 : 하향추세 086520 에코프로 < 5MA 10MA
[INFO] 'chk_vobres_n_buy.py' 2026-06-02 11:46:56,641 : 하향추세 096770 SK이노베이션 < 5MA 10MA
[INFO] 'chk_vobres_n_buy.py' 2026-06-02 11:46:56,642 : 하향추세 247540 에코프로비엠 < 5MA 10MA
[INFO] 'chk_vobres_n_buy.py' 2026-06-02 11:46:56,642 : 하향추세 272210 한화시스템 < 5MA 10MA
[DEBUG] 'chk_vobres_n_buy.py' 2026-06-02 11:46:56,642 : 조건검색 종목 수18
[DEBUG] 'chk_vobres_n_buy.py' 2026-06-02 11:46:57,648 : 조건검색 종목 수2
[INFO] 'chk_vobres_n_buy.py' 2026-06-02 11:46:58,652 : 하향추세 003670 포스코퓨처엠 < 5MA 10MA
[WARNING] 'chk_vobres_n_buy.py' 2026-06-02 11:46:58,652 :  Not found in last_ohlc.txt 005070 코스모신소재
[INFO] 'chk_vobres_n_buy.py' 2026-06-02 11:46:58,653 : 하향추세 005490 POSCO홀딩스 < 5MA 10MA
[INFO] 'chk_vobres_n_buy.py' 2026-06-02 11:46:58,653 : 하향추세 006400 삼성SDI < 5MA 10MA
[INFO] 'chk_vobres_n_buy.py' 2026-06-02 11:46:58,653 : 하향추세 012450 한화에어로스페이스 < 5MA 10MA
[INFO] 'chk_vobres_n_buy.py' 2026-06-02 11:46:58,654 : 하향추세 042700 한미반도체 < 5MA 10MA
[INFO] 'chk_vobres_n_buy.py' 2026-06-02 11:46:58,654 : 하향추세 047810 한국항공우주 < 5MA 10MA
[INFO] 'chk_vobres_n_buy.py' 2026-06-02 11:46:58,654 : 하향추세 064350 현대로템 < 5MA 10MA
[INFO] 'chk_vobres_n_buy.py' 2026-06-02 11:46:58,655 : 하향추세 079550 LIG디펜스앤에어로스 < 5MA 10MA
[INFO] 'chk_vobres_n_buy.py' 2026-06-02 11:46:58,655 : 하향추세 086520 에코프로 < 5MA 10MA
[INFO] 'chk_vobres_n_buy.py' 2026-06-02 11:46:58,655 : 하향추세 096770 SK이노베이션 < 5MA 10MA
[INFO] 'chk_vobres_n_buy.py' 2026-06-02 11:46:58,656 : 하향추세 247540 에코프로비엠 < 5MA 10MA
[INFO] 'chk_vobres_n_buy.py' 2026-06-02 11:46:58,656 : 하향추세 272210 한화시스템 < 5MA 10MA
[DEBUG] 'chk_vobres_n_buy.py' 2026-06-02 11:46:58,657 : 조건검색 종목 수18
[DEBUG] 'chk_vobres_n_buy.py' 2026-06-02 11:46:59,665 : 조건검색 종목 수1
[INFO] 'chk_vobres_n_buy.py' 2026-06-02 11:47:00,690 : 하향추세 003670 포스코퓨처엠 < 5MA 10MA
[WARNING] 'chk_vobres_n_buy.py' 2026-06-02 11:47:00,691 :  Not found in last_ohlc.txt 005070 코스모신소재
[INFO] 'chk_vobres_n_buy.py' 2026-06-02 11:47:00,691 : 하향추세 005490 POSCO홀딩스 < 5MA 10MA
[INFO] 'chk_vobres_n_buy.py' 2026-06-02 11:47:00,693 : 하향추세 006400 삼성SDI < 5MA 10MA
[INFO] 'chk_vobres_n_buy.py' 2026-06-02 11:47:00,694 : 하향추세 012450 한화에어로스페이스 < 5MA 10MA
[INFO] 'chk_vobres_n_buy.py' 2026-06-02 11:47:00,694 : 하향추세 042700 한미반도체 < 5MA 10MA
[INFO] 'chk_vobres_n_buy.py' 2026-06-02 11:47:00,694 : 하향추세 047810 한국항공우주 < 5MA 10MA
[INFO] 'chk_vobres_n_buy.py' 2026-06-02 11:47:00,695 : 하향추세 064350 현대로템 < 5MA 10MA
[INFO] 'chk_vobres_n_buy.py' 2026-06-02 11:47:00,695 : 하향추세 079550 LIG디펜스앤에어로스 < 5MA 10MA
[INFO] 'chk_vobres_n_buy.py' 2026-06-02 11:47:00,695 : 하향추세 086520 에코프로 < 5MA 10MA
[INFO] 'chk_vobres_n_buy.py' 2026-06-02 11:47:00,696 : 하향추세 096770 SK이노베이션 < 5MA 10MA
[INFO] 'chk_vobres_n_buy.py' 2026-06-02 11:47:00,696 : 하향추세 247540 에코프로비엠 < 5MA 10MA
[INFO] 'chk_vobres_n_buy.py' 2026-06-02 11:47:00,696 : 하향추세 272210 한화시스템 < 5MA 10MA
[DEBUG] 'chk_vobres_n_buy.py' 2026-06-02 11:47:00,696 : 조건검색 종목 수18
[DEBUG] 'chk_vobres_n_buy.py' 2026-06-02 11:47:01,706 : 조건검색 종목 수1
[INFO] 'chk_vobres_n_buy.py' 2026-06-02 11:47:02,709 : 하향추세 003670 포스코퓨처엠 < 5MA 10MA
[WARNING] 'chk_vobres_n_buy.py' 2026-06-02 11:47:02,710 :  Not found in last_ohlc.txt 005070 코스모신소재
[INFO] 'chk_vobres_n_buy.py' 2026-06-02 11:47:02,710 : 하향추세 005490 POSCO홀딩스 < 5MA 10MA
[INFO] 'chk_vobres_n_buy.py' 2026-06-02 11:47:02,710 : 하향추세 006400 삼성SDI < 5MA 10MA
[INFO] 'chk_vobres_n_buy.py' 2026-06-02 11:47:02,710 : 하향추세 012450 한화에어로스페이스 < 5MA 10MA
[INFO] 'chk_vobres_n_buy.py' 2026-06-02 11:47:02,710 : 하향추세 042700 한미반도체 < 5MA 10MA
[INFO] 'chk_vobres_n_buy.py' 2026-06-02 11:47:02,710 : 하향추세 047810 한국항공우주 < 5MA 10MA
[INFO] 'chk_vobres_n_buy.py' 2026-06-02 11:47:02,710 : 하향추세 064350 현대로템 < 5MA 10MA
[INFO] 'chk_vobres_n_buy.py' 2026-06-02 11:47:02,710 : 하향추세 079550 LIG디펜스앤에어로스 < 5MA 10MA
[INFO] 'chk_vobres_n_buy.py' 2026-06-02 11:47:02,710 : 하향추세 086520 에코프로 < 5MA 10MA
[INFO] 'chk_vobres_n_buy.py' 2026-06-02 11:47:02,710 : 하향추세 096770 SK이노베이션 < 5MA 10MA
[INFO] 'chk_vobres_n_buy.py' 2026-06-02 11:47:02,710 : 하향추세 247540 에코프로비엠 < 5MA 10MA
[INFO] 'chk_vobres_n_buy.py' 2026-06-02 11:47:02,710 : 하향추세 272210 한화시스템 < 5MA 10MA
[DEBUG] 'chk_vobres_n_buy.py' 2026-06-02 11:47:02,711 : 조건검색 종목 수18
[DEBUG] 'chk_vobres_n_buy.py' 2026-06-02 11:47:03,722 : 조건검색 종목 수2
[INFO] 'chk_vobres_n_buy.py' 2026-06-02 11:47:04,739 : 하향추세 003670 포스코퓨처엠 < 5MA 10MA
[WARNING] 'chk_vobres_n_buy.py' 2026-06-02 11:47:04,739 :  Not found in last_ohlc.txt 005070 코스모신소재
[INFO] 'chk_vobres_n_buy.py' 2026-06-02 11:47:04,739 : 하향추세 005490 POSCO홀딩스 < 5MA 10MA
[INFO] 'chk_vobres_n_buy.py' 2026-06-02 11:47:04,740 : 하향추세 006400 삼성SDI < 5MA 10MA
[INFO] 'chk_vobres_n_buy.py' 2026-06-02 11:47:04,740 : 하향추세 012450 한화에어로스페이스 < 5MA 10MA
[INFO] 'chk_vobres_n_buy.py' 2026-06-02 11:47:04,741 : 하향추세 042700 한미반도체 < 5MA 10MA
[INFO] 'chk_vobres_n_buy.py' 2026-06-02 11:47:04,741 : 하향추세 047810 한국항공우주 < 5MA 10MA
[INFO] 'chk_vobres_n_buy.py' 2026-06-02 11:47:04,742 : 하향추세 064350 현대로템 < 5MA 10MA
[INFO] 'chk_vobres_n_buy.py' 2026-06-02 11:47:04,742 : 하향추세 079550 LIG디펜스앤에어로스 < 5MA 10MA
[INFO] 'chk_vobres_n_buy.py' 2026-06-02 11:47:04,743 : 하향추세 086520 에코프로 < 5MA 10MA
[INFO] 'chk_vobres_n_buy.py' 2026-06-02 11:47:04,743 : 하향추세 096770 SK이노베이션 < 5MA 10MA
[INFO] 'chk_vobres_n_buy.py' 2026-06-02 11:47:04,743 : 하향추세 247540 에코프로비엠 < 5MA 10MA
[INFO] 'chk_vobres_n_buy.py' 2026-06-02 11:47:04,743 : 하향추세 272210 한화시스템 < 5MA 10MA
[DEBUG] 'chk_vobres_n_buy.py' 2026-06-02 11:47:04,743 : 조건검색 종목 수18
[DEBUG] 'chk_vobres_n_buy.py' 2026-06-02 11:47:05,760 : 조건검색 종목 수1
[INFO] 'chk_vobres_n_buy.py' 2026-06-02 11:47:06,769 : 하향추세 003670 포스코퓨처엠 < 5MA 10MA
[WARNING] 'chk_vobres_n_buy.py' 2026-06-02 11:47:06,769 :  Not found in last_ohlc.txt 005070 코스모신소재
[INFO] 'chk_vobres_n_buy.py' 2026-06-02 11:47:06,769 : 하향추세 005490 POSCO홀딩스 < 5MA 10MA
[INFO] 'chk_vobres_n_buy.py' 2026-06-02 11:47:06,770 : 하향추세 006400 삼성SDI < 5MA 10MA
[INFO] 'chk_vobres_n_buy.py' 2026-06-02 11:47:06,770 : 하향추세 012450 한화에어로스페이스 < 5MA 10MA
[INFO] 'chk_vobres_n_buy.py' 2026-06-02 11:47:06,770 : 하향추세 042700 한미반도체 < 5MA 10MA
[INFO] 'chk_vobres_n_buy.py' 2026-06-02 11:47:06,770 : 하향추세 047810 한국항공우주 < 5MA 10MA
[INFO] 'chk_vobres_n_buy.py' 2026-06-02 11:47:06,770 : 하향추세 064350 현대로템 < 5MA 10MA
[INFO] 'chk_vobres_n_buy.py' 2026-06-02 11:47:06,771 : 하향추세 079550 LIG디펜스앤에어로스 < 5MA 10MA
[INFO] 'chk_vobres_n_buy.py' 2026-06-02 11:47:06,771 : 하향추세 086520 에코프로 < 5MA 10MA
[INFO] 'chk_vobres_n_buy.py' 2026-06-02 11:47:06,771 : 하향추세 096770 SK이노베이션 < 5MA 10MA
[INFO] 'chk_vobres_n_buy.py' 2026-06-02 11:47:06,771 : 하향추세 247540 에코프로비엠 < 5MA 10MA
[INFO] 'chk_vobres_n_buy.py' 2026-06-02 11:47:06,771 : 하향추세 272210 한화시스템 < 5MA 10MA
[DEBUG] 'chk_vobres_n_buy.py' 2026-06-02 11:47:06,771 : 조건검색 종목 수18
[DEBUG] 'chk_vobres_n_buy.py' 2026-06-02 11:47:07,787 : 조건검색 종목 수1
[INFO] 'chk_vobres_n_buy.py' 2026-06-02 11:47:08,804 : 하향추세 003670 포스코퓨처엠 < 5MA 10MA
[WARNING] 'chk_vobres_n_buy.py' 2026-06-02 11:47:08,805 :  Not found in last_ohlc.txt 005070 코스모신소재
[INFO] 'chk_vobres_n_buy.py' 2026-06-02 11:47:08,805 : 하향추세 005490 POSCO홀딩스 < 5MA 10MA
[INFO] 'chk_vobres_n_buy.py' 2026-06-02 11:47:08,806 : 하향추세 006400 삼성SDI < 5MA 10MA
[INFO] 'chk_vobres_n_buy.py' 2026-06-02 11:47:08,806 : 하향추세 012450 한화에어로스페이스 < 5MA 10MA
[INFO] 'chk_vobres_n_buy.py' 2026-06-02 11:47:08,806 : 하향추세 042700 한미반도체 < 5MA 10MA
[INFO] 'chk_vobres_n_buy.py' 2026-06-02 11:47:08,807 : 하향추세 047810 한국항공우주 < 5MA 10MA
[INFO] 'chk_vobres_n_buy.py' 2026-06-02 11:47:08,807 : 하향추세 064350 현대로템 < 5MA 10MA
[INFO] 'chk_vobres_n_buy.py' 2026-06-02 11:47:08,808 : 하향추세 079550 LIG디펜스앤에어로스 < 5MA 10MA
[INFO] 'chk_vobres_n_buy.py' 2026-06-02 11:47:08,808 : 하향추세 086520 에코프로 < 5MA 10MA
[INFO] 'chk_vobres_n_buy.py' 2026-06-02 11:47:08,808 : 하향추세 096770 SK이노베이션 < 5MA 10MA
[INFO] 'chk_vobres_n_buy.py' 2026-06-02 11:47:08,809 : 하향추세 247540 에코프로비엠 < 5MA 10MA
[INFO] 'chk_vobres_n_buy.py' 2026-06-02 11:47:08,809 : 하향추세 272210 한화시스템 < 5MA 10MA
[DEBUG] 'chk_vobres_n_buy.py' 2026-06-02 11:47:08,809 : 조건검색 종목 수18
[DEBUG] 'chk_vobres_n_buy.py' 2026-06-02 11:47:09,821 : 조건검색 종목 수1
[INFO] 'chk_vobres_n_buy.py' 2026-06-02 11:47:10,836 : 하향추세 003670 포스코퓨처엠 < 5MA 10MA
[WARNING] 'chk_vobres_n_buy.py' 2026-06-02 11:47:10,837 :  Not found in last_ohlc.txt 005070 코스모신소재
[INFO] 'chk_vobres_n_buy.py' 2026-06-02 11:47:10,837 : 하향추세 005490 POSCO홀딩스 < 5MA 10MA
[INFO] 'chk_vobres_n_buy.py' 2026-06-02 11:47:10,837 : 하향추세 006400 삼성SDI < 5MA 10MA
[INFO] 'chk_vobres_n_buy.py' 2026-06-02 11:47:10,838 : 하향추세 012450 한화에어로스페이스 < 5MA 10MA
[INFO] 'chk_vobres_n_buy.py' 2026-06-02 11:47:10,838 : 하향추세 042700 한미반도체 < 5MA 10MA
[INFO] 'chk_vobres_n_buy.py' 2026-06-02 11:47:10,838 : 하향추세 047810 한국항공우주 < 5MA 10MA
[INFO] 'chk_vobres_n_buy.py' 2026-06-02 11:47:10,838 : 하향추세 064350 현대로템 < 5MA 10MA
[INFO] 'chk_vobres_n_buy.py' 2026-06-02 11:47:10,838 : 하향추세 079550 LIG디펜스앤에어로스 < 5MA 10MA
[INFO] 'chk_vobres_n_buy.py' 2026-06-02 11:47:10,839 : 하향추세 086520 에코프로 < 5MA 10MA
[INFO] 'chk_vobres_n_buy.py' 2026-06-02 11:47:10,839 : 하향추세 096770 SK이노베이션 < 5MA 10MA
[INFO] 'chk_vobres_n_buy.py' 2026-06-02 11:47:10,839 : 하향추세 247540 에코프로비엠 < 5MA 10MA
[INFO] 'chk_vobres_n_buy.py' 2026-06-02 11:47:10,839 : 하향추세 272210 한화시스템 < 5MA 10MA
[DEBUG] 'chk_vobres_n_buy.py' 2026-06-02 11:47:10,839 : 조건검색 종목 수18
[DEBUG] 'chk_vobres_n_buy.py' 2026-06-02 11:47:11,844 : 조건검색 종목 수1
[INFO] 'chk_vobres_n_buy.py' 2026-06-02 11:47:12,851 : 하향추세 003670 포스코퓨처엠 < 5MA 10MA
[WARNING] 'chk_vobres_n_buy.py' 2026-06-02 11:47:12,852 :  Not found in last_ohlc.txt 005070 코스모신소재
[INFO] 'chk_vobres_n_buy.py' 2026-06-02 11:47:12,852 : 하향추세 005490 POSCO홀딩스 < 5MA 10MA
[INFO] 'chk_vobres_n_buy.py' 2026-06-02 11:47:12,853 : 하향추세 006400 삼성SDI < 5MA 10MA
[INFO] 'chk_vobres_n_buy.py' 2026-06-02 11:47:12,853 : 하향추세 012450 한화에어로스페이스 < 5MA 10MA
[INFO] 'chk_vobres_n_buy.py' 2026-06-02 11:47:12,853 : 하향추세 042700 한미반도체 < 5MA 10MA
[INFO] 'chk_vobres_n_buy.py' 2026-06-02 11:47:12,854 : 하향추세 047810 한국항공우주 < 5MA 10MA
[INFO] 'chk_vobres_n_buy.py' 2026-06-02 11:47:12,854 : 하향추세 064350 현대로템 < 5MA 10MA
[INFO] 'chk_vobres_n_buy.py' 2026-06-02 11:47:12,854 : 하향추세 079550 LIG디펜스앤에어로스 < 5MA 10MA
[INFO] 'chk_vobres_n_buy.py' 2026-06-02 11:47:12,855 : 하향추세 086520 에코프로 < 5MA 10MA
[INFO] 'chk_vobres_n_buy.py' 2026-06-02 11:47:12,855 : 하향추세 096770 SK이노베이션 < 5MA 10MA
[INFO] 'chk_vobres_n_buy.py' 2026-06-02 11:47:12,855 : 하향추세 247540 에코프로비엠 < 5MA 10MA
[INFO] 'chk_vobres_n_buy.py' 2026-06-02 11:47:12,856 : 하향추세 272210 한화시스템 < 5MA 10MA
[DEBUG] 'chk_vobres_n_buy.py' 2026-06-02 11:47:12,856 : 조건검색 종목 수18
[DEBUG] 'chk_vobres_n_buy.py' 2026-06-02 11:47:13,873 : 조건검색 종목 수1
[INFO] 'chk_vobres_n_buy.py' 2026-06-02 11:47:14,880 : 하향추세 003670 포스코퓨처엠 < 5MA 10MA
[WARNING] 'chk_vobres_n_buy.py' 2026-06-02 11:47:14,881 :  Not found in last_ohlc.txt 005070 코스모신소재
[INFO] 'chk_vobres_n_buy.py' 2026-06-02 11:47:14,881 : 하향추세 005490 POSCO홀딩스 < 5MA 10MA
[INFO] 'chk_vobres_n_buy.py' 2026-06-02 11:47:14,882 : 하향추세 006400 삼성SDI < 5MA 10MA
[INFO] 'chk_vobres_n_buy.py' 2026-06-02 11:47:14,882 : 하향추세 012450 한화에어로스페이스 < 5MA 10MA
[INFO] 'chk_vobres_n_buy.py' 2026-06-02 11:47:14,882 : 하향추세 042700 한미반도체 < 5MA 10MA
[INFO] 'chk_vobres_n_buy.py' 2026-06-02 11:47:14,883 : 하향추세 047810 한국항공우주 < 5MA 10MA
[INFO] 'chk_vobres_n_buy.py' 2026-06-02 11:47:14,883 : 하향추세 064350 현대로템 < 5MA 10MA
[INFO] 'chk_vobres_n_buy.py' 2026-06-02 11:47:14,883 : 하향추세 079550 LIG디펜스앤에어로스 < 5MA 10MA
[INFO] 'chk_vobres_n_buy.py' 2026-06-02 11:47:14,884 : 하향추세 086520 에코프로 < 5MA 10MA
[INFO] 'chk_vobres_n_buy.py' 2026-06-02 11:47:14,884 : 하향추세 096770 SK이노베이션 < 5MA 10MA
[INFO] 'chk_vobres_n_buy.py' 2026-06-02 11:47:14,884 : 하향추세 247540 에코프로비엠 < 5MA 10MA
[INFO] 'chk_vobres_n_buy.py' 2026-06-02 11:47:14,885 : 하향추세 272210 한화시스템 < 5MA 10MA
[DEBUG] 'chk_vobres_n_buy.py' 2026-06-02 11:47:14,885 : 조건검색 종목 수18
[DEBUG] 'chk_vobres_n_buy.py' 2026-06-02 11:47:15,897 : 조건검색 종목 수1
[INFO] 'chk_vobres_n_buy.py' 2026-06-02 11:47:16,903 : 하향추세 003670 포스코퓨처엠 < 5MA 10MA
[WARNING] 'chk_vobres_n_buy.py' 2026-06-02 11:47:16,903 :  Not found in last_ohlc.txt 005070 코스모신소재
[INFO] 'chk_vobres_n_buy.py' 2026-06-02 11:47:16,903 : 하향추세 005490 POSCO홀딩스 < 5MA 10MA
[INFO] 'chk_vobres_n_buy.py' 2026-06-02 11:47:16,904 : 하향추세 006400 삼성SDI < 5MA 10MA
[INFO] 'chk_vobres_n_buy.py' 2026-06-02 11:47:16,904 : 하향추세 012450 한화에어로스페이스 < 5MA 10MA
[INFO] 'chk_vobres_n_buy.py' 2026-06-02 11:47:16,904 : 하향추세 042700 한미반도체 < 5MA 10MA
[INFO] 'chk_vobres_n_buy.py' 2026-06-02 11:47:16,904 : 하향추세 047810 한국항공우주 < 5MA 10MA
[INFO] 'chk_vobres_n_buy.py' 2026-06-02 11:47:16,905 : 하향추세 064350 현대로템 < 5MA 10MA
[INFO] 'chk_vobres_n_buy.py' 2026-06-02 11:47:16,905 : 하향추세 079550 LIG디펜스앤에어로스 < 5MA 10MA
[INFO] 'chk_vobres_n_buy.py' 2026-06-02 11:47:16,905 : 하향추세 086520 에코프로 < 5MA 10MA
[INFO] 'chk_vobres_n_buy.py' 2026-06-02 11:47:16,905 : 하향추세 096770 SK이노베이션 < 5MA 10MA
[INFO] 'chk_vobres_n_buy.py' 2026-06-02 11:47:16,906 : 하향추세 247540 에코프로비엠 < 5MA 10MA
[INFO] 'chk_vobres_n_buy.py' 2026-06-02 11:47:16,906 : 하향추세 272210 한화시스템 < 5MA 10MA
[DEBUG] 'chk_vobres_n_buy.py' 2026-06-02 11:47:16,906 : 조건검색 종목 수18
[DEBUG] 'chk_vobres_n_buy.py' 2026-06-02 11:47:17,910 : 조건검색 종목 수2
[INFO] 'chk_vobres_n_buy.py' 2026-06-02 11:47:18,917 : 하향추세 003670 포스코퓨처엠 < 5MA 10MA
[WARNING] 'chk_vobres_n_buy.py' 2026-06-02 11:47:18,918 :  Not found in last_ohlc.txt 005070 코스모신소재
[INFO] 'chk_vobres_n_buy.py' 2026-06-02 11:47:18,918 : 하향추세 005490 POSCO홀딩스 < 5MA 10MA
[INFO] 'chk_vobres_n_buy.py' 2026-06-02 11:47:18,918 : 하향추세 006400 삼성SDI < 5MA 10MA
[INFO] 'chk_vobres_n_buy.py' 2026-06-02 11:47:18,919 : 하향추세 012450 한화에어로스페이스 < 5MA 10MA
[INFO] 'chk_vobres_n_buy.py' 2026-06-02 11:47:18,919 : 하향추세 042700 한미반도체 < 5MA 10MA
[INFO] 'chk_vobres_n_buy.py' 2026-06-02 11:47:18,920 : 하향추세 047810 한국항공우주 < 5MA 10MA
[INFO] 'chk_vobres_n_buy.py' 2026-06-02 11:47:18,920 : 하향추세 064350 현대로템 < 5MA 10MA
[INFO] 'chk_vobres_n_buy.py' 2026-06-02 11:47:18,920 : 하향추세 079550 LIG디펜스앤에어로스 < 5MA 10MA
[INFO] 'chk_vobres_n_buy.py' 2026-06-02 11:47:18,921 : 하향추세 086520 에코프로 < 5MA 10MA
[INFO] 'chk_vobres_n_buy.py' 2026-06-02 11:47:18,921 : 하향추세 096770 SK이노베이션 < 5MA 10MA
[INFO] 'chk_vobres_n_buy.py' 2026-06-02 11:47:18,921 : 하향추세 247540 에코프로비엠 < 5MA 10MA
[INFO] 'chk_vobres_n_buy.py' 2026-06-02 11:47:18,922 : 하향추세 272210 한화시스템 < 5MA 10MA
[DEBUG] 'chk_vobres_n_buy.py' 2026-06-02 11:47:18,922 : 조건검색 종목 수18
[DEBUG] 'chk_vobres_n_buy.py' 2026-06-02 11:47:19,940 : 조건검색 종목 수2
[INFO] 'chk_vobres_n_buy.py' 2026-06-02 11:47:20,953 : 하향추세 003670 포스코퓨처엠 < 5MA 10MA
[WARNING] 'chk_vobres_n_buy.py' 2026-06-02 11:47:20,954 :  Not found in last_ohlc.txt 005070 코스모신소재
[INFO] 'chk_vobres_n_buy.py' 2026-06-02 11:47:20,954 : 하향추세 005490 POSCO홀딩스 < 5MA 10MA
[INFO] 'chk_vobres_n_buy.py' 2026-06-02 11:47:20,954 : 하향추세 006400 삼성SDI < 5MA 10MA
[INFO] 'chk_vobres_n_buy.py' 2026-06-02 11:47:20,955 : 하향추세 012450 한화에어로스페이스 < 5MA 10MA
[INFO] 'chk_vobres_n_buy.py' 2026-06-02 11:47:20,955 : 하향추세 042700 한미반도체 < 5MA 10MA
[INFO] 'chk_vobres_n_buy.py' 2026-06-02 11:47:20,955 : 하향추세 047810 한국항공우주 < 5MA 10MA
[INFO] 'chk_vobres_n_buy.py' 2026-06-02 11:47:20,957 : 하향추세 064350 현대로템 < 5MA 10MA
[INFO] 'chk_vobres_n_buy.py' 2026-06-02 11:47:20,957 : 하향추세 079550 LIG디펜스앤에어로스 < 5MA 10MA
[INFO] 'chk_vobres_n_buy.py' 2026-06-02 11:47:20,957 : 하향추세 086520 에코프로 < 5MA 10MA
[INFO] 'chk_vobres_n_buy.py' 2026-06-02 11:47:20,958 : 하향추세 096770 SK이노베이션 < 5MA 10MA
[INFO] 'chk_vobres_n_buy.py' 2026-06-02 11:47:20,958 : 하향추세 247540 에코프로비엠 < 5MA 10MA
[INFO] 'chk_vobres_n_buy.py' 2026-06-02 11:47:20,958 : 하향추세 272210 한화시스템 < 5MA 10MA
[DEBUG] 'chk_vobres_n_buy.py' 2026-06-02 11:47:20,959 : 조건검색 종목 수18
[INFO] 'chk_vobres_n_buy.py' 2026-06-02 11:47:22,968 : 하향추세 003670 포스코퓨처엠 < 5MA 10MA
[WARNING] 'chk_vobres_n_buy.py' 2026-06-02 11:47:22,969 :  Not found in last_ohlc.txt 005070 코스모신소재
[INFO] 'chk_vobres_n_buy.py' 2026-06-02 11:47:22,969 : 하향추세 005490 POSCO홀딩스 < 5MA 10MA
[INFO] 'chk_vobres_n_buy.py' 2026-06-02 11:47:22,969 : 하향추세 006400 삼성SDI < 5MA 10MA
[INFO] 'chk_vobres_n_buy.py' 2026-06-02 11:47:22,970 : 하향추세 012450 한화에어로스페이스 < 5MA 10MA
[INFO] 'chk_vobres_n_buy.py' 2026-06-02 11:47:22,970 : 하향추세 042700 한미반도체 < 5MA 10MA
[INFO] 'chk_vobres_n_buy.py' 2026-06-02 11:47:22,970 : 하향추세 047810 한국항공우주 < 5MA 10MA
[INFO] 'chk_vobres_n_buy.py' 2026-06-02 11:47:22,971 : 하향추세 064350 현대로템 < 5MA 10MA
[INFO] 'chk_vobres_n_buy.py' 2026-06-02 11:47:22,971 : 하향추세 079550 LIG디펜스앤에어로스 < 5MA 10MA
[INFO] 'chk_vobres_n_buy.py' 2026-06-02 11:47:22,971 : 하향추세 086520 에코프로 < 5MA 10MA
[INFO] 'chk_vobres_n_buy.py' 2026-06-02 11:47:22,972 : 하향추세 096770 SK이노베이션 < 5MA 10MA
[INFO] 'chk_vobres_n_buy.py' 2026-06-02 11:47:22,972 : 하향추세 247540 에코프로비엠 < 5MA 10MA
[INFO] 'chk_vobres_n_buy.py' 2026-06-02 11:47:22,972 : 하향추세 272210 한화시스템 < 5MA 10MA
[DEBUG] 'chk_vobres_n_buy.py' 2026-06-02 11:47:22,973 : 조건검색 종목 수18
[INFO] 'chk_vobres_n_buy.py' 2026-06-02 11:47:25,010 : 하향추세 003670 포스코퓨처엠 < 5MA 10MA
[WARNING] 'chk_vobres_n_buy.py' 2026-06-02 11:47:25,011 :  Not found in last_ohlc.txt 005070 코스모신소재
[INFO] 'chk_vobres_n_buy.py' 2026-06-02 11:47:25,011 : 하향추세 005490 POSCO홀딩스 < 5MA 10MA
[INFO] 'chk_vobres_n_buy.py' 2026-06-02 11:47:25,011 : 하향추세 006400 삼성SDI < 5MA 10MA
[INFO] 'chk_vobres_n_buy.py' 2026-06-02 11:47:25,012 : 하향추세 012450 한화에어로스페이스 < 5MA 10MA
[INFO] 'chk_vobres_n_buy.py' 2026-06-02 11:47:25,013 : 하향추세 042700 한미반도체 < 5MA 10MA
[INFO] 'chk_vobres_n_buy.py' 2026-06-02 11:47:25,013 : 하향추세 047810 한국항공우주 < 5MA 10MA
[INFO] 'chk_vobres_n_buy.py' 2026-06-02 11:47:25,013 : 하향추세 064350 현대로템 < 5MA 10MA
[INFO] 'chk_vobres_n_buy.py' 2026-06-02 11:47:25,013 : 하향추세 079550 LIG디펜스앤에어로스 < 5MA 10MA
[INFO] 'chk_vobres_n_buy.py' 2026-06-02 11:47:25,014 : 하향추세 086520 에코프로 < 5MA 10MA
[INFO] 'chk_vobres_n_buy.py' 2026-06-02 11:47:25,014 : 하향추세 096770 SK이노베이션 < 5MA 10MA
[INFO] 'chk_vobres_n_buy.py' 2026-06-02 11:47:25,014 : 하향추세 247540 에코프로비엠 < 5MA 10MA
[INFO] 'chk_vobres_n_buy.py' 2026-06-02 11:47:25,014 : 하향추세 272210 한화시스템 < 5MA 10MA
[DEBUG] 'chk_vobres_n_buy.py' 2026-06-02 11:47:25,015 : 조건검색 종목 수18
[DEBUG] 'chk_vobres_n_buy.py' 2026-06-02 11:47:26,020 : 조건검색 종목 수1
[INFO] 'chk_vobres_n_buy.py' 2026-06-02 11:47:27,025 : 하향추세 003670 포스코퓨처엠 < 5MA 10MA
[WARNING] 'chk_vobres_n_buy.py' 2026-06-02 11:47:27,026 :  Not found in last_ohlc.txt 005070 코스모신소재
[INFO] 'chk_vobres_n_buy.py' 2026-06-02 11:47:27,026 : 하향추세 005490 POSCO홀딩스 < 5MA 10MA
[INFO] 'chk_vobres_n_buy.py' 2026-06-02 11:47:27,027 : 하향추세 006400 삼성SDI < 5MA 10MA
[INFO] 'chk_vobres_n_buy.py' 2026-06-02 11:47:27,027 : 하향추세 012450 한화에어로스페이스 < 5MA 10MA
[INFO] 'chk_vobres_n_buy.py' 2026-06-02 11:47:27,028 : 하향추세 042700 한미반도체 < 5MA 10MA
[INFO] 'chk_vobres_n_buy.py' 2026-06-02 11:47:27,028 : 하향추세 047810 한국항공우주 < 5MA 10MA
[INFO] 'chk_vobres_n_buy.py' 2026-06-02 11:47:27,028 : 하향추세 064350 현대로템 < 5MA 10MA
[INFO] 'chk_vobres_n_buy.py' 2026-06-02 11:47:27,029 : 하향추세 079550 LIG디펜스앤에어로스 < 5MA 10MA
[INFO] 'chk_vobres_n_buy.py' 2026-06-02 11:47:27,029 : 하향추세 086520 에코프로 < 5MA 10MA
[INFO] 'chk_vobres_n_buy.py' 2026-06-02 11:47:27,029 : 하향추세 096770 SK이노베이션 < 5MA 10MA
[INFO] 'chk_vobres_n_buy.py' 2026-06-02 11:47:27,030 : 하향추세 247540 에코프로비엠 < 5MA 10MA
[INFO] 'chk_vobres_n_buy.py' 2026-06-02 11:47:27,030 : 하향추세 272210 한화시스템 < 5MA 10MA
[DEBUG] 'chk_vobres_n_buy.py' 2026-06-02 11:47:27,030 : 조건검색 종목 수18
[DEBUG] 'chk_vobres_n_buy.py' 2026-06-02 11:47:28,048 : 조건검색 종목 수1
[INFO] 'chk_vobres_n_buy.py' 2026-06-02 11:47:29,053 : 하향추세 003670 포스코퓨처엠 < 5MA 10MA
[WARNING] 'chk_vobres_n_buy.py' 2026-06-02 11:47:29,053 :  Not found in last_ohlc.txt 005070 코스모신소재
[INFO] 'chk_vobres_n_buy.py' 2026-06-02 11:47:29,054 : 하향추세 005490 POSCO홀딩스 < 5MA 10MA
[INFO] 'chk_vobres_n_buy.py' 2026-06-02 11:47:29,054 : 하향추세 006400 삼성SDI < 5MA 10MA
[INFO] 'chk_vobres_n_buy.py' 2026-06-02 11:47:29,055 : 하향추세 012450 한화에어로스페이스 < 5MA 10MA
[INFO] 'chk_vobres_n_buy.py' 2026-06-02 11:47:29,055 : 하향추세 042700 한미반도체 < 5MA 10MA
[INFO] 'chk_vobres_n_buy.py' 2026-06-02 11:47:29,055 : 하향추세 047810 한국항공우주 < 5MA 10MA
[INFO] 'chk_vobres_n_buy.py' 2026-06-02 11:47:29,056 : 하향추세 064350 현대로템 < 5MA 10MA
[INFO] 'chk_vobres_n_buy.py' 2026-06-02 11:47:29,056 : 하향추세 079550 LIG디펜스앤에어로스 < 5MA 10MA
[INFO] 'chk_vobres_n_buy.py' 2026-06-02 11:47:29,056 : 하향추세 086520 에코프로 < 5MA 10MA
[INFO] 'chk_vobres_n_buy.py' 2026-06-02 11:47:29,057 : 하향추세 096770 SK이노베이션 < 5MA 10MA
[INFO] 'chk_vobres_n_buy.py' 2026-06-02 11:47:29,057 : 하향추세 247540 에코프로비엠 < 5MA 10MA
[INFO] 'chk_vobres_n_buy.py' 2026-06-02 11:47:29,057 : 하향추세 272210 한화시스템 < 5MA 10MA
[DEBUG] 'chk_vobres_n_buy.py' 2026-06-02 11:47:29,058 : 조건검색 종목 수18
[INFO] 'chk_vobres_n_buy.py' 2026-06-02 11:47:31,094 : 하향추세 003670 포스코퓨처엠 < 5MA 10MA
[WARNING] 'chk_vobres_n_buy.py' 2026-06-02 11:47:31,095 :  Not found in last_ohlc.txt 005070 코스모신소재
[INFO] 'chk_vobres_n_buy.py' 2026-06-02 11:47:31,095 : 하향추세 005490 POSCO홀딩스 < 5MA 10MA
[INFO] 'chk_vobres_n_buy.py' 2026-06-02 11:47:31,096 : 하향추세 006400 삼성SDI < 5MA 10MA
[INFO] 'chk_vobres_n_buy.py' 2026-06-02 11:47:31,096 : 하향추세 012450 한화에어로스페이스 < 5MA 10MA
[INFO] 'chk_vobres_n_buy.py' 2026-06-02 11:47:31,096 : 하향추세 042700 한미반도체 < 5MA 10MA
[INFO] 'chk_vobres_n_buy.py' 2026-06-02 11:47:31,097 : 하향추세 047810 한국항공우주 < 5MA 10MA
[INFO] 'chk_vobres_n_buy.py' 2026-06-02 11:47:31,097 : 하향추세 064350 현대로템 < 5MA 10MA
[INFO] 'chk_vobres_n_buy.py' 2026-06-02 11:47:31,097 : 하향추세 079550 LIG디펜스앤에어로스 < 5MA 10MA
[INFO] 'chk_vobres_n_buy.py' 2026-06-02 11:47:31,098 : 하향추세 086520 에코프로 < 5MA 10MA
[INFO] 'chk_vobres_n_buy.py' 2026-06-02 11:47:31,098 : 하향추세 096770 SK이노베이션 < 5MA 10MA
[INFO] 'chk_vobres_n_buy.py' 2026-06-02 11:47:31,098 : 하향추세 247540 에코프로비엠 < 5MA 10MA
[INFO] 'chk_vobres_n_buy.py' 2026-06-02 11:47:31,098 : 하향추세 272210 한화시스템 < 5MA 10MA
[DEBUG] 'chk_vobres_n_buy.py' 2026-06-02 11:47:31,099 : 조건검색 종목 수18
[DEBUG] 'chk_vobres_n_buy.py' 2026-06-02 11:47:32,115 : 조건검색 종목 수1
[INFO] 'chk_vobres_n_buy.py' 2026-06-02 11:47:33,123 : 하향추세 003670 포스코퓨처엠 < 5MA 10MA
[WARNING] 'chk_vobres_n_buy.py' 2026-06-02 11:47:33,123 :  Not found in last_ohlc.txt 005070 코스모신소재
[INFO] 'chk_vobres_n_buy.py' 2026-06-02 11:47:33,124 : 하향추세 005490 POSCO홀딩스 < 5MA 10MA
[INFO] 'chk_vobres_n_buy.py' 2026-06-02 11:47:33,124 : 하향추세 006400 삼성SDI < 5MA 10MA
[INFO] 'chk_vobres_n_buy.py' 2026-06-02 11:47:33,125 : 하향추세 012450 한화에어로스페이스 < 5MA 10MA
[INFO] 'chk_vobres_n_buy.py' 2026-06-02 11:47:33,125 : 하향추세 042700 한미반도체 < 5MA 10MA
[INFO] 'chk_vobres_n_buy.py' 2026-06-02 11:47:33,125 : 하향추세 047810 한국항공우주 < 5MA 10MA
[INFO] 'chk_vobres_n_buy.py' 2026-06-02 11:47:33,126 : 하향추세 064350 현대로템 < 5MA 10MA
[INFO] 'chk_vobres_n_buy.py' 2026-06-02 11:47:33,126 : 하향추세 079550 LIG디펜스앤에어로스 < 5MA 10MA
[INFO] 'chk_vobres_n_buy.py' 2026-06-02 11:47:33,126 : 하향추세 086520 에코프로 < 5MA 10MA
[INFO] 'chk_vobres_n_buy.py' 2026-06-02 11:47:33,127 : 하향추세 096770 SK이노베이션 < 5MA 10MA
[INFO] 'chk_vobres_n_buy.py' 2026-06-02 11:47:33,127 : 하향추세 247540 에코프로비엠 < 5MA 10MA
[INFO] 'chk_vobres_n_buy.py' 2026-06-02 11:47:33,127 : 하향추세 272210 한화시스템 < 5MA 10MA
[DEBUG] 'chk_vobres_n_buy.py' 2026-06-02 11:47:33,128 : 조건검색 종목 수18
[DEBUG] 'chk_vobres_n_buy.py' 2026-06-02 11:47:34,144 : 조건검색 종목 수1
[INFO] 'chk_vobres_n_buy.py' 2026-06-02 11:47:35,153 : 하향추세 003670 포스코퓨처엠 < 5MA 10MA
[WARNING] 'chk_vobres_n_buy.py' 2026-06-02 11:47:35,153 :  Not found in last_ohlc.txt 005070 코스모신소재
[INFO] 'chk_vobres_n_buy.py' 2026-06-02 11:47:35,154 : 하향추세 005490 POSCO홀딩스 < 5MA 10MA
[INFO] 'chk_vobres_n_buy.py' 2026-06-02 11:47:35,154 : 하향추세 006400 삼성SDI < 5MA 10MA
[INFO] 'chk_vobres_n_buy.py' 2026-06-02 11:47:35,154 : 하향추세 012450 한화에어로스페이스 < 5MA 10MA
[INFO] 'chk_vobres_n_buy.py' 2026-06-02 11:47:35,154 : 하향추세 042700 한미반도체 < 5MA 10MA
[INFO] 'chk_vobres_n_buy.py' 2026-06-02 11:47:35,154 : 하향추세 047810 한국항공우주 < 5MA 10MA
[INFO] 'chk_vobres_n_buy.py' 2026-06-02 11:47:35,154 : 하향추세 064350 현대로템 < 5MA 10MA
[INFO] 'chk_vobres_n_buy.py' 2026-06-02 11:47:35,154 : 하향추세 079550 LIG디펜스앤에어로스 < 5MA 10MA
[INFO] 'chk_vobres_n_buy.py' 2026-06-02 11:47:35,154 : 하향추세 086520 에코프로 < 5MA 10MA
[INFO] 'chk_vobres_n_buy.py' 2026-06-02 11:47:35,154 : 하향추세 096770 SK이노베이션 < 5MA 10MA
[INFO] 'chk_vobres_n_buy.py' 2026-06-02 11:47:35,154 : 하향추세 247540 에코프로비엠 < 5MA 10MA
[INFO] 'chk_vobres_n_buy.py' 2026-06-02 11:47:35,154 : 하향추세 272210 한화시스템 < 5MA 10MA
[DEBUG] 'chk_vobres_n_buy.py' 2026-06-02 11:47:35,154 : 조건검색 종목 수18
[DEBUG] 'chk_vobres_n_buy.py' 2026-06-02 11:47:36,156 : 조건검색 종목 수1
[INFO] 'chk_vobres_n_buy.py' 2026-06-02 11:47:37,168 : 하향추세 003670 포스코퓨처엠 < 5MA 10MA
[WARNING] 'chk_vobres_n_buy.py' 2026-06-02 11:47:37,169 :  Not found in last_ohlc.txt 005070 코스모신소재
[INFO] 'chk_vobres_n_buy.py' 2026-06-02 11:47:37,169 : 하향추세 005490 POSCO홀딩스 < 5MA 10MA
[INFO] 'chk_vobres_n_buy.py' 2026-06-02 11:47:37,169 : 하향추세 006400 삼성SDI < 5MA 10MA
[INFO] 'chk_vobres_n_buy.py' 2026-06-02 11:47:37,170 : 하향추세 012450 한화에어로스페이스 < 5MA 10MA
[INFO] 'chk_vobres_n_buy.py' 2026-06-02 11:47:37,170 : 하향추세 042700 한미반도체 < 5MA 10MA
[INFO] 'chk_vobres_n_buy.py' 2026-06-02 11:47:37,170 : 하향추세 047810 한국항공우주 < 5MA 10MA
[INFO] 'chk_vobres_n_buy.py' 2026-06-02 11:47:37,171 : 하향추세 064350 현대로템 < 5MA 10MA
[INFO] 'chk_vobres_n_buy.py' 2026-06-02 11:47:37,171 : 하향추세 079550 LIG디펜스앤에어로스 < 5MA 10MA
[INFO] 'chk_vobres_n_buy.py' 2026-06-02 11:47:37,171 : 하향추세 086520 에코프로 < 5MA 10MA
[INFO] 'chk_vobres_n_buy.py' 2026-06-02 11:47:37,172 : 하향추세 096770 SK이노베이션 < 5MA 10MA
[INFO] 'chk_vobres_n_buy.py' 2026-06-02 11:47:37,172 : 하향추세 247540 에코프로비엠 < 5MA 10MA
[INFO] 'chk_vobres_n_buy.py' 2026-06-02 11:47:37,172 : 하향추세 272210 한화시스템 < 5MA 10MA
[DEBUG] 'chk_vobres_n_buy.py' 2026-06-02 11:47:37,173 : 조건검색 종목 수18
[DEBUG] 'chk_vobres_n_buy.py' 2026-06-02 11:47:38,187 : 조건검색 종목 수1
[INFO] 'chk_vobres_n_buy.py' 2026-06-02 11:47:39,205 : 하향추세 003670 포스코퓨처엠 < 5MA 10MA
[WARNING] 'chk_vobres_n_buy.py' 2026-06-02 11:47:39,206 :  Not found in last_ohlc.txt 005070 코스모신소재
[INFO] 'chk_vobres_n_buy.py' 2026-06-02 11:47:39,206 : 하향추세 005490 POSCO홀딩스 < 5MA 10MA
[INFO] 'chk_vobres_n_buy.py' 2026-06-02 11:47:39,206 : 하향추세 006400 삼성SDI < 5MA 10MA
[INFO] 'chk_vobres_n_buy.py' 2026-06-02 11:47:39,206 : 하향추세 012450 한화에어로스페이스 < 5MA 10MA
[INFO] 'chk_vobres_n_buy.py' 2026-06-02 11:47:39,206 : 하향추세 042700 한미반도체 < 5MA 10MA
[INFO] 'chk_vobres_n_buy.py' 2026-06-02 11:47:39,207 : 하향추세 047810 한국항공우주 < 5MA 10MA
[INFO] 'chk_vobres_n_buy.py' 2026-06-02 11:47:39,207 : 하향추세 064350 현대로템 < 5MA 10MA
[INFO] 'chk_vobres_n_buy.py' 2026-06-02 11:47:39,207 : 하향추세 079550 LIG디펜스앤에어로스 < 5MA 10MA
[INFO] 'chk_vobres_n_buy.py' 2026-06-02 11:47:39,207 : 하향추세 086520 에코프로 < 5MA 10MA
[INFO] 'chk_vobres_n_buy.py' 2026-06-02 11:47:39,207 : 하향추세 096770 SK이노베이션 < 5MA 10MA
[INFO] 'chk_vobres_n_buy.py' 2026-06-02 11:47:39,207 : 하향추세 247540 에코프로비엠 < 5MA 10MA
[INFO] 'chk_vobres_n_buy.py' 2026-06-02 11:47:39,207 : 하향추세 272210 한화시스템 < 5MA 10MA
[DEBUG] 'chk_vobres_n_buy.py' 2026-06-02 11:47:39,208 : 조건검색 종목 수18
[INFO] 'chk_vobres_n_buy.py' 2026-06-02 11:47:41,239 : 하향추세 003670 포스코퓨처엠 < 5MA 10MA
[WARNING] 'chk_vobres_n_buy.py' 2026-06-02 11:47:41,239 :  Not found in last_ohlc.txt 005070 코스모신소재
[INFO] 'chk_vobres_n_buy.py' 2026-06-02 11:47:41,240 : 하향추세 005490 POSCO홀딩스 < 5MA 10MA
[INFO] 'chk_vobres_n_buy.py' 2026-06-02 11:47:41,240 : 하향추세 006400 삼성SDI < 5MA 10MA
[INFO] 'chk_vobres_n_buy.py' 2026-06-02 11:47:41,240 : 하향추세 012450 한화에어로스페이스 < 5MA 10MA
[INFO] 'chk_vobres_n_buy.py' 2026-06-02 11:47:41,240 : 하향추세 042700 한미반도체 < 5MA 10MA
[INFO] 'chk_vobres_n_buy.py' 2026-06-02 11:47:41,240 : 하향추세 047810 한국항공우주 < 5MA 10MA
[INFO] 'chk_vobres_n_buy.py' 2026-06-02 11:47:41,240 : 하향추세 064350 현대로템 < 5MA 10MA
[INFO] 'chk_vobres_n_buy.py' 2026-06-02 11:47:41,240 : 하향추세 079550 LIG디펜스앤에어로스 < 5MA 10MA
[INFO] 'chk_vobres_n_buy.py' 2026-06-02 11:47:41,241 : 하향추세 086520 에코프로 < 5MA 10MA
[INFO] 'chk_vobres_n_buy.py' 2026-06-02 11:47:41,241 : 하향추세 096770 SK이노베이션 < 5MA 10MA
[INFO] 'chk_vobres_n_buy.py' 2026-06-02 11:47:41,241 : 하향추세 247540 에코프로비엠 < 5MA 10MA
[INFO] 'chk_vobres_n_buy.py' 2026-06-02 11:47:41,241 : 하향추세 272210 한화시스템 < 5MA 10MA
[DEBUG] 'chk_vobres_n_buy.py' 2026-06-02 11:47:41,241 : 조건검색 종목 수18
[DEBUG] 'chk_vobres_n_buy.py' 2026-06-02 11:47:42,247 : 조건검색 종목 수1
[INFO] 'chk_vobres_n_buy.py' 2026-06-02 11:47:43,251 : 하향추세 003670 포스코퓨처엠 < 5MA 10MA
[WARNING] 'chk_vobres_n_buy.py' 2026-06-02 11:47:43,251 :  Not found in last_ohlc.txt 005070 코스모신소재
[INFO] 'chk_vobres_n_buy.py' 2026-06-02 11:47:43,251 : 하향추세 005490 POSCO홀딩스 < 5MA 10MA
[INFO] 'chk_vobres_n_buy.py' 2026-06-02 11:47:43,252 : 하향추세 006400 삼성SDI < 5MA 10MA
[INFO] 'chk_vobres_n_buy.py' 2026-06-02 11:47:43,252 : 하향추세 012450 한화에어로스페이스 < 5MA 10MA
[INFO] 'chk_vobres_n_buy.py' 2026-06-02 11:47:43,252 : 하향추세 042700 한미반도체 < 5MA 10MA
[INFO] 'chk_vobres_n_buy.py' 2026-06-02 11:47:43,252 : 하향추세 047810 한국항공우주 < 5MA 10MA
[INFO] 'chk_vobres_n_buy.py' 2026-06-02 11:47:43,252 : 하향추세 064350 현대로템 < 5MA 10MA
[INFO] 'chk_vobres_n_buy.py' 2026-06-02 11:47:43,253 : 하향추세 079550 LIG디펜스앤에어로스 < 5MA 10MA
[INFO] 'chk_vobres_n_buy.py' 2026-06-02 11:47:43,253 : 하향추세 086520 에코프로 < 5MA 10MA
[INFO] 'chk_vobres_n_buy.py' 2026-06-02 11:47:43,253 : 하향추세 096770 SK이노베이션 < 5MA 10MA
[INFO] 'chk_vobres_n_buy.py' 2026-06-02 11:47:43,253 : 하향추세 247540 에코프로비엠 < 5MA 10MA
[INFO] 'chk_vobres_n_buy.py' 2026-06-02 11:47:43,253 : 하향추세 272210 한화시스템 < 5MA 10MA
[DEBUG] 'chk_vobres_n_buy.py' 2026-06-02 11:47:43,253 : 조건검색 종목 수18
[DEBUG] 'chk_vobres_n_buy.py' 2026-06-02 11:47:44,267 : 조건검색 종목 수1
[INFO] 'chk_vobres_n_buy.py' 2026-06-02 11:47:45,283 : 하향추세 003670 포스코퓨처엠 < 5MA 10MA
[WARNING] 'chk_vobres_n_buy.py' 2026-06-02 11:47:45,284 :  Not found in last_ohlc.txt 005070 코스모신소재
[INFO] 'chk_vobres_n_buy.py' 2026-06-02 11:47:45,284 : 하향추세 005490 POSCO홀딩스 < 5MA 10MA
[INFO] 'chk_vobres_n_buy.py' 2026-06-02 11:47:45,284 : 하향추세 006400 삼성SDI < 5MA 10MA
[INFO] 'chk_vobres_n_buy.py' 2026-06-02 11:47:45,284 : 하향추세 012450 한화에어로스페이스 < 5MA 10MA
[INFO] 'chk_vobres_n_buy.py' 2026-06-02 11:47:45,284 : 하향추세 042700 한미반도체 < 5MA 10MA
[INFO] 'chk_vobres_n_buy.py' 2026-06-02 11:47:45,284 : 하향추세 047810 한국항공우주 < 5MA 10MA
[INFO] 'chk_vobres_n_buy.py' 2026-06-02 11:47:45,284 : 하향추세 064350 현대로템 < 5MA 10MA
[INFO] 'chk_vobres_n_buy.py' 2026-06-02 11:47:45,284 : 하향추세 079550 LIG디펜스앤에어로스 < 5MA 10MA
[INFO] 'chk_vobres_n_buy.py' 2026-06-02 11:47:45,284 : 하향추세 086520 에코프로 < 5MA 10MA
[INFO] 'chk_vobres_n_buy.py' 2026-06-02 11:47:45,284 : 하향추세 096770 SK이노베이션 < 5MA 10MA
[INFO] 'chk_vobres_n_buy.py' 2026-06-02 11:47:45,284 : 하향추세 247540 에코프로비엠 < 5MA 10MA
[INFO] 'chk_vobres_n_buy.py' 2026-06-02 11:47:45,285 : 하향추세 272210 한화시스템 < 5MA 10MA
[DEBUG] 'chk_vobres_n_buy.py' 2026-06-02 11:47:45,285 : 조건검색 종목 수18
[DEBUG] 'chk_vobres_n_buy.py' 2026-06-02 11:47:46,289 : 조건검색 종목 수1
[INFO] 'chk_vobres_n_buy.py' 2026-06-02 11:47:47,307 : 하향추세 003670 포스코퓨처엠 < 5MA 10MA
[WARNING] 'chk_vobres_n_buy.py' 2026-06-02 11:47:47,307 :  Not found in last_ohlc.txt 005070 코스모신소재
[INFO] 'chk_vobres_n_buy.py' 2026-06-02 11:47:47,308 : 하향추세 005490 POSCO홀딩스 < 5MA 10MA
[INFO] 'chk_vobres_n_buy.py' 2026-06-02 11:47:47,308 : 하향추세 006400 삼성SDI < 5MA 10MA
[INFO] 'chk_vobres_n_buy.py' 2026-06-02 11:47:47,308 : 하향추세 012450 한화에어로스페이스 < 5MA 10MA
[INFO] 'chk_vobres_n_buy.py' 2026-06-02 11:47:47,309 : 하향추세 042700 한미반도체 < 5MA 10MA
[INFO] 'chk_vobres_n_buy.py' 2026-06-02 11:47:47,309 : 하향추세 047810 한국항공우주 < 5MA 10MA
[INFO] 'chk_vobres_n_buy.py' 2026-06-02 11:47:47,309 : 하향추세 064350 현대로템 < 5MA 10MA
[INFO] 'chk_vobres_n_buy.py' 2026-06-02 11:47:47,310 : 하향추세 079550 LIG디펜스앤에어로스 < 5MA 10MA
[INFO] 'chk_vobres_n_buy.py' 2026-06-02 11:47:47,310 : 하향추세 086520 에코프로 < 5MA 10MA
[INFO] 'chk_vobres_n_buy.py' 2026-06-02 11:47:47,310 : 하향추세 096770 SK이노베이션 < 5MA 10MA
[INFO] 'chk_vobres_n_buy.py' 2026-06-02 11:47:47,311 : 하향추세 247540 에코프로비엠 < 5MA 10MA
[INFO] 'chk_vobres_n_buy.py' 2026-06-02 11:47:47,311 : 하향추세 272210 한화시스템 < 5MA 10MA
[DEBUG] 'chk_vobres_n_buy.py' 2026-06-02 11:47:47,311 : 조건검색 종목 수18
[DEBUG] 'chk_vobres_n_buy.py' 2026-06-02 11:47:48,324 : 조건검색 종목 수1
[INFO] 'chk_vobres_n_buy.py' 2026-06-02 11:47:49,327 : 하향추세 003670 포스코퓨처엠 < 5MA 10MA
[WARNING] 'chk_vobres_n_buy.py' 2026-06-02 11:47:49,327 :  Not found in last_ohlc.txt 005070 코스모신소재
[INFO] 'chk_vobres_n_buy.py' 2026-06-02 11:47:49,327 : 하향추세 005490 POSCO홀딩스 < 5MA 10MA
[INFO] 'chk_vobres_n_buy.py' 2026-06-02 11:47:49,327 : 하향추세 006400 삼성SDI < 5MA 10MA
[INFO] 'chk_vobres_n_buy.py' 2026-06-02 11:47:49,328 : 하향추세 012450 한화에어로스페이스 < 5MA 10MA
[INFO] 'chk_vobres_n_buy.py' 2026-06-02 11:47:49,328 : 하향추세 042700 한미반도체 < 5MA 10MA
[INFO] 'chk_vobres_n_buy.py' 2026-06-02 11:47:49,328 : 하향추세 047810 한국항공우주 < 5MA 10MA
[INFO] 'chk_vobres_n_buy.py' 2026-06-02 11:47:49,328 : 하향추세 064350 현대로템 < 5MA 10MA
[INFO] 'chk_vobres_n_buy.py' 2026-06-02 11:47:49,328 : 하향추세 079550 LIG디펜스앤에어로스 < 5MA 10MA
[INFO] 'chk_vobres_n_buy.py' 2026-06-02 11:47:49,328 : 하향추세 086520 에코프로 < 5MA 10MA
[INFO] 'chk_vobres_n_buy.py' 2026-06-02 11:47:49,328 : 하향추세 096770 SK이노베이션 < 5MA 10MA
[INFO] 'chk_vobres_n_buy.py' 2026-06-02 11:47:49,328 : 하향추세 247540 에코프로비엠 < 5MA 10MA
[INFO] 'chk_vobres_n_buy.py' 2026-06-02 11:47:49,328 : 하향추세 272210 한화시스템 < 5MA 10MA
[DEBUG] 'chk_vobres_n_buy.py' 2026-06-02 11:47:49,329 : 조건검색 종목 수18
[DEBUG] 'chk_vobres_n_buy.py' 2026-06-02 11:47:50,344 : 조건검색 종목 수1
[INFO] 'chk_vobres_n_buy.py' 2026-06-02 11:47:51,350 : 하향추세 003670 포스코퓨처엠 < 5MA 10MA
[WARNING] 'chk_vobres_n_buy.py' 2026-06-02 11:47:51,351 :  Not found in last_ohlc.txt 005070 코스모신소재
[INFO] 'chk_vobres_n_buy.py' 2026-06-02 11:47:51,352 : 하향추세 005490 POSCO홀딩스 < 5MA 10MA
[INFO] 'chk_vobres_n_buy.py' 2026-06-02 11:47:51,352 : 하향추세 006400 삼성SDI < 5MA 10MA
[INFO] 'chk_vobres_n_buy.py' 2026-06-02 11:47:51,352 : 하향추세 012450 한화에어로스페이스 < 5MA 10MA
[INFO] 'chk_vobres_n_buy.py' 2026-06-02 11:47:51,353 : 하향추세 042700 한미반도체 < 5MA 10MA
[INFO] 'chk_vobres_n_buy.py' 2026-06-02 11:47:51,353 : 하향추세 047810 한국항공우주 < 5MA 10MA
[INFO] 'chk_vobres_n_buy.py' 2026-06-02 11:47:51,353 : 하향추세 064350 현대로템 < 5MA 10MA
[INFO] 'chk_vobres_n_buy.py' 2026-06-02 11:47:51,354 : 하향추세 079550 LIG디펜스앤에어로스 < 5MA 10MA
[INFO] 'chk_vobres_n_buy.py' 2026-06-02 11:47:51,354 : 하향추세 086520 에코프로 < 5MA 10MA
[INFO] 'chk_vobres_n_buy.py' 2026-06-02 11:47:51,354 : 하향추세 096770 SK이노베이션 < 5MA 10MA
[INFO] 'chk_vobres_n_buy.py' 2026-06-02 11:47:51,355 : 하향추세 247540 에코프로비엠 < 5MA 10MA
[INFO] 'chk_vobres_n_buy.py' 2026-06-02 11:47:51,355 : 하향추세 272210 한화시스템 < 5MA 10MA
[DEBUG] 'chk_vobres_n_buy.py' 2026-06-02 11:47:51,355 : 조건검색 종목 수18
[INFO] 'chk_vobres_n_buy.py' 2026-06-02 11:47:52,358 : 하향추세 010950 S-Oil < 5MA 10MA
[DEBUG] 'chk_vobres_n_buy.py' 2026-06-02 11:47:52,359 : 조건검색 종목 수2
[INFO] 'chk_vobres_n_buy.py' 2026-06-02 11:47:53,376 : 하향추세 003670 포스코퓨처엠 < 5MA 10MA
[WARNING] 'chk_vobres_n_buy.py' 2026-06-02 11:47:53,377 :  Not found in last_ohlc.txt 005070 코스모신소재
[INFO] 'chk_vobres_n_buy.py' 2026-06-02 11:47:53,377 : 하향추세 005490 POSCO홀딩스 < 5MA 10MA
[INFO] 'chk_vobres_n_buy.py' 2026-06-02 11:47:53,378 : 하향추세 006400 삼성SDI < 5MA 10MA
[INFO] 'chk_vobres_n_buy.py' 2026-06-02 11:47:53,378 : 하향추세 012450 한화에어로스페이스 < 5MA 10MA
[INFO] 'chk_vobres_n_buy.py' 2026-06-02 11:47:53,378 : 하향추세 042700 한미반도체 < 5MA 10MA
[INFO] 'chk_vobres_n_buy.py' 2026-06-02 11:47:53,379 : 하향추세 047810 한국항공우주 < 5MA 10MA
[INFO] 'chk_vobres_n_buy.py' 2026-06-02 11:47:53,379 : 하향추세 064350 현대로템 < 5MA 10MA
[INFO] 'chk_vobres_n_buy.py' 2026-06-02 11:47:53,379 : 하향추세 079550 LIG디펜스앤에어로스 < 5MA 10MA
[INFO] 'chk_vobres_n_buy.py' 2026-06-02 11:47:53,380 : 하향추세 086520 에코프로 < 5MA 10MA
[INFO] 'chk_vobres_n_buy.py' 2026-06-02 11:47:53,381 : 하향추세 096770 SK이노베이션 < 5MA 10MA
[INFO] 'chk_vobres_n_buy.py' 2026-06-02 11:47:53,382 : 하향추세 247540 에코프로비엠 < 5MA 10MA
[INFO] 'chk_vobres_n_buy.py' 2026-06-02 11:47:53,382 : 하향추세 272210 한화시스템 < 5MA 10MA
[DEBUG] 'chk_vobres_n_buy.py' 2026-06-02 11:47:53,383 : 조건검색 종목 수18
[DEBUG] 'chk_vobres_n_buy.py' 2026-06-02 11:47:54,387 : 조건검색 종목 수1
[INFO] 'chk_vobres_n_buy.py' 2026-06-02 11:47:55,396 : 하향추세 003670 포스코퓨처엠 < 5MA 10MA
[WARNING] 'chk_vobres_n_buy.py' 2026-06-02 11:47:55,396 :  Not found in last_ohlc.txt 005070 코스모신소재
[INFO] 'chk_vobres_n_buy.py' 2026-06-02 11:47:55,396 : 하향추세 005490 POSCO홀딩스 < 5MA 10MA
[INFO] 'chk_vobres_n_buy.py' 2026-06-02 11:47:55,396 : 하향추세 006400 삼성SDI < 5MA 10MA
[INFO] 'chk_vobres_n_buy.py' 2026-06-02 11:47:55,397 : 하향추세 012450 한화에어로스페이스 < 5MA 10MA
[INFO] 'chk_vobres_n_buy.py' 2026-06-02 11:47:55,397 : 하향추세 042700 한미반도체 < 5MA 10MA
[INFO] 'chk_vobres_n_buy.py' 2026-06-02 11:47:55,397 : 하향추세 047810 한국항공우주 < 5MA 10MA
[INFO] 'chk_vobres_n_buy.py' 2026-06-02 11:47:55,397 : 하향추세 064350 현대로템 < 5MA 10MA
[INFO] 'chk_vobres_n_buy.py' 2026-06-02 11:47:55,397 : 하향추세 079550 LIG디펜스앤에어로스 < 5MA 10MA
[INFO] 'chk_vobres_n_buy.py' 2026-06-02 11:47:55,397 : 하향추세 086520 에코프로 < 5MA 10MA
[INFO] 'chk_vobres_n_buy.py' 2026-06-02 11:47:55,397 : 하향추세 096770 SK이노베이션 < 5MA 10MA
[INFO] 'chk_vobres_n_buy.py' 2026-06-02 11:47:55,398 : 하향추세 247540 에코프로비엠 < 5MA 10MA
[INFO] 'chk_vobres_n_buy.py' 2026-06-02 11:47:55,398 : 하향추세 272210 한화시스템 < 5MA 10MA
[DEBUG] 'chk_vobres_n_buy.py' 2026-06-02 11:47:55,398 : 조건검색 종목 수18
[DEBUG] 'chk_vobres_n_buy.py' 2026-06-02 11:47:56,401 : 조건검색 종목 수1
[INFO] 'chk_vobres_n_buy.py' 2026-06-02 11:47:57,418 : 하향추세 003670 포스코퓨처엠 < 5MA 10MA
[WARNING] 'chk_vobres_n_buy.py' 2026-06-02 11:47:57,419 :  Not found in last_ohlc.txt 005070 코스모신소재
[INFO] 'chk_vobres_n_buy.py' 2026-06-02 11:47:57,419 : 하향추세 005490 POSCO홀딩스 < 5MA 10MA
[INFO] 'chk_vobres_n_buy.py' 2026-06-02 11:47:57,419 : 하향추세 006400 삼성SDI < 5MA 10MA
[INFO] 'chk_vobres_n_buy.py' 2026-06-02 11:47:57,419 : 하향추세 012450 한화에어로스페이스 < 5MA 10MA
[INFO] 'chk_vobres_n_buy.py' 2026-06-02 11:47:57,420 : 하향추세 042700 한미반도체 < 5MA 10MA
[INFO] 'chk_vobres_n_buy.py' 2026-06-02 11:47:57,420 : 하향추세 047810 한국항공우주 < 5MA 10MA
[INFO] 'chk_vobres_n_buy.py' 2026-06-02 11:47:57,420 : 하향추세 064350 현대로템 < 5MA 10MA
[INFO] 'chk_vobres_n_buy.py' 2026-06-02 11:47:57,420 : 하향추세 079550 LIG디펜스앤에어로스 < 5MA 10MA
[INFO] 'chk_vobres_n_buy.py' 2026-06-02 11:47:57,420 : 하향추세 086520 에코프로 < 5MA 10MA
[INFO] 'chk_vobres_n_buy.py' 2026-06-02 11:47:57,420 : 하향추세 096770 SK이노베이션 < 5MA 10MA
[INFO] 'chk_vobres_n_buy.py' 2026-06-02 11:47:57,420 : 하향추세 247540 에코프로비엠 < 5MA 10MA
[INFO] 'chk_vobres_n_buy.py' 2026-06-02 11:47:57,421 : 하향추세 272210 한화시스템 < 5MA 10MA
[DEBUG] 'chk_vobres_n_buy.py' 2026-06-02 11:47:57,421 : 조건검색 종목 수18
[DEBUG] 'chk_vobres_n_buy.py' 2026-06-02 11:47:58,426 : 조건검색 종목 수1
[INFO] 'chk_vobres_n_buy.py' 2026-06-02 11:47:59,443 : 하향추세 003670 포스코퓨처엠 < 5MA 10MA
[WARNING] 'chk_vobres_n_buy.py' 2026-06-02 11:47:59,444 :  Not found in last_ohlc.txt 005070 코스모신소재
[INFO] 'chk_vobres_n_buy.py' 2026-06-02 11:47:59,445 : 하향추세 005490 POSCO홀딩스 < 5MA 10MA
[INFO] 'chk_vobres_n_buy.py' 2026-06-02 11:47:59,445 : 하향추세 006400 삼성SDI < 5MA 10MA
[INFO] 'chk_vobres_n_buy.py' 2026-06-02 11:47:59,445 : 하향추세 012450 한화에어로스페이스 < 5MA 10MA
[INFO] 'chk_vobres_n_buy.py' 2026-06-02 11:47:59,445 : 하향추세 042700 한미반도체 < 5MA 10MA
[INFO] 'chk_vobres_n_buy.py' 2026-06-02 11:47:59,445 : 하향추세 047810 한국항공우주 < 5MA 10MA
[INFO] 'chk_vobres_n_buy.py' 2026-06-02 11:47:59,446 : 하향추세 064350 현대로템 < 5MA 10MA
[INFO] 'chk_vobres_n_buy.py' 2026-06-02 11:47:59,447 : 하향추세 079550 LIG디펜스앤에어로스 < 5MA 10MA
[INFO] 'chk_vobres_n_buy.py' 2026-06-02 11:47:59,447 : 하향추세 086520 에코프로 < 5MA 10MA
[INFO] 'chk_vobres_n_buy.py' 2026-06-02 11:47:59,447 : 하향추세 096770 SK이노베이션 < 5MA 10MA
[INFO] 'chk_vobres_n_buy.py' 2026-06-02 11:47:59,448 : 하향추세 247540 에코프로비엠 < 5MA 10MA
[INFO] 'chk_vobres_n_buy.py' 2026-06-02 11:47:59,450 : 하향추세 272210 한화시스템 < 5MA 10MA
[DEBUG] 'chk_vobres_n_buy.py' 2026-06-02 11:47:59,450 : 조건검색 종목 수18
[DEBUG] 'chk_vobres_n_buy.py' 2026-06-02 11:48:00,466 : 조건검색 종목 수1
[INFO] 'chk_vobres_n_buy.py' 2026-06-02 11:48:01,484 : 하향추세 003670 포스코퓨처엠 < 5MA 10MA
[WARNING] 'chk_vobres_n_buy.py' 2026-06-02 11:48:01,485 :  Not found in last_ohlc.txt 005070 코스모신소재
[INFO] 'chk_vobres_n_buy.py' 2026-06-02 11:48:01,485 : 하향추세 005490 POSCO홀딩스 < 5MA 10MA
[INFO] 'chk_vobres_n_buy.py' 2026-06-02 11:48:01,486 : 하향추세 006400 삼성SDI < 5MA 10MA
[INFO] 'chk_vobres_n_buy.py' 2026-06-02 11:48:01,486 : 하향추세 012450 한화에어로스페이스 < 5MA 10MA
[INFO] 'chk_vobres_n_buy.py' 2026-06-02 11:48:01,486 : 하향추세 042700 한미반도체 < 5MA 10MA
[INFO] 'chk_vobres_n_buy.py' 2026-06-02 11:48:01,487 : 하향추세 047810 한국항공우주 < 5MA 10MA
[INFO] 'chk_vobres_n_buy.py' 2026-06-02 11:48:01,487 : 하향추세 064350 현대로템 < 5MA 10MA
[INFO] 'chk_vobres_n_buy.py' 2026-06-02 11:48:01,487 : 하향추세 079550 LIG디펜스앤에어로스 < 5MA 10MA
[INFO] 'chk_vobres_n_buy.py' 2026-06-02 11:48:01,488 : 하향추세 086520 에코프로 < 5MA 10MA
[INFO] 'chk_vobres_n_buy.py' 2026-06-02 11:48:01,488 : 하향추세 096770 SK이노베이션 < 5MA 10MA
[INFO] 'chk_vobres_n_buy.py' 2026-06-02 11:48:01,488 : 하향추세 247540 에코프로비엠 < 5MA 10MA
[INFO] 'chk_vobres_n_buy.py' 2026-06-02 11:48:01,489 : 하향추세 272210 한화시스템 < 5MA 10MA
[DEBUG] 'chk_vobres_n_buy.py' 2026-06-02 11:48:01,489 : 조건검색 종목 수18
[DEBUG] 'chk_vobres_n_buy.py' 2026-06-02 11:48:02,504 : 조건검색 종목 수2
[INFO] 'chk_vobres_n_buy.py' 2026-06-02 11:48:03,508 : 하향추세 003670 포스코퓨처엠 < 5MA 10MA
[WARNING] 'chk_vobres_n_buy.py' 2026-06-02 11:48:03,509 :  Not found in last_ohlc.txt 005070 코스모신소재
[INFO] 'chk_vobres_n_buy.py' 2026-06-02 11:48:03,509 : 하향추세 005490 POSCO홀딩스 < 5MA 10MA
[INFO] 'chk_vobres_n_buy.py' 2026-06-02 11:48:03,510 : 하향추세 006400 삼성SDI < 5MA 10MA
[INFO] 'chk_vobres_n_buy.py' 2026-06-02 11:48:03,510 : 하향추세 012450 한화에어로스페이스 < 5MA 10MA
[INFO] 'chk_vobres_n_buy.py' 2026-06-02 11:48:03,510 : 하향추세 042700 한미반도체 < 5MA 10MA
[INFO] 'chk_vobres_n_buy.py' 2026-06-02 11:48:03,511 : 하향추세 047810 한국항공우주 < 5MA 10MA
[INFO] 'chk_vobres_n_buy.py' 2026-06-02 11:48:03,511 : 하향추세 064350 현대로템 < 5MA 10MA
[INFO] 'chk_vobres_n_buy.py' 2026-06-02 11:48:03,512 : 하향추세 079550 LIG디펜스앤에어로스 < 5MA 10MA
[INFO] 'chk_vobres_n_buy.py' 2026-06-02 11:48:03,512 : 하향추세 086520 에코프로 < 5MA 10MA
[INFO] 'chk_vobres_n_buy.py' 2026-06-02 11:48:03,512 : 하향추세 096770 SK이노베이션 < 5MA 10MA
[INFO] 'chk_vobres_n_buy.py' 2026-06-02 11:48:03,513 : 하향추세 247540 에코프로비엠 < 5MA 10MA
[INFO] 'chk_vobres_n_buy.py' 2026-06-02 11:48:03,513 : 하향추세 272210 한화시스템 < 5MA 10MA
[DEBUG] 'chk_vobres_n_buy.py' 2026-06-02 11:48:03,513 : 조건검색 종목 수18
[DEBUG] 'chk_vobres_n_buy.py' 2026-06-02 11:48:04,519 : 조건검색 종목 수2
[INFO] 'chk_vobres_n_buy.py' 2026-06-02 11:48:05,535 : 하향추세 003670 포스코퓨처엠 < 5MA 10MA
[WARNING] 'chk_vobres_n_buy.py' 2026-06-02 11:48:05,535 :  Not found in last_ohlc.txt 005070 코스모신소재
[INFO] 'chk_vobres_n_buy.py' 2026-06-02 11:48:05,535 : 하향추세 005490 POSCO홀딩스 < 5MA 10MA
[INFO] 'chk_vobres_n_buy.py' 2026-06-02 11:48:05,535 : 하향추세 006400 삼성SDI < 5MA 10MA
[INFO] 'chk_vobres_n_buy.py' 2026-06-02 11:48:05,535 : 하향추세 012450 한화에어로스페이스 < 5MA 10MA
[INFO] 'chk_vobres_n_buy.py' 2026-06-02 11:48:05,535 : 하향추세 042700 한미반도체 < 5MA 10MA
[INFO] 'chk_vobres_n_buy.py' 2026-06-02 11:48:05,535 : 하향추세 047810 한국항공우주 < 5MA 10MA
[INFO] 'chk_vobres_n_buy.py' 2026-06-02 11:48:05,535 : 하향추세 064350 현대로템 < 5MA 10MA
[INFO] 'chk_vobres_n_buy.py' 2026-06-02 11:48:05,535 : 하향추세 079550 LIG디펜스앤에어로스 < 5MA 10MA
[INFO] 'chk_vobres_n_buy.py' 2026-06-02 11:48:05,535 : 하향추세 086520 에코프로 < 5MA 10MA
[INFO] 'chk_vobres_n_buy.py' 2026-06-02 11:48:05,536 : 하향추세 096770 SK이노베이션 < 5MA 10MA
[INFO] 'chk_vobres_n_buy.py' 2026-06-02 11:48:05,536 : 하향추세 247540 에코프로비엠 < 5MA 10MA
[INFO] 'chk_vobres_n_buy.py' 2026-06-02 11:48:05,536 : 하향추세 272210 한화시스템 < 5MA 10MA
[DEBUG] 'chk_vobres_n_buy.py' 2026-06-02 11:48:05,536 : 조건검색 종목 수18
[DEBUG] 'chk_vobres_n_buy.py' 2026-06-02 11:48:06,555 : 조건검색 종목 수1
[INFO] 'chk_vobres_n_buy.py' 2026-06-02 11:48:07,560 : 하향추세 003670 포스코퓨처엠 < 5MA 10MA
[WARNING] 'chk_vobres_n_buy.py' 2026-06-02 11:48:07,560 :  Not found in last_ohlc.txt 005070 코스모신소재
[INFO] 'chk_vobres_n_buy.py' 2026-06-02 11:48:07,561 : 하향추세 005490 POSCO홀딩스 < 5MA 10MA
[INFO] 'chk_vobres_n_buy.py' 2026-06-02 11:48:07,561 : 하향추세 006400 삼성SDI < 5MA 10MA
[INFO] 'chk_vobres_n_buy.py' 2026-06-02 11:48:07,561 : 하향추세 012450 한화에어로스페이스 < 5MA 10MA
[INFO] 'chk_vobres_n_buy.py' 2026-06-02 11:48:07,562 : 하향추세 042700 한미반도체 < 5MA 10MA
[INFO] 'chk_vobres_n_buy.py' 2026-06-02 11:48:07,562 : 하향추세 047810 한국항공우주 < 5MA 10MA
[INFO] 'chk_vobres_n_buy.py' 2026-06-02 11:48:07,563 : 하향추세 064350 현대로템 < 5MA 10MA
[INFO] 'chk_vobres_n_buy.py' 2026-06-02 11:48:07,563 : 하향추세 079550 LIG디펜스앤에어로스 < 5MA 10MA
[INFO] 'chk_vobres_n_buy.py' 2026-06-02 11:48:07,563 : 하향추세 086520 에코프로 < 5MA 10MA
[INFO] 'chk_vobres_n_buy.py' 2026-06-02 11:48:07,564 : 하향추세 096770 SK이노베이션 < 5MA 10MA
[INFO] 'chk_vobres_n_buy.py' 2026-06-02 11:48:07,566 : 하향추세 247540 에코프로비엠 < 5MA 10MA
[INFO] 'chk_vobres_n_buy.py' 2026-06-02 11:48:07,566 : 하향추세 272210 한화시스템 < 5MA 10MA
[DEBUG] 'chk_vobres_n_buy.py' 2026-06-02 11:48:07,566 : 조건검색 종목 수18
[INFO] 'chk_vobres_n_buy.py' 2026-06-02 11:48:08,582 : 하향추세 010950 S-Oil < 5MA 10MA
[DEBUG] 'chk_vobres_n_buy.py' 2026-06-02 11:48:08,583 : 조건검색 종목 수2
[INFO] 'chk_vobres_n_buy.py' 2026-06-02 11:48:09,588 : 하향추세 003670 포스코퓨처엠 < 5MA 10MA
[WARNING] 'chk_vobres_n_buy.py' 2026-06-02 11:48:09,588 :  Not found in last_ohlc.txt 005070 코스모신소재
[INFO] 'chk_vobres_n_buy.py' 2026-06-02 11:48:09,589 : 하향추세 005490 POSCO홀딩스 < 5MA 10MA
[INFO] 'chk_vobres_n_buy.py' 2026-06-02 11:48:09,589 : 하향추세 006400 삼성SDI < 5MA 10MA
[INFO] 'chk_vobres_n_buy.py' 2026-06-02 11:48:09,590 : 하향추세 012450 한화에어로스페이스 < 5MA 10MA
[INFO] 'chk_vobres_n_buy.py' 2026-06-02 11:48:09,590 : 하향추세 042700 한미반도체 < 5MA 10MA
[INFO] 'chk_vobres_n_buy.py' 2026-06-02 11:48:09,590 : 하향추세 047810 한국항공우주 < 5MA 10MA
[INFO] 'chk_vobres_n_buy.py' 2026-06-02 11:48:09,591 : 하향추세 064350 현대로템 < 5MA 10MA
[INFO] 'chk_vobres_n_buy.py' 2026-06-02 11:48:09,591 : 하향추세 079550 LIG디펜스앤에어로스 < 5MA 10MA
[INFO] 'chk_vobres_n_buy.py' 2026-06-02 11:48:09,592 : 하향추세 086520 에코프로 < 5MA 10MA
[INFO] 'chk_vobres_n_buy.py' 2026-06-02 11:48:09,592 : 하향추세 096770 SK이노베이션 < 5MA 10MA
[INFO] 'chk_vobres_n_buy.py' 2026-06-02 11:48:09,592 : 하향추세 247540 에코프로비엠 < 5MA 10MA
[INFO] 'chk_vobres_n_buy.py' 2026-06-02 11:48:09,592 : 하향추세 272210 한화시스템 < 5MA 10MA
[DEBUG] 'chk_vobres_n_buy.py' 2026-06-02 11:48:09,593 : 조건검색 종목 수18
[INFO] 'chk_vobres_n_buy.py' 2026-06-02 11:48:10,610 : 하향추세 010950 S-Oil < 5MA 10MA
[DEBUG] 'chk_vobres_n_buy.py' 2026-06-02 11:48:10,610 : 조건검색 종목 수3
[INFO] 'chk_vobres_n_buy.py' 2026-06-02 11:48:11,626 : 하향추세 003670 포스코퓨처엠 < 5MA 10MA
[WARNING] 'chk_vobres_n_buy.py' 2026-06-02 11:48:11,627 :  Not found in last_ohlc.txt 005070 코스모신소재
[INFO] 'chk_vobres_n_buy.py' 2026-06-02 11:48:11,627 : 하향추세 005490 POSCO홀딩스 < 5MA 10MA
[INFO] 'chk_vobres_n_buy.py' 2026-06-02 11:48:11,627 : 하향추세 006400 삼성SDI < 5MA 10MA
[INFO] 'chk_vobres_n_buy.py' 2026-06-02 11:48:11,628 : 하향추세 012450 한화에어로스페이스 < 5MA 10MA
[INFO] 'chk_vobres_n_buy.py' 2026-06-02 11:48:11,628 : 하향추세 042700 한미반도체 < 5MA 10MA
[INFO] 'chk_vobres_n_buy.py' 2026-06-02 11:48:11,628 : 하향추세 047810 한국항공우주 < 5MA 10MA
[INFO] 'chk_vobres_n_buy.py' 2026-06-02 11:48:11,629 : 하향추세 064350 현대로템 < 5MA 10MA
[INFO] 'chk_vobres_n_buy.py' 2026-06-02 11:48:11,629 : 하향추세 079550 LIG디펜스앤에어로스 < 5MA 10MA
[INFO] 'chk_vobres_n_buy.py' 2026-06-02 11:48:11,629 : 하향추세 086520 에코프로 < 5MA 10MA
[INFO] 'chk_vobres_n_buy.py' 2026-06-02 11:48:11,630 : 하향추세 096770 SK이노베이션 < 5MA 10MA
[INFO] 'chk_vobres_n_buy.py' 2026-06-02 11:48:11,630 : 하향추세 247540 에코프로비엠 < 5MA 10MA
[INFO] 'chk_vobres_n_buy.py' 2026-06-02 11:48:11,630 : 하향추세 272210 한화시스템 < 5MA 10MA
[DEBUG] 'chk_vobres_n_buy.py' 2026-06-02 11:48:11,631 : 조건검색 종목 수18
[INFO] 'chk_vobres_n_buy.py' 2026-06-02 11:48:12,650 : 하향추세 010950 S-Oil < 5MA 10MA
[DEBUG] 'chk_vobres_n_buy.py' 2026-06-02 11:48:12,650 : 조건검색 종목 수3
[INFO] 'chk_vobres_n_buy.py' 2026-06-02 11:48:13,661 : 하향추세 003670 포스코퓨처엠 < 5MA 10MA
[WARNING] 'chk_vobres_n_buy.py' 2026-06-02 11:48:13,661 :  Not found in last_ohlc.txt 005070 코스모신소재
[INFO] 'chk_vobres_n_buy.py' 2026-06-02 11:48:13,661 : 하향추세 005490 POSCO홀딩스 < 5MA 10MA
[INFO] 'chk_vobres_n_buy.py' 2026-06-02 11:48:13,662 : 하향추세 006400 삼성SDI < 5MA 10MA
[INFO] 'chk_vobres_n_buy.py' 2026-06-02 11:48:13,662 : 하향추세 012450 한화에어로스페이스 < 5MA 10MA
[INFO] 'chk_vobres_n_buy.py' 2026-06-02 11:48:13,662 : 하향추세 042700 한미반도체 < 5MA 10MA
[INFO] 'chk_vobres_n_buy.py' 2026-06-02 11:48:13,663 : 하향추세 047810 한국항공우주 < 5MA 10MA
[INFO] 'chk_vobres_n_buy.py' 2026-06-02 11:48:13,663 : 하향추세 064350 현대로템 < 5MA 10MA
[INFO] 'chk_vobres_n_buy.py' 2026-06-02 11:48:13,664 : 하향추세 079550 LIG디펜스앤에어로스 < 5MA 10MA
[INFO] 'chk_vobres_n_buy.py' 2026-06-02 11:48:13,664 : 하향추세 086520 에코프로 < 5MA 10MA
[INFO] 'chk_vobres_n_buy.py' 2026-06-02 11:48:13,664 : 하향추세 096770 SK이노베이션 < 5MA 10MA
[INFO] 'chk_vobres_n_buy.py' 2026-06-02 11:48:13,665 : 하향추세 247540 에코프로비엠 < 5MA 10MA
[INFO] 'chk_vobres_n_buy.py' 2026-06-02 11:48:13,665 : 하향추세 272210 한화시스템 < 5MA 10MA
[DEBUG] 'chk_vobres_n_buy.py' 2026-06-02 11:48:13,665 : 조건검색 종목 수18
[INFO] 'chk_vobres_n_buy.py' 2026-06-02 11:48:14,679 : 하향추세 010950 S-Oil < 5MA 10MA
[DEBUG] 'chk_vobres_n_buy.py' 2026-06-02 11:48:14,680 : 조건검색 종목 수2
[INFO] 'chk_vobres_n_buy.py' 2026-06-02 11:48:15,687 : 하향추세 003670 포스코퓨처엠 < 5MA 10MA
[WARNING] 'chk_vobres_n_buy.py' 2026-06-02 11:48:15,688 :  Not found in last_ohlc.txt 005070 코스모신소재
[INFO] 'chk_vobres_n_buy.py' 2026-06-02 11:48:15,688 : 하향추세 005490 POSCO홀딩스 < 5MA 10MA
[INFO] 'chk_vobres_n_buy.py' 2026-06-02 11:48:15,689 : 하향추세 006400 삼성SDI < 5MA 10MA
[INFO] 'chk_vobres_n_buy.py' 2026-06-02 11:48:15,689 : 하향추세 012450 한화에어로스페이스 < 5MA 10MA
[INFO] 'chk_vobres_n_buy.py' 2026-06-02 11:48:15,689 : 하향추세 042700 한미반도체 < 5MA 10MA
[INFO] 'chk_vobres_n_buy.py' 2026-06-02 11:48:15,690 : 하향추세 047810 한국항공우주 < 5MA 10MA
[INFO] 'chk_vobres_n_buy.py' 2026-06-02 11:48:15,690 : 하향추세 064350 현대로템 < 5MA 10MA
[INFO] 'chk_vobres_n_buy.py' 2026-06-02 11:48:15,690 : 하향추세 079550 LIG디펜스앤에어로스 < 5MA 10MA
[INFO] 'chk_vobres_n_buy.py' 2026-06-02 11:48:15,691 : 하향추세 086520 에코프로 < 5MA 10MA
[INFO] 'chk_vobres_n_buy.py' 2026-06-02 11:48:15,691 : 하향추세 096770 SK이노베이션 < 5MA 10MA
[INFO] 'chk_vobres_n_buy.py' 2026-06-02 11:48:15,691 : 하향추세 247540 에코프로비엠 < 5MA 10MA
[INFO] 'chk_vobres_n_buy.py' 2026-06-02 11:48:15,692 : 하향추세 272210 한화시스템 < 5MA 10MA
[DEBUG] 'chk_vobres_n_buy.py' 2026-06-02 11:48:15,692 : 조건검색 종목 수18
[INFO] 'chk_vobres_n_buy.py' 2026-06-02 11:48:16,704 : 하향추세 010950 S-Oil < 5MA 10MA
[DEBUG] 'chk_vobres_n_buy.py' 2026-06-02 11:48:16,705 : 조건검색 종목 수2
[INFO] 'chk_vobres_n_buy.py' 2026-06-02 11:48:17,711 : 하향추세 003670 포스코퓨처엠 < 5MA 10MA
[WARNING] 'chk_vobres_n_buy.py' 2026-06-02 11:48:17,712 :  Not found in last_ohlc.txt 005070 코스모신소재
[INFO] 'chk_vobres_n_buy.py' 2026-06-02 11:48:17,712 : 하향추세 005490 POSCO홀딩스 < 5MA 10MA
[INFO] 'chk_vobres_n_buy.py' 2026-06-02 11:48:17,713 : 하향추세 006400 삼성SDI < 5MA 10MA
[INFO] 'chk_vobres_n_buy.py' 2026-06-02 11:48:17,713 : 하향추세 012450 한화에어로스페이스 < 5MA 10MA
[INFO] 'chk_vobres_n_buy.py' 2026-06-02 11:48:17,714 : 하향추세 042700 한미반도체 < 5MA 10MA
[INFO] 'chk_vobres_n_buy.py' 2026-06-02 11:48:17,714 : 하향추세 047810 한국항공우주 < 5MA 10MA
[INFO] 'chk_vobres_n_buy.py' 2026-06-02 11:48:17,714 : 하향추세 064350 현대로템 < 5MA 10MA
[INFO] 'chk_vobres_n_buy.py' 2026-06-02 11:48:17,715 : 하향추세 079550 LIG디펜스앤에어로스 < 5MA 10MA
[INFO] 'chk_vobres_n_buy.py' 2026-06-02 11:48:17,715 : 하향추세 086520 에코프로 < 5MA 10MA
[INFO] 'chk_vobres_n_buy.py' 2026-06-02 11:48:17,715 : 하향추세 096770 SK이노베이션 < 5MA 10MA
[INFO] 'chk_vobres_n_buy.py' 2026-06-02 11:48:17,716 : 하향추세 247540 에코프로비엠 < 5MA 10MA
[INFO] 'chk_vobres_n_buy.py' 2026-06-02 11:48:17,716 : 하향추세 272210 한화시스템 < 5MA 10MA
[DEBUG] 'chk_vobres_n_buy.py' 2026-06-02 11:48:17,716 : 조건검색 종목 수18
[INFO] 'chk_vobres_n_buy.py' 2026-06-02 11:48:18,735 : 하향추세 010950 S-Oil < 5MA 10MA
[DEBUG] 'chk_vobres_n_buy.py' 2026-06-02 11:48:18,735 : 조건검색 종목 수2
[INFO] 'chk_vobres_n_buy.py' 2026-06-02 11:48:19,754 : 하향추세 003670 포스코퓨처엠 < 5MA 10MA
[WARNING] 'chk_vobres_n_buy.py' 2026-06-02 11:48:19,754 :  Not found in last_ohlc.txt 005070 코스모신소재
[INFO] 'chk_vobres_n_buy.py' 2026-06-02 11:48:19,755 : 하향추세 005490 POSCO홀딩스 < 5MA 10MA
[INFO] 'chk_vobres_n_buy.py' 2026-06-02 11:48:19,755 : 하향추세 006400 삼성SDI < 5MA 10MA
[INFO] 'chk_vobres_n_buy.py' 2026-06-02 11:48:19,755 : 하향추세 012450 한화에어로스페이스 < 5MA 10MA
[INFO] 'chk_vobres_n_buy.py' 2026-06-02 11:48:19,756 : 하향추세 042700 한미반도체 < 5MA 10MA
[INFO] 'chk_vobres_n_buy.py' 2026-06-02 11:48:19,757 : 하향추세 047810 한국항공우주 < 5MA 10MA
[INFO] 'chk_vobres_n_buy.py' 2026-06-02 11:48:19,758 : 하향추세 064350 현대로템 < 5MA 10MA
[INFO] 'chk_vobres_n_buy.py' 2026-06-02 11:48:19,758 : 하향추세 079550 LIG디펜스앤에어로스 < 5MA 10MA
[INFO] 'chk_vobres_n_buy.py' 2026-06-02 11:48:19,759 : 하향추세 086520 에코프로 < 5MA 10MA
[INFO] 'chk_vobres_n_buy.py' 2026-06-02 11:48:19,759 : 하향추세 096770 SK이노베이션 < 5MA 10MA
[INFO] 'chk_vobres_n_buy.py' 2026-06-02 11:48:19,759 : 하향추세 247540 에코프로비엠 < 5MA 10MA
[INFO] 'chk_vobres_n_buy.py' 2026-06-02 11:48:19,759 : 하향추세 272210 한화시스템 < 5MA 10MA
[DEBUG] 'chk_vobres_n_buy.py' 2026-06-02 11:48:19,760 : 조건검색 종목 수18
[INFO] 'chk_vobres_n_buy.py' 2026-06-02 11:48:20,776 : 하향추세 010950 S-Oil < 5MA 10MA
[DEBUG] 'chk_vobres_n_buy.py' 2026-06-02 11:48:20,776 : 조건검색 종목 수2
[INFO] 'chk_vobres_n_buy.py' 2026-06-02 11:48:21,795 : 하향추세 003670 포스코퓨처엠 < 5MA 10MA
[WARNING] 'chk_vobres_n_buy.py' 2026-06-02 11:48:21,796 :  Not found in last_ohlc.txt 005070 코스모신소재
[INFO] 'chk_vobres_n_buy.py' 2026-06-02 11:48:21,796 : 하향추세 005490 POSCO홀딩스 < 5MA 10MA
[INFO] 'chk_vobres_n_buy.py' 2026-06-02 11:48:21,797 : 하향추세 006400 삼성SDI < 5MA 10MA
[INFO] 'chk_vobres_n_buy.py' 2026-06-02 11:48:21,797 : 하향추세 012450 한화에어로스페이스 < 5MA 10MA
[INFO] 'chk_vobres_n_buy.py' 2026-06-02 11:48:21,797 : 하향추세 042700 한미반도체 < 5MA 10MA
[INFO] 'chk_vobres_n_buy.py' 2026-06-02 11:48:21,798 : 하향추세 047810 한국항공우주 < 5MA 10MA
[INFO] 'chk_vobres_n_buy.py' 2026-06-02 11:48:21,798 : 하향추세 064350 현대로템 < 5MA 10MA
[INFO] 'chk_vobres_n_buy.py' 2026-06-02 11:48:21,798 : 하향추세 079550 LIG디펜스앤에어로스 < 5MA 10MA
[INFO] 'chk_vobres_n_buy.py' 2026-06-02 11:48:21,799 : 하향추세 086520 에코프로 < 5MA 10MA
[INFO] 'chk_vobres_n_buy.py' 2026-06-02 11:48:21,799 : 하향추세 096770 SK이노베이션 < 5MA 10MA
[INFO] 'chk_vobres_n_buy.py' 2026-06-02 11:48:21,799 : 하향추세 247540 에코프로비엠 < 5MA 10MA
[INFO] 'chk_vobres_n_buy.py' 2026-06-02 11:48:21,799 : 하향추세 272210 한화시스템 < 5MA 10MA
[DEBUG] 'chk_vobres_n_buy.py' 2026-06-02 11:48:21,800 : 조건검색 종목 수18
[INFO] 'chk_vobres_n_buy.py' 2026-06-02 11:48:22,805 : 하향추세 010950 S-Oil < 5MA 10MA
[DEBUG] 'chk_vobres_n_buy.py' 2026-06-02 11:48:22,805 : 조건검색 종목 수3
[INFO] 'chk_vobres_n_buy.py' 2026-06-02 11:48:23,814 : 하향추세 003670 포스코퓨처엠 < 5MA 10MA
[WARNING] 'chk_vobres_n_buy.py' 2026-06-02 11:48:23,814 :  Not found in last_ohlc.txt 005070 코스모신소재
[INFO] 'chk_vobres_n_buy.py' 2026-06-02 11:48:23,815 : 하향추세 005490 POSCO홀딩스 < 5MA 10MA
[INFO] 'chk_vobres_n_buy.py' 2026-06-02 11:48:23,815 : 하향추세 006400 삼성SDI < 5MA 10MA
[INFO] 'chk_vobres_n_buy.py' 2026-06-02 11:48:23,815 : 하향추세 012450 한화에어로스페이스 < 5MA 10MA
[INFO] 'chk_vobres_n_buy.py' 2026-06-02 11:48:23,816 : 하향추세 042700 한미반도체 < 5MA 10MA
[INFO] 'chk_vobres_n_buy.py' 2026-06-02 11:48:23,816 : 하향추세 047810 한국항공우주 < 5MA 10MA
[INFO] 'chk_vobres_n_buy.py' 2026-06-02 11:48:23,816 : 하향추세 064350 현대로템 < 5MA 10MA
[INFO] 'chk_vobres_n_buy.py' 2026-06-02 11:48:23,817 : 하향추세 079550 LIG디펜스앤에어로스 < 5MA 10MA
[INFO] 'chk_vobres_n_buy.py' 2026-06-02 11:48:23,817 : 하향추세 086520 에코프로 < 5MA 10MA
[INFO] 'chk_vobres_n_buy.py' 2026-06-02 11:48:23,817 : 하향추세 096770 SK이노베이션 < 5MA 10MA
[INFO] 'chk_vobres_n_buy.py' 2026-06-02 11:48:23,818 : 하향추세 247540 에코프로비엠 < 5MA 10MA
[INFO] 'chk_vobres_n_buy.py' 2026-06-02 11:48:23,818 : 하향추세 272210 한화시스템 < 5MA 10MA
[DEBUG] 'chk_vobres_n_buy.py' 2026-06-02 11:48:23,818 : 조건검색 종목 수18
[INFO] 'chk_vobres_n_buy.py' 2026-06-02 11:48:24,833 : 하향추세 010950 S-Oil < 5MA 10MA
[DEBUG] 'chk_vobres_n_buy.py' 2026-06-02 11:48:24,833 : 조건검색 종목 수2
[INFO] 'chk_vobres_n_buy.py' 2026-06-02 11:48:25,841 : 하향추세 003670 포스코퓨처엠 < 5MA 10MA
[WARNING] 'chk_vobres_n_buy.py' 2026-06-02 11:48:25,842 :  Not found in last_ohlc.txt 005070 코스모신소재
[INFO] 'chk_vobres_n_buy.py' 2026-06-02 11:48:25,842 : 하향추세 005490 POSCO홀딩스 < 5MA 10MA
[INFO] 'chk_vobres_n_buy.py' 2026-06-02 11:48:25,842 : 하향추세 006400 삼성SDI < 5MA 10MA
[INFO] 'chk_vobres_n_buy.py' 2026-06-02 11:48:25,842 : 하향추세 012450 한화에어로스페이스 < 5MA 10MA
[INFO] 'chk_vobres_n_buy.py' 2026-06-02 11:48:25,842 : 하향추세 042700 한미반도체 < 5MA 10MA
[INFO] 'chk_vobres_n_buy.py' 2026-06-02 11:48:25,842 : 하향추세 047810 한국항공우주 < 5MA 10MA
[INFO] 'chk_vobres_n_buy.py' 2026-06-02 11:48:25,842 : 하향추세 064350 현대로템 < 5MA 10MA
[INFO] 'chk_vobres_n_buy.py' 2026-06-02 11:48:25,842 : 하향추세 079550 LIG디펜스앤에어로스 < 5MA 10MA
[INFO] 'chk_vobres_n_buy.py' 2026-06-02 11:48:25,843 : 하향추세 086520 에코프로 < 5MA 10MA
[INFO] 'chk_vobres_n_buy.py' 2026-06-02 11:48:25,843 : 하향추세 096770 SK이노베이션 < 5MA 10MA
[INFO] 'chk_vobres_n_buy.py' 2026-06-02 11:48:25,843 : 하향추세 247540 에코프로비엠 < 5MA 10MA
[INFO] 'chk_vobres_n_buy.py' 2026-06-02 11:48:25,843 : 하향추세 272210 한화시스템 < 5MA 10MA
[DEBUG] 'chk_vobres_n_buy.py' 2026-06-02 11:48:25,843 : 조건검색 종목 수18
[INFO] 'chk_vobres_n_buy.py' 2026-06-02 11:48:26,854 : 하향추세 010950 S-Oil < 5MA 10MA
[DEBUG] 'chk_vobres_n_buy.py' 2026-06-02 11:48:26,855 : 조건검색 종목 수2
[INFO] 'chk_vobres_n_buy.py' 2026-06-02 11:48:27,861 : 하향추세 003670 포스코퓨처엠 < 5MA 10MA
[WARNING] 'chk_vobres_n_buy.py' 2026-06-02 11:48:27,861 :  Not found in last_ohlc.txt 005070 코스모신소재
[INFO] 'chk_vobres_n_buy.py' 2026-06-02 11:48:27,861 : 하향추세 005490 POSCO홀딩스 < 5MA 10MA
[INFO] 'chk_vobres_n_buy.py' 2026-06-02 11:48:27,861 : 하향추세 006400 삼성SDI < 5MA 10MA
[INFO] 'chk_vobres_n_buy.py' 2026-06-02 11:48:27,861 : 하향추세 012450 한화에어로스페이스 < 5MA 10MA
[INFO] 'chk_vobres_n_buy.py' 2026-06-02 11:48:27,861 : 하향추세 042700 한미반도체 < 5MA 10MA
[INFO] 'chk_vobres_n_buy.py' 2026-06-02 11:48:27,861 : 하향추세 047810 한국항공우주 < 5MA 10MA
[INFO] 'chk_vobres_n_buy.py' 2026-06-02 11:48:27,862 : 하향추세 064350 현대로템 < 5MA 10MA
[INFO] 'chk_vobres_n_buy.py' 2026-06-02 11:48:27,862 : 하향추세 079550 LIG디펜스앤에어로스 < 5MA 10MA
[INFO] 'chk_vobres_n_buy.py' 2026-06-02 11:48:27,862 : 하향추세 086520 에코프로 < 5MA 10MA
[INFO] 'chk_vobres_n_buy.py' 2026-06-02 11:48:27,862 : 하향추세 096770 SK이노베이션 < 5MA 10MA
[INFO] 'chk_vobres_n_buy.py' 2026-06-02 11:48:27,862 : 하향추세 247540 에코프로비엠 < 5MA 10MA
[INFO] 'chk_vobres_n_buy.py' 2026-06-02 11:48:27,862 : 하향추세 272210 한화시스템 < 5MA 10MA
[DEBUG] 'chk_vobres_n_buy.py' 2026-06-02 11:48:27,862 : 조건검색 종목 수18
[INFO] 'chk_vobres_n_buy.py' 2026-06-02 11:48:28,874 : 하향추세 010950 S-Oil < 5MA 10MA
[DEBUG] 'chk_vobres_n_buy.py' 2026-06-02 11:48:28,874 : 조건검색 종목 수2
[INFO] 'chk_vobres_n_buy.py' 2026-06-02 11:48:29,889 : 하향추세 003670 포스코퓨처엠 < 5MA 10MA
[WARNING] 'chk_vobres_n_buy.py' 2026-06-02 11:48:29,890 :  Not found in last_ohlc.txt 005070 코스모신소재
[INFO] 'chk_vobres_n_buy.py' 2026-06-02 11:48:29,890 : 하향추세 005490 POSCO홀딩스 < 5MA 10MA
[INFO] 'chk_vobres_n_buy.py' 2026-06-02 11:48:29,891 : 하향추세 006400 삼성SDI < 5MA 10MA
[INFO] 'chk_vobres_n_buy.py' 2026-06-02 11:48:29,891 : 하향추세 012450 한화에어로스페이스 < 5MA 10MA
[INFO] 'chk_vobres_n_buy.py' 2026-06-02 11:48:29,891 : 하향추세 042700 한미반도체 < 5MA 10MA
[INFO] 'chk_vobres_n_buy.py' 2026-06-02 11:48:29,892 : 하향추세 047810 한국항공우주 < 5MA 10MA
[INFO] 'chk_vobres_n_buy.py' 2026-06-02 11:48:29,892 : 하향추세 064350 현대로템 < 5MA 10MA
[INFO] 'chk_vobres_n_buy.py' 2026-06-02 11:48:29,892 : 하향추세 079550 LIG디펜스앤에어로스 < 5MA 10MA
[INFO] 'chk_vobres_n_buy.py' 2026-06-02 11:48:29,893 : 하향추세 086520 에코프로 < 5MA 10MA
[INFO] 'chk_vobres_n_buy.py' 2026-06-02 11:48:29,893 : 하향추세 096770 SK이노베이션 < 5MA 10MA
[INFO] 'chk_vobres_n_buy.py' 2026-06-02 11:48:29,893 : 하향추세 247540 에코프로비엠 < 5MA 10MA
[INFO] 'chk_vobres_n_buy.py' 2026-06-02 11:48:29,894 : 하향추세 272210 한화시스템 < 5MA 10MA
[DEBUG] 'chk_vobres_n_buy.py' 2026-06-02 11:48:29,894 : 조건검색 종목 수18
[INFO] 'chk_vobres_n_buy.py' 2026-06-02 11:48:30,909 : 하향추세 010950 S-Oil < 5MA 10MA
[DEBUG] 'chk_vobres_n_buy.py' 2026-06-02 11:48:30,910 : 조건검색 종목 수1
[INFO] 'chk_vobres_n_buy.py' 2026-06-02 11:48:31,926 : 하향추세 003670 포스코퓨처엠 < 5MA 10MA
[WARNING] 'chk_vobres_n_buy.py' 2026-06-02 11:48:31,926 :  Not found in last_ohlc.txt 005070 코스모신소재
[INFO] 'chk_vobres_n_buy.py' 2026-06-02 11:48:31,927 : 하향추세 005490 POSCO홀딩스 < 5MA 10MA
[INFO] 'chk_vobres_n_buy.py' 2026-06-02 11:48:31,927 : 하향추세 006400 삼성SDI < 5MA 10MA
[INFO] 'chk_vobres_n_buy.py' 2026-06-02 11:48:31,927 : 하향추세 012450 한화에어로스페이스 < 5MA 10MA
[INFO] 'chk_vobres_n_buy.py' 2026-06-02 11:48:31,928 : 하향추세 042700 한미반도체 < 5MA 10MA
[INFO] 'chk_vobres_n_buy.py' 2026-06-02 11:48:31,928 : 하향추세 047810 한국항공우주 < 5MA 10MA
[INFO] 'chk_vobres_n_buy.py' 2026-06-02 11:48:31,928 : 하향추세 064350 현대로템 < 5MA 10MA
[INFO] 'chk_vobres_n_buy.py' 2026-06-02 11:48:31,929 : 하향추세 079550 LIG디펜스앤에어로스 < 5MA 10MA
[INFO] 'chk_vobres_n_buy.py' 2026-06-02 11:48:31,929 : 하향추세 086520 에코프로 < 5MA 10MA
[INFO] 'chk_vobres_n_buy.py' 2026-06-02 11:48:31,929 : 하향추세 096770 SK이노베이션 < 5MA 10MA
[INFO] 'chk_vobres_n_buy.py' 2026-06-02 11:48:31,929 : 하향추세 247540 에코프로비엠 < 5MA 10MA
[INFO] 'chk_vobres_n_buy.py' 2026-06-02 11:48:31,930 : 하향추세 272210 한화시스템 < 5MA 10MA
[DEBUG] 'chk_vobres_n_buy.py' 2026-06-02 11:48:31,930 : 조건검색 종목 수18
[INFO] 'chk_vobres_n_buy.py' 2026-06-02 11:48:32,933 : 하향추세 010950 S-Oil < 5MA 10MA
[DEBUG] 'chk_vobres_n_buy.py' 2026-06-02 11:48:32,934 : 조건검색 종목 수1
[INFO] 'chk_vobres_n_buy.py' 2026-06-02 11:48:33,936 : 하향추세 003670 포스코퓨처엠 < 5MA 10MA
[WARNING] 'chk_vobres_n_buy.py' 2026-06-02 11:48:33,937 :  Not found in last_ohlc.txt 005070 코스모신소재
[INFO] 'chk_vobres_n_buy.py' 2026-06-02 11:48:33,937 : 하향추세 005490 POSCO홀딩스 < 5MA 10MA
[INFO] 'chk_vobres_n_buy.py' 2026-06-02 11:48:33,938 : 하향추세 006400 삼성SDI < 5MA 10MA
[INFO] 'chk_vobres_n_buy.py' 2026-06-02 11:48:33,938 : 하향추세 012450 한화에어로스페이스 < 5MA 10MA
[INFO] 'chk_vobres_n_buy.py' 2026-06-02 11:48:33,938 : 하향추세 042700 한미반도체 < 5MA 10MA
[INFO] 'chk_vobres_n_buy.py' 2026-06-02 11:48:33,939 : 하향추세 047810 한국항공우주 < 5MA 10MA
[INFO] 'chk_vobres_n_buy.py' 2026-06-02 11:48:33,939 : 하향추세 064350 현대로템 < 5MA 10MA
[INFO] 'chk_vobres_n_buy.py' 2026-06-02 11:48:33,940 : 하향추세 079550 LIG디펜스앤에어로스 < 5MA 10MA
[INFO] 'chk_vobres_n_buy.py' 2026-06-02 11:48:33,940 : 하향추세 086520 에코프로 < 5MA 10MA
[INFO] 'chk_vobres_n_buy.py' 2026-06-02 11:48:33,940 : 하향추세 096770 SK이노베이션 < 5MA 10MA
[INFO] 'chk_vobres_n_buy.py' 2026-06-02 11:48:33,941 : 하향추세 247540 에코프로비엠 < 5MA 10MA
[INFO] 'chk_vobres_n_buy.py' 2026-06-02 11:48:33,941 : 하향추세 272210 한화시스템 < 5MA 10MA
[DEBUG] 'chk_vobres_n_buy.py' 2026-06-02 11:48:33,941 : 조건검색 종목 수18
[INFO] 'chk_vobres_n_buy.py' 2026-06-02 11:48:34,957 : 하향추세 010950 S-Oil < 5MA 10MA
[DEBUG] 'chk_vobres_n_buy.py' 2026-06-02 11:48:34,958 : 조건검색 종목 수2
[INFO] 'chk_vobres_n_buy.py' 2026-06-02 11:48:35,974 : 하향추세 003670 포스코퓨처엠 < 5MA 10MA
[WARNING] 'chk_vobres_n_buy.py' 2026-06-02 11:48:35,974 :  Not found in last_ohlc.txt 005070 코스모신소재
[INFO] 'chk_vobres_n_buy.py' 2026-06-02 11:48:35,975 : 하향추세 005490 POSCO홀딩스 < 5MA 10MA
[INFO] 'chk_vobres_n_buy.py' 2026-06-02 11:48:35,975 : 하향추세 006400 삼성SDI < 5MA 10MA
[INFO] 'chk_vobres_n_buy.py' 2026-06-02 11:48:35,976 : 하향추세 012450 한화에어로스페이스 < 5MA 10MA
[INFO] 'chk_vobres_n_buy.py' 2026-06-02 11:48:35,976 : 하향추세 042700 한미반도체 < 5MA 10MA
[INFO] 'chk_vobres_n_buy.py' 2026-06-02 11:48:35,976 : 하향추세 047810 한국항공우주 < 5MA 10MA
[INFO] 'chk_vobres_n_buy.py' 2026-06-02 11:48:35,976 : 하향추세 064350 현대로템 < 5MA 10MA
[INFO] 'chk_vobres_n_buy.py' 2026-06-02 11:48:35,977 : 하향추세 079550 LIG디펜스앤에어로스 < 5MA 10MA
[INFO] 'chk_vobres_n_buy.py' 2026-06-02 11:48:35,977 : 하향추세 086520 에코프로 < 5MA 10MA
[INFO] 'chk_vobres_n_buy.py' 2026-06-02 11:48:35,977 : 하향추세 096770 SK이노베이션 < 5MA 10MA
[INFO] 'chk_vobres_n_buy.py' 2026-06-02 11:48:35,978 : 하향추세 247540 에코프로비엠 < 5MA 10MA
[INFO] 'chk_vobres_n_buy.py' 2026-06-02 11:48:35,978 : 하향추세 272210 한화시스템 < 5MA 10MA
[DEBUG] 'chk_vobres_n_buy.py' 2026-06-02 11:48:35,978 : 조건검색 종목 수18
[INFO] 'chk_vobres_n_buy.py' 2026-06-02 11:48:36,995 : 하향추세 010950 S-Oil < 5MA 10MA
[DEBUG] 'chk_vobres_n_buy.py' 2026-06-02 11:48:36,996 : 조건검색 종목 수2
[INFO] 'chk_vobres_n_buy.py' 2026-06-02 11:48:37,999 : 하향추세 003670 포스코퓨처엠 < 5MA 10MA
[WARNING] 'chk_vobres_n_buy.py' 2026-06-02 11:48:38,000 :  Not found in last_ohlc.txt 005070 코스모신소재
[INFO] 'chk_vobres_n_buy.py' 2026-06-02 11:48:38,000 : 하향추세 005490 POSCO홀딩스 < 5MA 10MA
[INFO] 'chk_vobres_n_buy.py' 2026-06-02 11:48:38,000 : 하향추세 006400 삼성SDI < 5MA 10MA
[INFO] 'chk_vobres_n_buy.py' 2026-06-02 11:48:38,000 : 하향추세 012450 한화에어로스페이스 < 5MA 10MA
[INFO] 'chk_vobres_n_buy.py' 2026-06-02 11:48:38,000 : 하향추세 042700 한미반도체 < 5MA 10MA
[INFO] 'chk_vobres_n_buy.py' 2026-06-02 11:48:38,000 : 하향추세 047810 한국항공우주 < 5MA 10MA
[INFO] 'chk_vobres_n_buy.py' 2026-06-02 11:48:38,000 : 하향추세 064350 현대로템 < 5MA 10MA
[INFO] 'chk_vobres_n_buy.py' 2026-06-02 11:48:38,000 : 하향추세 079550 LIG디펜스앤에어로스 < 5MA 10MA
[INFO] 'chk_vobres_n_buy.py' 2026-06-02 11:48:38,000 : 하향추세 086520 에코프로 < 5MA 10MA
[INFO] 'chk_vobres_n_buy.py' 2026-06-02 11:48:38,001 : 하향추세 096770 SK이노베이션 < 5MA 10MA
[INFO] 'chk_vobres_n_buy.py' 2026-06-02 11:48:38,001 : 하향추세 247540 에코프로비엠 < 5MA 10MA
[INFO] 'chk_vobres_n_buy.py' 2026-06-02 11:48:38,001 : 하향추세 272210 한화시스템 < 5MA 10MA
[DEBUG] 'chk_vobres_n_buy.py' 2026-06-02 11:48:38,001 : 조건검색 종목 수18
[INFO] 'chk_vobres_n_buy.py' 2026-06-02 11:48:39,017 : 하향추세 010950 S-Oil < 5MA 10MA
[DEBUG] 'chk_vobres_n_buy.py' 2026-06-02 11:48:39,018 : 조건검색 종목 수2
[INFO] 'chk_vobres_n_buy.py' 2026-06-02 11:48:40,021 : 하향추세 003670 포스코퓨처엠 < 5MA 10MA
[WARNING] 'chk_vobres_n_buy.py' 2026-06-02 11:48:40,022 :  Not found in last_ohlc.txt 005070 코스모신소재
[INFO] 'chk_vobres_n_buy.py' 2026-06-02 11:48:40,022 : 하향추세 005490 POSCO홀딩스 < 5MA 10MA
[INFO] 'chk_vobres_n_buy.py' 2026-06-02 11:48:40,022 : 하향추세 006400 삼성SDI < 5MA 10MA
[INFO] 'chk_vobres_n_buy.py' 2026-06-02 11:48:40,023 : 하향추세 012450 한화에어로스페이스 < 5MA 10MA
[INFO] 'chk_vobres_n_buy.py' 2026-06-02 11:48:40,023 : 하향추세 042700 한미반도체 < 5MA 10MA
[INFO] 'chk_vobres_n_buy.py' 2026-06-02 11:48:40,023 : 하향추세 047810 한국항공우주 < 5MA 10MA
[INFO] 'chk_vobres_n_buy.py' 2026-06-02 11:48:40,024 : 하향추세 064350 현대로템 < 5MA 10MA
[INFO] 'chk_vobres_n_buy.py' 2026-06-02 11:48:40,024 : 하향추세 079550 LIG디펜스앤에어로스 < 5MA 10MA
[INFO] 'chk_vobres_n_buy.py' 2026-06-02 11:48:40,024 : 하향추세 086520 에코프로 < 5MA 10MA
[INFO] 'chk_vobres_n_buy.py' 2026-06-02 11:48:40,025 : 하향추세 096770 SK이노베이션 < 5MA 10MA
[INFO] 'chk_vobres_n_buy.py' 2026-06-02 11:48:40,025 : 하향추세 247540 에코프로비엠 < 5MA 10MA
[INFO] 'chk_vobres_n_buy.py' 2026-06-02 11:48:40,025 : 하향추세 272210 한화시스템 < 5MA 10MA
[DEBUG] 'chk_vobres_n_buy.py' 2026-06-02 11:48:40,025 : 조건검색 종목 수18
[INFO] 'chk_vobres_n_buy.py' 2026-06-02 11:48:41,041 : 하향추세 010950 S-Oil < 5MA 10MA
[DEBUG] 'chk_vobres_n_buy.py' 2026-06-02 11:48:41,041 : 조건검색 종목 수2
[INFO] 'chk_vobres_n_buy.py' 2026-06-02 11:48:42,046 : 하향추세 003670 포스코퓨처엠 < 5MA 10MA
[WARNING] 'chk_vobres_n_buy.py' 2026-06-02 11:48:42,047 :  Not found in last_ohlc.txt 005070 코스모신소재
[INFO] 'chk_vobres_n_buy.py' 2026-06-02 11:48:42,047 : 하향추세 005490 POSCO홀딩스 < 5MA 10MA
[INFO] 'chk_vobres_n_buy.py' 2026-06-02 11:48:42,047 : 하향추세 006400 삼성SDI < 5MA 10MA
[INFO] 'chk_vobres_n_buy.py' 2026-06-02 11:48:42,048 : 하향추세 012450 한화에어로스페이스 < 5MA 10MA
[INFO] 'chk_vobres_n_buy.py' 2026-06-02 11:48:42,048 : 하향추세 042700 한미반도체 < 5MA 10MA
[INFO] 'chk_vobres_n_buy.py' 2026-06-02 11:48:42,048 : 하향추세 047810 한국항공우주 < 5MA 10MA
[INFO] 'chk_vobres_n_buy.py' 2026-06-02 11:48:42,049 : 하향추세 064350 현대로템 < 5MA 10MA
[INFO] 'chk_vobres_n_buy.py' 2026-06-02 11:48:42,049 : 하향추세 079550 LIG디펜스앤에어로스 < 5MA 10MA
[INFO] 'chk_vobres_n_buy.py' 2026-06-02 11:48:42,049 : 하향추세 086520 에코프로 < 5MA 10MA
[INFO] 'chk_vobres_n_buy.py' 2026-06-02 11:48:42,050 : 하향추세 096770 SK이노베이션 < 5MA 10MA
[INFO] 'chk_vobres_n_buy.py' 2026-06-02 11:48:42,050 : 하향추세 247540 에코프로비엠 < 5MA 10MA
[INFO] 'chk_vobres_n_buy.py' 2026-06-02 11:48:42,050 : 하향추세 272210 한화시스템 < 5MA 10MA
[DEBUG] 'chk_vobres_n_buy.py' 2026-06-02 11:48:42,051 : 조건검색 종목 수18
[INFO] 'chk_vobres_n_buy.py' 2026-06-02 11:48:43,067 : 하향추세 010950 S-Oil < 5MA 10MA
[DEBUG] 'chk_vobres_n_buy.py' 2026-06-02 11:48:43,068 : 조건검색 종목 수1
[INFO] 'chk_vobres_n_buy.py' 2026-06-02 11:48:44,083 : 하향추세 003670 포스코퓨처엠 < 5MA 10MA
[WARNING] 'chk_vobres_n_buy.py' 2026-06-02 11:48:44,083 :  Not found in last_ohlc.txt 005070 코스모신소재
[INFO] 'chk_vobres_n_buy.py' 2026-06-02 11:48:44,084 : 하향추세 005490 POSCO홀딩스 < 5MA 10MA
[INFO] 'chk_vobres_n_buy.py' 2026-06-02 11:48:44,084 : 하향추세 006400 삼성SDI < 5MA 10MA
[INFO] 'chk_vobres_n_buy.py' 2026-06-02 11:48:44,085 : 하향추세 012450 한화에어로스페이스 < 5MA 10MA
[INFO] 'chk_vobres_n_buy.py' 2026-06-02 11:48:44,085 : 하향추세 042700 한미반도체 < 5MA 10MA
[INFO] 'chk_vobres_n_buy.py' 2026-06-02 11:48:44,085 : 하향추세 047810 한국항공우주 < 5MA 10MA
[INFO] 'chk_vobres_n_buy.py' 2026-06-02 11:48:44,086 : 하향추세 064350 현대로템 < 5MA 10MA
[INFO] 'chk_vobres_n_buy.py' 2026-06-02 11:48:44,086 : 하향추세 079550 LIG디펜스앤에어로스 < 5MA 10MA
[INFO] 'chk_vobres_n_buy.py' 2026-06-02 11:48:44,086 : 하향추세 086520 에코프로 < 5MA 10MA
[INFO] 'chk_vobres_n_buy.py' 2026-06-02 11:48:44,087 : 하향추세 096770 SK이노베이션 < 5MA 10MA
[INFO] 'chk_vobres_n_buy.py' 2026-06-02 11:48:44,087 : 하향추세 247540 에코프로비엠 < 5MA 10MA
[INFO] 'chk_vobres_n_buy.py' 2026-06-02 11:48:44,087 : 하향추세 272210 한화시스템 < 5MA 10MA
[DEBUG] 'chk_vobres_n_buy.py' 2026-06-02 11:48:44,088 : 조건검색 종목 수18
[INFO] 'chk_vobres_n_buy.py' 2026-06-02 11:48:45,091 : 하향추세 010950 S-Oil < 5MA 10MA
[DEBUG] 'chk_vobres_n_buy.py' 2026-06-02 11:48:45,091 : 조건검색 종목 수1
[INFO] 'chk_vobres_n_buy.py' 2026-06-02 11:48:46,098 : 하향추세 003670 포스코퓨처엠 < 5MA 10MA
[WARNING] 'chk_vobres_n_buy.py' 2026-06-02 11:48:46,099 :  Not found in last_ohlc.txt 005070 코스모신소재
[INFO] 'chk_vobres_n_buy.py' 2026-06-02 11:48:46,099 : 하향추세 005490 POSCO홀딩스 < 5MA 10MA
[INFO] 'chk_vobres_n_buy.py' 2026-06-02 11:48:46,099 : 하향추세 006400 삼성SDI < 5MA 10MA
[INFO] 'chk_vobres_n_buy.py' 2026-06-02 11:48:46,100 : 하향추세 012450 한화에어로스페이스 < 5MA 10MA
[INFO] 'chk_vobres_n_buy.py' 2026-06-02 11:48:46,101 : 하향추세 042700 한미반도체 < 5MA 10MA
[INFO] 'chk_vobres_n_buy.py' 2026-06-02 11:48:46,101 : 하향추세 047810 한국항공우주 < 5MA 10MA
[INFO] 'chk_vobres_n_buy.py' 2026-06-02 11:48:46,102 : 하향추세 064350 현대로템 < 5MA 10MA
[INFO] 'chk_vobres_n_buy.py' 2026-06-02 11:48:46,102 : 하향추세 079550 LIG디펜스앤에어로스 < 5MA 10MA
[INFO] 'chk_vobres_n_buy.py' 2026-06-02 11:48:46,103 : 하향추세 086520 에코프로 < 5MA 10MA
[INFO] 'chk_vobres_n_buy.py' 2026-06-02 11:48:46,103 : 하향추세 096770 SK이노베이션 < 5MA 10MA
[INFO] 'chk_vobres_n_buy.py' 2026-06-02 11:48:46,103 : 하향추세 247540 에코프로비엠 < 5MA 10MA
[INFO] 'chk_vobres_n_buy.py' 2026-06-02 11:48:46,103 : 하향추세 272210 한화시스템 < 5MA 10MA
[DEBUG] 'chk_vobres_n_buy.py' 2026-06-02 11:48:46,104 : 조건검색 종목 수18
[INFO] 'chk_vobres_n_buy.py' 2026-06-02 11:48:47,114 : 하향추세 010950 S-Oil < 5MA 10MA
[DEBUG] 'chk_vobres_n_buy.py' 2026-06-02 11:48:47,114 : 조건검색 종목 수1
[INFO] 'chk_vobres_n_buy.py' 2026-06-02 11:48:48,130 : 하향추세 003670 포스코퓨처엠 < 5MA 10MA
[WARNING] 'chk_vobres_n_buy.py' 2026-06-02 11:48:48,130 :  Not found in last_ohlc.txt 005070 코스모신소재
[INFO] 'chk_vobres_n_buy.py' 2026-06-02 11:48:48,131 : 하향추세 005490 POSCO홀딩스 < 5MA 10MA
[INFO] 'chk_vobres_n_buy.py' 2026-06-02 11:48:48,131 : 하향추세 006400 삼성SDI < 5MA 10MA
[INFO] 'chk_vobres_n_buy.py' 2026-06-02 11:48:48,132 : 하향추세 012450 한화에어로스페이스 < 5MA 10MA
[INFO] 'chk_vobres_n_buy.py' 2026-06-02 11:48:48,132 : 하향추세 042700 한미반도체 < 5MA 10MA
[INFO] 'chk_vobres_n_buy.py' 2026-06-02 11:48:48,132 : 하향추세 047810 한국항공우주 < 5MA 10MA
[INFO] 'chk_vobres_n_buy.py' 2026-06-02 11:48:48,133 : 하향추세 064350 현대로템 < 5MA 10MA
[INFO] 'chk_vobres_n_buy.py' 2026-06-02 11:48:48,133 : 하향추세 079550 LIG디펜스앤에어로스 < 5MA 10MA
[INFO] 'chk_vobres_n_buy.py' 2026-06-02 11:48:48,133 : 하향추세 086520 에코프로 < 5MA 10MA
[INFO] 'chk_vobres_n_buy.py' 2026-06-02 11:48:48,134 : 하향추세 096770 SK이노베이션 < 5MA 10MA
[INFO] 'chk_vobres_n_buy.py' 2026-06-02 11:48:48,134 : 하향추세 247540 에코프로비엠 < 5MA 10MA
[INFO] 'chk_vobres_n_buy.py' 2026-06-02 11:48:48,134 : 하향추세 272210 한화시스템 < 5MA 10MA
[DEBUG] 'chk_vobres_n_buy.py' 2026-06-02 11:48:48,135 : 조건검색 종목 수18
[INFO] 'chk_vobres_n_buy.py' 2026-06-02 11:48:49,144 : 하향추세 010950 S-Oil < 5MA 10MA
[DEBUG] 'chk_vobres_n_buy.py' 2026-06-02 11:48:49,144 : 조건검색 종목 수1
[INFO] 'chk_vobres_n_buy.py' 2026-06-02 11:48:50,163 : 하향추세 003670 포스코퓨처엠 < 5MA 10MA
[WARNING] 'chk_vobres_n_buy.py' 2026-06-02 11:48:50,163 :  Not found in last_ohlc.txt 005070 코스모신소재
[INFO] 'chk_vobres_n_buy.py' 2026-06-02 11:48:50,164 : 하향추세 005490 POSCO홀딩스 < 5MA 10MA
[INFO] 'chk_vobres_n_buy.py' 2026-06-02 11:48:50,164 : 하향추세 006400 삼성SDI < 5MA 10MA
[INFO] 'chk_vobres_n_buy.py' 2026-06-02 11:48:50,164 : 하향추세 012450 한화에어로스페이스 < 5MA 10MA
[INFO] 'chk_vobres_n_buy.py' 2026-06-02 11:48:50,165 : 하향추세 042700 한미반도체 < 5MA 10MA
[INFO] 'chk_vobres_n_buy.py' 2026-06-02 11:48:50,165 : 하향추세 047810 한국항공우주 < 5MA 10MA
[INFO] 'chk_vobres_n_buy.py' 2026-06-02 11:48:50,165 : 하향추세 064350 현대로템 < 5MA 10MA
[INFO] 'chk_vobres_n_buy.py' 2026-06-02 11:48:50,166 : 하향추세 079550 LIG디펜스앤에어로스 < 5MA 10MA
[INFO] 'chk_vobres_n_buy.py' 2026-06-02 11:48:50,167 : 하향추세 086520 에코프로 < 5MA 10MA
[INFO] 'chk_vobres_n_buy.py' 2026-06-02 11:48:50,167 : 하향추세 096770 SK이노베이션 < 5MA 10MA
[INFO] 'chk_vobres_n_buy.py' 2026-06-02 11:48:50,167 : 하향추세 247540 에코프로비엠 < 5MA 10MA
[INFO] 'chk_vobres_n_buy.py' 2026-06-02 11:48:50,168 : 하향추세 272210 한화시스템 < 5MA 10MA
[DEBUG] 'chk_vobres_n_buy.py' 2026-06-02 11:48:50,168 : 조건검색 종목 수18
[INFO] 'chk_vobres_n_buy.py' 2026-06-02 11:48:51,181 : 하향추세 010950 S-Oil < 5MA 10MA
[DEBUG] 'chk_vobres_n_buy.py' 2026-06-02 11:48:51,182 : 조건검색 종목 수2
[INFO] 'chk_vobres_n_buy.py' 2026-06-02 11:48:52,191 : 하향추세 003670 포스코퓨처엠 < 5MA 10MA
[WARNING] 'chk_vobres_n_buy.py' 2026-06-02 11:48:52,192 :  Not found in last_ohlc.txt 005070 코스모신소재
[INFO] 'chk_vobres_n_buy.py' 2026-06-02 11:48:52,192 : 하향추세 005490 POSCO홀딩스 < 5MA 10MA
[INFO] 'chk_vobres_n_buy.py' 2026-06-02 11:48:52,192 : 하향추세 006400 삼성SDI < 5MA 10MA
[INFO] 'chk_vobres_n_buy.py' 2026-06-02 11:48:52,193 : 하향추세 012450 한화에어로스페이스 < 5MA 10MA
[INFO] 'chk_vobres_n_buy.py' 2026-06-02 11:48:52,193 : 하향추세 042700 한미반도체 < 5MA 10MA
[INFO] 'chk_vobres_n_buy.py' 2026-06-02 11:48:52,193 : 하향추세 047810 한국항공우주 < 5MA 10MA
[INFO] 'chk_vobres_n_buy.py' 2026-06-02 11:48:52,194 : 하향추세 064350 현대로템 < 5MA 10MA
[INFO] 'chk_vobres_n_buy.py' 2026-06-02 11:48:52,194 : 하향추세 079550 LIG디펜스앤에어로스 < 5MA 10MA
[INFO] 'chk_vobres_n_buy.py' 2026-06-02 11:48:52,194 : 하향추세 086520 에코프로 < 5MA 10MA
[INFO] 'chk_vobres_n_buy.py' 2026-06-02 11:48:52,195 : 하향추세 096770 SK이노베이션 < 5MA 10MA
[INFO] 'chk_vobres_n_buy.py' 2026-06-02 11:48:52,195 : 하향추세 247540 에코프로비엠 < 5MA 10MA
[INFO] 'chk_vobres_n_buy.py' 2026-06-02 11:48:52,195 : 하향추세 272210 한화시스템 < 5MA 10MA
[DEBUG] 'chk_vobres_n_buy.py' 2026-06-02 11:48:52,195 : 조건검색 종목 수18
[INFO] 'chk_vobres_n_buy.py' 2026-06-02 11:48:53,213 : 하향추세 010950 S-Oil < 5MA 10MA
[DEBUG] 'chk_vobres_n_buy.py' 2026-06-02 11:48:53,213 : 조건검색 종목 수2
[INFO] 'chk_vobres_n_buy.py' 2026-06-02 11:48:54,232 : 하향추세 003670 포스코퓨처엠 < 5MA 10MA
[WARNING] 'chk_vobres_n_buy.py' 2026-06-02 11:48:54,232 :  Not found in last_ohlc.txt 005070 코스모신소재
[INFO] 'chk_vobres_n_buy.py' 2026-06-02 11:48:54,233 : 하향추세 005490 POSCO홀딩스 < 5MA 10MA
[INFO] 'chk_vobres_n_buy.py' 2026-06-02 11:48:54,233 : 하향추세 006400 삼성SDI < 5MA 10MA
[INFO] 'chk_vobres_n_buy.py' 2026-06-02 11:48:54,234 : 하향추세 012450 한화에어로스페이스 < 5MA 10MA
[INFO] 'chk_vobres_n_buy.py' 2026-06-02 11:48:54,234 : 하향추세 042700 한미반도체 < 5MA 10MA
[INFO] 'chk_vobres_n_buy.py' 2026-06-02 11:48:54,234 : 하향추세 047810 한국항공우주 < 5MA 10MA
[INFO] 'chk_vobres_n_buy.py' 2026-06-02 11:48:54,235 : 하향추세 064350 현대로템 < 5MA 10MA
[INFO] 'chk_vobres_n_buy.py' 2026-06-02 11:48:54,235 : 하향추세 079550 LIG디펜스앤에어로스 < 5MA 10MA
[INFO] 'chk_vobres_n_buy.py' 2026-06-02 11:48:54,235 : 하향추세 086520 에코프로 < 5MA 10MA
[INFO] 'chk_vobres_n_buy.py' 2026-06-02 11:48:54,235 : 하향추세 096770 SK이노베이션 < 5MA 10MA
[INFO] 'chk_vobres_n_buy.py' 2026-06-02 11:48:54,236 : 하향추세 247540 에코프로비엠 < 5MA 10MA
[INFO] 'chk_vobres_n_buy.py' 2026-06-02 11:48:54,236 : 하향추세 272210 한화시스템 < 5MA 10MA
[DEBUG] 'chk_vobres_n_buy.py' 2026-06-02 11:48:54,236 : 조건검색 종목 수18
[INFO] 'chk_vobres_n_buy.py' 2026-06-02 11:48:55,241 : 하향추세 010950 S-Oil < 5MA 10MA
[DEBUG] 'chk_vobres_n_buy.py' 2026-06-02 11:48:55,242 : 조건검색 종목 수1
[INFO] 'chk_vobres_n_buy.py' 2026-06-02 11:48:56,252 : 하향추세 003670 포스코퓨처엠 < 5MA 10MA
[WARNING] 'chk_vobres_n_buy.py' 2026-06-02 11:48:56,252 :  Not found in last_ohlc.txt 005070 코스모신소재
[INFO] 'chk_vobres_n_buy.py' 2026-06-02 11:48:56,253 : 하향추세 005490 POSCO홀딩스 < 5MA 10MA
[INFO] 'chk_vobres_n_buy.py' 2026-06-02 11:48:56,253 : 하향추세 006400 삼성SDI < 5MA 10MA
[INFO] 'chk_vobres_n_buy.py' 2026-06-02 11:48:56,254 : 하향추세 012450 한화에어로스페이스 < 5MA 10MA
[INFO] 'chk_vobres_n_buy.py' 2026-06-02 11:48:56,254 : 하향추세 042700 한미반도체 < 5MA 10MA
[INFO] 'chk_vobres_n_buy.py' 2026-06-02 11:48:56,254 : 하향추세 047810 한국항공우주 < 5MA 10MA
[INFO] 'chk_vobres_n_buy.py' 2026-06-02 11:48:56,255 : 하향추세 064350 현대로템 < 5MA 10MA
[INFO] 'chk_vobres_n_buy.py' 2026-06-02 11:48:56,255 : 하향추세 079550 LIG디펜스앤에어로스 < 5MA 10MA
[INFO] 'chk_vobres_n_buy.py' 2026-06-02 11:48:56,255 : 하향추세 086520 에코프로 < 5MA 10MA
[INFO] 'chk_vobres_n_buy.py' 2026-06-02 11:48:56,255 : 하향추세 096770 SK이노베이션 < 5MA 10MA
[INFO] 'chk_vobres_n_buy.py' 2026-06-02 11:48:56,256 : 하향추세 247540 에코프로비엠 < 5MA 10MA
[INFO] 'chk_vobres_n_buy.py' 2026-06-02 11:48:56,256 : 하향추세 272210 한화시스템 < 5MA 10MA
[DEBUG] 'chk_vobres_n_buy.py' 2026-06-02 11:48:56,256 : 조건검색 종목 수18
[INFO] 'chk_vobres_n_buy.py' 2026-06-02 11:48:57,273 : 하향추세 010950 S-Oil < 5MA 10MA
[DEBUG] 'chk_vobres_n_buy.py' 2026-06-02 11:48:57,274 : 조건검색 종목 수1
[INFO] 'chk_vobres_n_buy.py' 2026-06-02 11:48:58,286 : 하향추세 003670 포스코퓨처엠 < 5MA 10MA
[WARNING] 'chk_vobres_n_buy.py' 2026-06-02 11:48:58,287 :  Not found in last_ohlc.txt 005070 코스모신소재
[INFO] 'chk_vobres_n_buy.py' 2026-06-02 11:48:58,287 : 하향추세 005490 POSCO홀딩스 < 5MA 10MA
[INFO] 'chk_vobres_n_buy.py' 2026-06-02 11:48:58,287 : 하향추세 006400 삼성SDI < 5MA 10MA
[INFO] 'chk_vobres_n_buy.py' 2026-06-02 11:48:58,288 : 하향추세 012450 한화에어로스페이스 < 5MA 10MA
[INFO] 'chk_vobres_n_buy.py' 2026-06-02 11:48:58,288 : 하향추세 042700 한미반도체 < 5MA 10MA
[INFO] 'chk_vobres_n_buy.py' 2026-06-02 11:48:58,288 : 하향추세 047810 한국항공우주 < 5MA 10MA
[INFO] 'chk_vobres_n_buy.py' 2026-06-02 11:48:58,289 : 하향추세 064350 현대로템 < 5MA 10MA
[INFO] 'chk_vobres_n_buy.py' 2026-06-02 11:48:58,289 : 하향추세 079550 LIG디펜스앤에어로스 < 5MA 10MA
[INFO] 'chk_vobres_n_buy.py' 2026-06-02 11:48:58,289 : 하향추세 086520 에코프로 < 5MA 10MA
[INFO] 'chk_vobres_n_buy.py' 2026-06-02 11:48:58,290 : 하향추세 096770 SK이노베이션 < 5MA 10MA
[INFO] 'chk_vobres_n_buy.py' 2026-06-02 11:48:58,290 : 하향추세 247540 에코프로비엠 < 5MA 10MA
[INFO] 'chk_vobres_n_buy.py' 2026-06-02 11:48:58,290 : 하향추세 272210 한화시스템 < 5MA 10MA
[DEBUG] 'chk_vobres_n_buy.py' 2026-06-02 11:48:58,291 : 조건검색 종목 수18
[INFO] 'chk_vobres_n_buy.py' 2026-06-02 11:48:59,306 : 하향추세 010950 S-Oil < 5MA 10MA
[DEBUG] 'chk_vobres_n_buy.py' 2026-06-02 11:48:59,307 : 조건검색 종목 수1
[INFO] 'chk_vobres_n_buy.py' 2026-06-02 11:49:00,311 : 하향추세 003670 포스코퓨처엠 < 5MA 10MA
[WARNING] 'chk_vobres_n_buy.py' 2026-06-02 11:49:00,312 :  Not found in last_ohlc.txt 005070 코스모신소재
[INFO] 'chk_vobres_n_buy.py' 2026-06-02 11:49:00,312 : 하향추세 005490 POSCO홀딩스 < 5MA 10MA
[INFO] 'chk_vobres_n_buy.py' 2026-06-02 11:49:00,312 : 하향추세 006400 삼성SDI < 5MA 10MA
[INFO] 'chk_vobres_n_buy.py' 2026-06-02 11:49:00,313 : 하향추세 012450 한화에어로스페이스 < 5MA 10MA
[INFO] 'chk_vobres_n_buy.py' 2026-06-02 11:49:00,313 : 하향추세 042700 한미반도체 < 5MA 10MA
[INFO] 'chk_vobres_n_buy.py' 2026-06-02 11:49:00,313 : 하향추세 047810 한국항공우주 < 5MA 10MA
[INFO] 'chk_vobres_n_buy.py' 2026-06-02 11:49:00,314 : 하향추세 064350 현대로템 < 5MA 10MA
[INFO] 'chk_vobres_n_buy.py' 2026-06-02 11:49:00,314 : 하향추세 079550 LIG디펜스앤에어로스 < 5MA 10MA
[INFO] 'chk_vobres_n_buy.py' 2026-06-02 11:49:00,314 : 하향추세 086520 에코프로 < 5MA 10MA
[INFO] 'chk_vobres_n_buy.py' 2026-06-02 11:49:00,315 : 하향추세 096770 SK이노베이션 < 5MA 10MA
[INFO] 'chk_vobres_n_buy.py' 2026-06-02 11:49:00,315 : 하향추세 247540 에코프로비엠 < 5MA 10MA
[INFO] 'chk_vobres_n_buy.py' 2026-06-02 11:49:00,316 : 하향추세 272210 한화시스템 < 5MA 10MA
[DEBUG] 'chk_vobres_n_buy.py' 2026-06-02 11:49:00,316 : 조건검색 종목 수18
[INFO] 'chk_vobres_n_buy.py' 2026-06-02 11:49:01,320 : 하향추세 010950 S-Oil < 5MA 10MA
[DEBUG] 'chk_vobres_n_buy.py' 2026-06-02 11:49:01,321 : 조건검색 종목 수1
[INFO] 'chk_vobres_n_buy.py' 2026-06-02 11:49:02,329 : 하향추세 003670 포스코퓨처엠 < 5MA 10MA
[WARNING] 'chk_vobres_n_buy.py' 2026-06-02 11:49:02,329 :  Not found in last_ohlc.txt 005070 코스모신소재
[INFO] 'chk_vobres_n_buy.py' 2026-06-02 11:49:02,329 : 하향추세 005490 POSCO홀딩스 < 5MA 10MA
[INFO] 'chk_vobres_n_buy.py' 2026-06-02 11:49:02,329 : 하향추세 006400 삼성SDI < 5MA 10MA
[INFO] 'chk_vobres_n_buy.py' 2026-06-02 11:49:02,329 : 하향추세 012450 한화에어로스페이스 < 5MA 10MA
[INFO] 'chk_vobres_n_buy.py' 2026-06-02 11:49:02,329 : 하향추세 042700 한미반도체 < 5MA 10MA
[INFO] 'chk_vobres_n_buy.py' 2026-06-02 11:49:02,329 : 하향추세 047810 한국항공우주 < 5MA 10MA
[INFO] 'chk_vobres_n_buy.py' 2026-06-02 11:49:02,330 : 하향추세 064350 현대로템 < 5MA 10MA
[INFO] 'chk_vobres_n_buy.py' 2026-06-02 11:49:02,330 : 하향추세 079550 LIG디펜스앤에어로스 < 5MA 10MA
[INFO] 'chk_vobres_n_buy.py' 2026-06-02 11:49:02,330 : 하향추세 086520 에코프로 < 5MA 10MA
[INFO] 'chk_vobres_n_buy.py' 2026-06-02 11:49:02,330 : 하향추세 096770 SK이노베이션 < 5MA 10MA
[INFO] 'chk_vobres_n_buy.py' 2026-06-02 11:49:02,330 : 하향추세 247540 에코프로비엠 < 5MA 10MA
[INFO] 'chk_vobres_n_buy.py' 2026-06-02 11:49:02,330 : 하향추세 272210 한화시스템 < 5MA 10MA
[DEBUG] 'chk_vobres_n_buy.py' 2026-06-02 11:49:02,330 : 조건검색 종목 수18
[INFO] 'chk_vobres_n_buy.py' 2026-06-02 11:49:03,333 : 하향추세 010950 S-Oil < 5MA 10MA
[DEBUG] 'chk_vobres_n_buy.py' 2026-06-02 11:49:03,333 : 조건검색 종목 수1
[INFO] 'chk_vobres_n_buy.py' 2026-06-02 11:49:04,351 : 하향추세 003670 포스코퓨처엠 < 5MA 10MA
[WARNING] 'chk_vobres_n_buy.py' 2026-06-02 11:49:04,351 :  Not found in last_ohlc.txt 005070 코스모신소재
[INFO] 'chk_vobres_n_buy.py' 2026-06-02 11:49:04,352 : 하향추세 005490 POSCO홀딩스 < 5MA 10MA
[INFO] 'chk_vobres_n_buy.py' 2026-06-02 11:49:04,352 : 하향추세 006400 삼성SDI < 5MA 10MA
[INFO] 'chk_vobres_n_buy.py' 2026-06-02 11:49:04,352 : 하향추세 012450 한화에어로스페이스 < 5MA 10MA
[INFO] 'chk_vobres_n_buy.py' 2026-06-02 11:49:04,353 : 하향추세 042700 한미반도체 < 5MA 10MA
[INFO] 'chk_vobres_n_buy.py' 2026-06-02 11:49:04,353 : 하향추세 047810 한국항공우주 < 5MA 10MA
[INFO] 'chk_vobres_n_buy.py' 2026-06-02 11:49:04,353 : 하향추세 064350 현대로템 < 5MA 10MA
[INFO] 'chk_vobres_n_buy.py' 2026-06-02 11:49:04,354 : 하향추세 079550 LIG디펜스앤에어로스 < 5MA 10MA
[INFO] 'chk_vobres_n_buy.py' 2026-06-02 11:49:04,354 : 하향추세 086520 에코프로 < 5MA 10MA
[INFO] 'chk_vobres_n_buy.py' 2026-06-02 11:49:04,354 : 하향추세 096770 SK이노베이션 < 5MA 10MA
[INFO] 'chk_vobres_n_buy.py' 2026-06-02 11:49:04,354 : 하향추세 247540 에코프로비엠 < 5MA 10MA
[INFO] 'chk_vobres_n_buy.py' 2026-06-02 11:49:04,355 : 하향추세 272210 한화시스템 < 5MA 10MA
[DEBUG] 'chk_vobres_n_buy.py' 2026-06-02 11:49:04,355 : 조건검색 종목 수18
[INFO] 'chk_vobres_n_buy.py' 2026-06-02 11:49:05,372 : 하향추세 010950 S-Oil < 5MA 10MA
[DEBUG] 'chk_vobres_n_buy.py' 2026-06-02 11:49:05,372 : 조건검색 종목 수1
[INFO] 'chk_vobres_n_buy.py' 2026-06-02 11:49:06,375 : 하향추세 003670 포스코퓨처엠 < 5MA 10MA
[WARNING] 'chk_vobres_n_buy.py' 2026-06-02 11:49:06,376 :  Not found in last_ohlc.txt 005070 코스모신소재
[INFO] 'chk_vobres_n_buy.py' 2026-06-02 11:49:06,377 : 하향추세 005490 POSCO홀딩스 < 5MA 10MA
[INFO] 'chk_vobres_n_buy.py' 2026-06-02 11:49:06,377 : 하향추세 006400 삼성SDI < 5MA 10MA
[INFO] 'chk_vobres_n_buy.py' 2026-06-02 11:49:06,378 : 하향추세 012450 한화에어로스페이스 < 5MA 10MA
[INFO] 'chk_vobres_n_buy.py' 2026-06-02 11:49:06,378 : 하향추세 042700 한미반도체 < 5MA 10MA
[INFO] 'chk_vobres_n_buy.py' 2026-06-02 11:49:06,378 : 하향추세 047810 한국항공우주 < 5MA 10MA
[INFO] 'chk_vobres_n_buy.py' 2026-06-02 11:49:06,379 : 하향추세 064350 현대로템 < 5MA 10MA
[INFO] 'chk_vobres_n_buy.py' 2026-06-02 11:49:06,379 : 하향추세 079550 LIG디펜스앤에어로스 < 5MA 10MA
[INFO] 'chk_vobres_n_buy.py' 2026-06-02 11:49:06,379 : 하향추세 086520 에코프로 < 5MA 10MA
[INFO] 'chk_vobres_n_buy.py' 2026-06-02 11:49:06,380 : 하향추세 096770 SK이노베이션 < 5MA 10MA
[INFO] 'chk_vobres_n_buy.py' 2026-06-02 11:49:06,380 : 하향추세 247540 에코프로비엠 < 5MA 10MA
[INFO] 'chk_vobres_n_buy.py' 2026-06-02 11:49:06,380 : 하향추세 272210 한화시스템 < 5MA 10MA
[DEBUG] 'chk_vobres_n_buy.py' 2026-06-02 11:49:06,381 : 조건검색 종목 수18
[INFO] 'chk_vobres_n_buy.py' 2026-06-02 11:49:07,397 : 하향추세 010950 S-Oil < 5MA 10MA
[DEBUG] 'chk_vobres_n_buy.py' 2026-06-02 11:49:07,398 : 조건검색 종목 수2
[INFO] 'chk_vobres_n_buy.py' 2026-06-02 11:49:08,402 : 하향추세 003670 포스코퓨처엠 < 5MA 10MA
[WARNING] 'chk_vobres_n_buy.py' 2026-06-02 11:49:08,403 :  Not found in last_ohlc.txt 005070 코스모신소재
[INFO] 'chk_vobres_n_buy.py' 2026-06-02 11:49:08,403 : 하향추세 005490 POSCO홀딩스 < 5MA 10MA
[INFO] 'chk_vobres_n_buy.py' 2026-06-02 11:49:08,404 : 하향추세 006400 삼성SDI < 5MA 10MA
[INFO] 'chk_vobres_n_buy.py' 2026-06-02 11:49:08,404 : 하향추세 012450 한화에어로스페이스 < 5MA 10MA
[INFO] 'chk_vobres_n_buy.py' 2026-06-02 11:49:08,404 : 하향추세 042700 한미반도체 < 5MA 10MA
[INFO] 'chk_vobres_n_buy.py' 2026-06-02 11:49:08,405 : 하향추세 047810 한국항공우주 < 5MA 10MA
[INFO] 'chk_vobres_n_buy.py' 2026-06-02 11:49:08,405 : 하향추세 064350 현대로템 < 5MA 10MA
[INFO] 'chk_vobres_n_buy.py' 2026-06-02 11:49:08,405 : 하향추세 079550 LIG디펜스앤에어로스 < 5MA 10MA
[INFO] 'chk_vobres_n_buy.py' 2026-06-02 11:49:08,406 : 하향추세 086520 에코프로 < 5MA 10MA
[INFO] 'chk_vobres_n_buy.py' 2026-06-02 11:49:08,406 : 하향추세 096770 SK이노베이션 < 5MA 10MA
[INFO] 'chk_vobres_n_buy.py' 2026-06-02 11:49:08,406 : 하향추세 247540 에코프로비엠 < 5MA 10MA
[INFO] 'chk_vobres_n_buy.py' 2026-06-02 11:49:08,406 : 하향추세 272210 한화시스템 < 5MA 10MA
[DEBUG] 'chk_vobres_n_buy.py' 2026-06-02 11:49:08,407 : 조건검색 종목 수18
[INFO] 'chk_vobres_n_buy.py' 2026-06-02 11:49:09,410 : 하향추세 010950 S-Oil < 5MA 10MA
[DEBUG] 'chk_vobres_n_buy.py' 2026-06-02 11:49:09,410 : 조건검색 종목 수1
[INFO] 'chk_vobres_n_buy.py' 2026-06-02 11:49:10,428 : 하향추세 003670 포스코퓨처엠 < 5MA 10MA
[WARNING] 'chk_vobres_n_buy.py' 2026-06-02 11:49:10,428 :  Not found in last_ohlc.txt 005070 코스모신소재
[INFO] 'chk_vobres_n_buy.py' 2026-06-02 11:49:10,428 : 하향추세 005490 POSCO홀딩스 < 5MA 10MA
[INFO] 'chk_vobres_n_buy.py' 2026-06-02 11:49:10,428 : 하향추세 006400 삼성SDI < 5MA 10MA
[INFO] 'chk_vobres_n_buy.py' 2026-06-02 11:49:10,428 : 하향추세 012450 한화에어로스페이스 < 5MA 10MA
[INFO] 'chk_vobres_n_buy.py' 2026-06-02 11:49:10,428 : 하향추세 042700 한미반도체 < 5MA 10MA
[INFO] 'chk_vobres_n_buy.py' 2026-06-02 11:49:10,428 : 하향추세 047810 한국항공우주 < 5MA 10MA
[INFO] 'chk_vobres_n_buy.py' 2026-06-02 11:49:10,429 : 하향추세 064350 현대로템 < 5MA 10MA
[INFO] 'chk_vobres_n_buy.py' 2026-06-02 11:49:10,429 : 하향추세 079550 LIG디펜스앤에어로스 < 5MA 10MA
[INFO] 'chk_vobres_n_buy.py' 2026-06-02 11:49:10,429 : 하향추세 086520 에코프로 < 5MA 10MA
[INFO] 'chk_vobres_n_buy.py' 2026-06-02 11:49:10,429 : 하향추세 096770 SK이노베이션 < 5MA 10MA
[INFO] 'chk_vobres_n_buy.py' 2026-06-02 11:49:10,429 : 하향추세 247540 에코프로비엠 < 5MA 10MA
[INFO] 'chk_vobres_n_buy.py' 2026-06-02 11:49:10,429 : 하향추세 272210 한화시스템 < 5MA 10MA
[DEBUG] 'chk_vobres_n_buy.py' 2026-06-02 11:49:10,429 : 조건검색 종목 수18
[INFO] 'chk_vobres_n_buy.py' 2026-06-02 11:49:11,438 : 하향추세 010950 S-Oil < 5MA 10MA
[DEBUG] 'chk_vobres_n_buy.py' 2026-06-02 11:49:11,439 : 조건검색 종목 수2
[INFO] 'chk_vobres_n_buy.py' 2026-06-02 11:49:12,455 : 하향추세 003670 포스코퓨처엠 < 5MA 10MA
[WARNING] 'chk_vobres_n_buy.py' 2026-06-02 11:49:12,456 :  Not found in last_ohlc.txt 005070 코스모신소재
[INFO] 'chk_vobres_n_buy.py' 2026-06-02 11:49:12,456 : 하향추세 005490 POSCO홀딩스 < 5MA 10MA
[INFO] 'chk_vobres_n_buy.py' 2026-06-02 11:49:12,457 : 하향추세 006400 삼성SDI < 5MA 10MA
[INFO] 'chk_vobres_n_buy.py' 2026-06-02 11:49:12,457 : 하향추세 012450 한화에어로스페이스 < 5MA 10MA
[INFO] 'chk_vobres_n_buy.py' 2026-06-02 11:49:12,457 : 하향추세 042700 한미반도체 < 5MA 10MA
[INFO] 'chk_vobres_n_buy.py' 2026-06-02 11:49:12,458 : 하향추세 047810 한국항공우주 < 5MA 10MA
[INFO] 'chk_vobres_n_buy.py' 2026-06-02 11:49:12,458 : 하향추세 064350 현대로템 < 5MA 10MA
[INFO] 'chk_vobres_n_buy.py' 2026-06-02 11:49:12,459 : 하향추세 079550 LIG디펜스앤에어로스 < 5MA 10MA
[INFO] 'chk_vobres_n_buy.py' 2026-06-02 11:49:12,459 : 하향추세 086520 에코프로 < 5MA 10MA
[INFO] 'chk_vobres_n_buy.py' 2026-06-02 11:49:12,459 : 하향추세 096770 SK이노베이션 < 5MA 10MA
[INFO] 'chk_vobres_n_buy.py' 2026-06-02 11:49:12,460 : 하향추세 247540 에코프로비엠 < 5MA 10MA
[INFO] 'chk_vobres_n_buy.py' 2026-06-02 11:49:12,460 : 하향추세 272210 한화시스템 < 5MA 10MA
[DEBUG] 'chk_vobres_n_buy.py' 2026-06-02 11:49:12,460 : 조건검색 종목 수18
[INFO] 'chk_vobres_n_buy.py' 2026-06-02 11:49:13,469 : 하향추세 010950 S-Oil < 5MA 10MA
[DEBUG] 'chk_vobres_n_buy.py' 2026-06-02 11:49:13,470 : 조건검색 종목 수1
[INFO] 'chk_vobres_n_buy.py' 2026-06-02 11:49:14,478 : 하향추세 003670 포스코퓨처엠 < 5MA 10MA
[WARNING] 'chk_vobres_n_buy.py' 2026-06-02 11:49:14,478 :  Not found in last_ohlc.txt 005070 코스모신소재
[INFO] 'chk_vobres_n_buy.py' 2026-06-02 11:49:14,479 : 하향추세 005490 POSCO홀딩스 < 5MA 10MA
[INFO] 'chk_vobres_n_buy.py' 2026-06-02 11:49:14,479 : 하향추세 006400 삼성SDI < 5MA 10MA
[INFO] 'chk_vobres_n_buy.py' 2026-06-02 11:49:14,480 : 하향추세 012450 한화에어로스페이스 < 5MA 10MA
[INFO] 'chk_vobres_n_buy.py' 2026-06-02 11:49:14,480 : 하향추세 042700 한미반도체 < 5MA 10MA
[INFO] 'chk_vobres_n_buy.py' 2026-06-02 11:49:14,480 : 하향추세 047810 한국항공우주 < 5MA 10MA
[INFO] 'chk_vobres_n_buy.py' 2026-06-02 11:49:14,481 : 하향추세 064350 현대로템 < 5MA 10MA
[INFO] 'chk_vobres_n_buy.py' 2026-06-02 11:49:14,481 : 하향추세 079550 LIG디펜스앤에어로스 < 5MA 10MA
[INFO] 'chk_vobres_n_buy.py' 2026-06-02 11:49:14,481 : 하향추세 086520 에코프로 < 5MA 10MA
[INFO] 'chk_vobres_n_buy.py' 2026-06-02 11:49:14,482 : 하향추세 096770 SK이노베이션 < 5MA 10MA
[INFO] 'chk_vobres_n_buy.py' 2026-06-02 11:49:14,482 : 하향추세 247540 에코프로비엠 < 5MA 10MA
[INFO] 'chk_vobres_n_buy.py' 2026-06-02 11:49:14,482 : 하향추세 272210 한화시스템 < 5MA 10MA
[DEBUG] 'chk_vobres_n_buy.py' 2026-06-02 11:49:14,484 : 조건검색 종목 수18
[INFO] 'chk_vobres_n_buy.py' 2026-06-02 11:49:15,494 : 하향추세 010950 S-Oil < 5MA 10MA
[DEBUG] 'chk_vobres_n_buy.py' 2026-06-02 11:49:15,494 : 조건검색 종목 수1
[INFO] 'chk_vobres_n_buy.py' 2026-06-02 11:49:16,499 : 하향추세 003670 포스코퓨처엠 < 5MA 10MA
[WARNING] 'chk_vobres_n_buy.py' 2026-06-02 11:49:16,500 :  Not found in last_ohlc.txt 005070 코스모신소재
[INFO] 'chk_vobres_n_buy.py' 2026-06-02 11:49:16,500 : 하향추세 005490 POSCO홀딩스 < 5MA 10MA
[INFO] 'chk_vobres_n_buy.py' 2026-06-02 11:49:16,500 : 하향추세 006400 삼성SDI < 5MA 10MA
[INFO] 'chk_vobres_n_buy.py' 2026-06-02 11:49:16,501 : 하향추세 012450 한화에어로스페이스 < 5MA 10MA
[INFO] 'chk_vobres_n_buy.py' 2026-06-02 11:49:16,501 : 하향추세 042700 한미반도체 < 5MA 10MA
[INFO] 'chk_vobres_n_buy.py' 2026-06-02 11:49:16,501 : 하향추세 047810 한국항공우주 < 5MA 10MA
[INFO] 'chk_vobres_n_buy.py' 2026-06-02 11:49:16,502 : 하향추세 064350 현대로템 < 5MA 10MA
[INFO] 'chk_vobres_n_buy.py' 2026-06-02 11:49:16,502 : 하향추세 079550 LIG디펜스앤에어로스 < 5MA 10MA
[INFO] 'chk_vobres_n_buy.py' 2026-06-02 11:49:16,502 : 하향추세 086520 에코프로 < 5MA 10MA
[INFO] 'chk_vobres_n_buy.py' 2026-06-02 11:49:16,503 : 하향추세 096770 SK이노베이션 < 5MA 10MA
[INFO] 'chk_vobres_n_buy.py' 2026-06-02 11:49:16,503 : 하향추세 247540 에코프로비엠 < 5MA 10MA
[INFO] 'chk_vobres_n_buy.py' 2026-06-02 11:49:16,503 : 하향추세 272210 한화시스템 < 5MA 10MA
[DEBUG] 'chk_vobres_n_buy.py' 2026-06-02 11:49:16,504 : 조건검색 종목 수18
[INFO] 'chk_vobres_n_buy.py' 2026-06-02 11:49:17,517 : 하향추세 010950 S-Oil < 5MA 10MA
[DEBUG] 'chk_vobres_n_buy.py' 2026-06-02 11:49:17,518 : 조건검색 종목 수1
[INFO] 'chk_vobres_n_buy.py' 2026-06-02 11:49:18,534 : 하향추세 003670 포스코퓨처엠 < 5MA 10MA
[WARNING] 'chk_vobres_n_buy.py' 2026-06-02 11:49:18,534 :  Not found in last_ohlc.txt 005070 코스모신소재
[INFO] 'chk_vobres_n_buy.py' 2026-06-02 11:49:18,534 : 하향추세 005490 POSCO홀딩스 < 5MA 10MA
[INFO] 'chk_vobres_n_buy.py' 2026-06-02 11:49:18,534 : 하향추세 006400 삼성SDI < 5MA 10MA
[INFO] 'chk_vobres_n_buy.py' 2026-06-02 11:49:18,534 : 하향추세 012450 한화에어로스페이스 < 5MA 10MA
[INFO] 'chk_vobres_n_buy.py' 2026-06-02 11:49:18,534 : 하향추세 042700 한미반도체 < 5MA 10MA
[INFO] 'chk_vobres_n_buy.py' 2026-06-02 11:49:18,534 : 하향추세 047810 한국항공우주 < 5MA 10MA
[INFO] 'chk_vobres_n_buy.py' 2026-06-02 11:49:18,535 : 하향추세 064350 현대로템 < 5MA 10MA
[INFO] 'chk_vobres_n_buy.py' 2026-06-02 11:49:18,535 : 하향추세 079550 LIG디펜스앤에어로스 < 5MA 10MA
[INFO] 'chk_vobres_n_buy.py' 2026-06-02 11:49:18,535 : 하향추세 086520 에코프로 < 5MA 10MA
[INFO] 'chk_vobres_n_buy.py' 2026-06-02 11:49:18,535 : 하향추세 096770 SK이노베이션 < 5MA 10MA
[INFO] 'chk_vobres_n_buy.py' 2026-06-02 11:49:18,535 : 하향추세 247540 에코프로비엠 < 5MA 10MA
[INFO] 'chk_vobres_n_buy.py' 2026-06-02 11:49:18,535 : 하향추세 272210 한화시스템 < 5MA 10MA
[DEBUG] 'chk_vobres_n_buy.py' 2026-06-02 11:49:18,535 : 조건검색 종목 수18
[INFO] 'chk_vobres_n_buy.py' 2026-06-02 11:49:19,551 : 하향추세 010950 S-Oil < 5MA 10MA
[DEBUG] 'chk_vobres_n_buy.py' 2026-06-02 11:49:19,552 : 조건검색 종목 수1
[INFO] 'chk_vobres_n_buy.py' 2026-06-02 11:49:20,561 : 하향추세 003670 포스코퓨처엠 < 5MA 10MA
[WARNING] 'chk_vobres_n_buy.py' 2026-06-02 11:49:20,561 :  Not found in last_ohlc.txt 005070 코스모신소재
[INFO] 'chk_vobres_n_buy.py' 2026-06-02 11:49:20,562 : 하향추세 005490 POSCO홀딩스 < 5MA 10MA
[INFO] 'chk_vobres_n_buy.py' 2026-06-02 11:49:20,562 : 하향추세 006400 삼성SDI < 5MA 10MA
[INFO] 'chk_vobres_n_buy.py' 2026-06-02 11:49:20,562 : 하향추세 012450 한화에어로스페이스 < 5MA 10MA
[INFO] 'chk_vobres_n_buy.py' 2026-06-02 11:49:20,563 : 하향추세 042700 한미반도체 < 5MA 10MA
[INFO] 'chk_vobres_n_buy.py' 2026-06-02 11:49:20,563 : 하향추세 047810 한국항공우주 < 5MA 10MA
[INFO] 'chk_vobres_n_buy.py' 2026-06-02 11:49:20,563 : 하향추세 064350 현대로템 < 5MA 10MA
[INFO] 'chk_vobres_n_buy.py' 2026-06-02 11:49:20,564 : 하향추세 079550 LIG디펜스앤에어로스 < 5MA 10MA
[INFO] 'chk_vobres_n_buy.py' 2026-06-02 11:49:20,565 : 하향추세 086520 에코프로 < 5MA 10MA
[INFO] 'chk_vobres_n_buy.py' 2026-06-02 11:49:20,566 : 하향추세 096770 SK이노베이션 < 5MA 10MA
[INFO] 'chk_vobres_n_buy.py' 2026-06-02 11:49:20,566 : 하향추세 247540 에코프로비엠 < 5MA 10MA
[INFO] 'chk_vobres_n_buy.py' 2026-06-02 11:49:20,566 : 하향추세 272210 한화시스템 < 5MA 10MA
[DEBUG] 'chk_vobres_n_buy.py' 2026-06-02 11:49:20,567 : 조건검색 종목 수18
[INFO] 'chk_vobres_n_buy.py' 2026-06-02 11:49:21,583 : 하향추세 010950 S-Oil < 5MA 10MA
[DEBUG] 'chk_vobres_n_buy.py' 2026-06-02 11:49:21,584 : 조건검색 종목 수1
[INFO] 'chk_vobres_n_buy.py' 2026-06-02 11:49:22,594 : 하향추세 003670 포스코퓨처엠 < 5MA 10MA
[WARNING] 'chk_vobres_n_buy.py' 2026-06-02 11:49:22,595 :  Not found in last_ohlc.txt 005070 코스모신소재
[INFO] 'chk_vobres_n_buy.py' 2026-06-02 11:49:22,595 : 하향추세 005490 POSCO홀딩스 < 5MA 10MA
[INFO] 'chk_vobres_n_buy.py' 2026-06-02 11:49:22,595 : 하향추세 006400 삼성SDI < 5MA 10MA
[INFO] 'chk_vobres_n_buy.py' 2026-06-02 11:49:22,596 : 하향추세 012450 한화에어로스페이스 < 5MA 10MA
[INFO] 'chk_vobres_n_buy.py' 2026-06-02 11:49:22,596 : 하향추세 042700 한미반도체 < 5MA 10MA
[INFO] 'chk_vobres_n_buy.py' 2026-06-02 11:49:22,596 : 하향추세 047810 한국항공우주 < 5MA 10MA
[INFO] 'chk_vobres_n_buy.py' 2026-06-02 11:49:22,597 : 하향추세 064350 현대로템 < 5MA 10MA
[INFO] 'chk_vobres_n_buy.py' 2026-06-02 11:49:22,597 : 하향추세 079550 LIG디펜스앤에어로스 < 5MA 10MA
[INFO] 'chk_vobres_n_buy.py' 2026-06-02 11:49:22,597 : 하향추세 086520 에코프로 < 5MA 10MA
[INFO] 'chk_vobres_n_buy.py' 2026-06-02 11:49:22,598 : 하향추세 096770 SK이노베이션 < 5MA 10MA
[INFO] 'chk_vobres_n_buy.py' 2026-06-02 11:49:22,598 : 하향추세 247540 에코프로비엠 < 5MA 10MA
[INFO] 'chk_vobres_n_buy.py' 2026-06-02 11:49:22,598 : 하향추세 272210 한화시스템 < 5MA 10MA
[DEBUG] 'chk_vobres_n_buy.py' 2026-06-02 11:49:22,598 : 조건검색 종목 수18
[INFO] 'chk_vobres_n_buy.py' 2026-06-02 11:49:23,614 : 하향추세 010950 S-Oil < 5MA 10MA
[DEBUG] 'chk_vobres_n_buy.py' 2026-06-02 11:49:23,614 : 조건검색 종목 수1
[INFO] 'chk_vobres_n_buy.py' 2026-06-02 11:49:24,633 : 하향추세 003670 포스코퓨처엠 < 5MA 10MA
[WARNING] 'chk_vobres_n_buy.py' 2026-06-02 11:49:24,634 :  Not found in last_ohlc.txt 005070 코스모신소재
[INFO] 'chk_vobres_n_buy.py' 2026-06-02 11:49:24,634 : 하향추세 005490 POSCO홀딩스 < 5MA 10MA
[INFO] 'chk_vobres_n_buy.py' 2026-06-02 11:49:24,635 : 하향추세 006400 삼성SDI < 5MA 10MA
[INFO] 'chk_vobres_n_buy.py' 2026-06-02 11:49:24,635 : 하향추세 012450 한화에어로스페이스 < 5MA 10MA
[INFO] 'chk_vobres_n_buy.py' 2026-06-02 11:49:24,636 : 하향추세 042700 한미반도체 < 5MA 10MA
[INFO] 'chk_vobres_n_buy.py' 2026-06-02 11:49:24,636 : 하향추세 047810 한국항공우주 < 5MA 10MA
[INFO] 'chk_vobres_n_buy.py' 2026-06-02 11:49:24,636 : 하향추세 064350 현대로템 < 5MA 10MA
[INFO] 'chk_vobres_n_buy.py' 2026-06-02 11:49:24,636 : 하향추세 079550 LIG디펜스앤에어로스 < 5MA 10MA
[INFO] 'chk_vobres_n_buy.py' 2026-06-02 11:49:24,636 : 하향추세 086520 에코프로 < 5MA 10MA
[INFO] 'chk_vobres_n_buy.py' 2026-06-02 11:49:24,636 : 하향추세 096770 SK이노베이션 < 5MA 10MA
[INFO] 'chk_vobres_n_buy.py' 2026-06-02 11:49:24,637 : 하향추세 247540 에코프로비엠 < 5MA 10MA
[INFO] 'chk_vobres_n_buy.py' 2026-06-02 11:49:24,637 : 하향추세 272210 한화시스템 < 5MA 10MA
[DEBUG] 'chk_vobres_n_buy.py' 2026-06-02 11:49:24,637 : 조건검색 종목 수18
[INFO] 'chk_vobres_n_buy.py' 2026-06-02 11:49:25,651 : 하향추세 010950 S-Oil < 5MA 10MA
[DEBUG] 'chk_vobres_n_buy.py' 2026-06-02 11:49:25,651 : 조건검색 종목 수2
[INFO] 'chk_vobres_n_buy.py' 2026-06-02 11:49:26,654 : 하향추세 003670 포스코퓨처엠 < 5MA 10MA
[WARNING] 'chk_vobres_n_buy.py' 2026-06-02 11:49:26,655 :  Not found in last_ohlc.txt 005070 코스모신소재
[INFO] 'chk_vobres_n_buy.py' 2026-06-02 11:49:26,655 : 하향추세 005490 POSCO홀딩스 < 5MA 10MA
[INFO] 'chk_vobres_n_buy.py' 2026-06-02 11:49:26,655 : 하향추세 006400 삼성SDI < 5MA 10MA
[INFO] 'chk_vobres_n_buy.py' 2026-06-02 11:49:26,656 : 하향추세 012450 한화에어로스페이스 < 5MA 10MA
[INFO] 'chk_vobres_n_buy.py' 2026-06-02 11:49:26,656 : 하향추세 042700 한미반도체 < 5MA 10MA
[INFO] 'chk_vobres_n_buy.py' 2026-06-02 11:49:26,656 : 하향추세 047810 한국항공우주 < 5MA 10MA
[INFO] 'chk_vobres_n_buy.py' 2026-06-02 11:49:26,657 : 하향추세 064350 현대로템 < 5MA 10MA
[INFO] 'chk_vobres_n_buy.py' 2026-06-02 11:49:26,657 : 하향추세 079550 LIG디펜스앤에어로스 < 5MA 10MA
[INFO] 'chk_vobres_n_buy.py' 2026-06-02 11:49:26,657 : 하향추세 086520 에코프로 < 5MA 10MA
[INFO] 'chk_vobres_n_buy.py' 2026-06-02 11:49:26,658 : 하향추세 096770 SK이노베이션 < 5MA 10MA
[INFO] 'chk_vobres_n_buy.py' 2026-06-02 11:49:26,658 : 하향추세 247540 에코프로비엠 < 5MA 10MA
[INFO] 'chk_vobres_n_buy.py' 2026-06-02 11:49:26,658 : 하향추세 272210 한화시스템 < 5MA 10MA
[DEBUG] 'chk_vobres_n_buy.py' 2026-06-02 11:49:26,658 : 조건검색 종목 수18
[INFO] 'chk_vobres_n_buy.py' 2026-06-02 11:49:27,677 : 하향추세 010950 S-Oil < 5MA 10MA
[DEBUG] 'chk_vobres_n_buy.py' 2026-06-02 11:49:27,677 : 조건검색 종목 수1
[INFO] 'chk_vobres_n_buy.py' 2026-06-02 11:49:28,681 : 하향추세 003670 포스코퓨처엠 < 5MA 10MA
[WARNING] 'chk_vobres_n_buy.py' 2026-06-02 11:49:28,682 :  Not found in last_ohlc.txt 005070 코스모신소재
[INFO] 'chk_vobres_n_buy.py' 2026-06-02 11:49:28,682 : 하향추세 005490 POSCO홀딩스 < 5MA 10MA
[INFO] 'chk_vobres_n_buy.py' 2026-06-02 11:49:28,683 : 하향추세 006400 삼성SDI < 5MA 10MA
[INFO] 'chk_vobres_n_buy.py' 2026-06-02 11:49:28,685 : 하향추세 012450 한화에어로스페이스 < 5MA 10MA
[INFO] 'chk_vobres_n_buy.py' 2026-06-02 11:49:28,685 : 하향추세 042700 한미반도체 < 5MA 10MA
[INFO] 'chk_vobres_n_buy.py' 2026-06-02 11:49:28,685 : 하향추세 047810 한국항공우주 < 5MA 10MA
[INFO] 'chk_vobres_n_buy.py' 2026-06-02 11:49:28,686 : 하향추세 064350 현대로템 < 5MA 10MA
[INFO] 'chk_vobres_n_buy.py' 2026-06-02 11:49:28,686 : 하향추세 079550 LIG디펜스앤에어로스 < 5MA 10MA
[INFO] 'chk_vobres_n_buy.py' 2026-06-02 11:49:28,687 : 하향추세 086520 에코프로 < 5MA 10MA
[INFO] 'chk_vobres_n_buy.py' 2026-06-02 11:49:28,687 : 하향추세 096770 SK이노베이션 < 5MA 10MA
[INFO] 'chk_vobres_n_buy.py' 2026-06-02 11:49:28,687 : 하향추세 247540 에코프로비엠 < 5MA 10MA
[INFO] 'chk_vobres_n_buy.py' 2026-06-02 11:49:28,688 : 하향추세 272210 한화시스템 < 5MA 10MA
[DEBUG] 'chk_vobres_n_buy.py' 2026-06-02 11:49:28,688 : 조건검색 종목 수18
[INFO] 'chk_vobres_n_buy.py' 2026-06-02 11:49:29,704 : 하향추세 010950 S-Oil < 5MA 10MA
[DEBUG] 'chk_vobres_n_buy.py' 2026-06-02 11:49:29,704 : 조건검색 종목 수1
[INFO] 'chk_vobres_n_buy.py' 2026-06-02 11:49:30,721 : 하향추세 003670 포스코퓨처엠 < 5MA 10MA
[WARNING] 'chk_vobres_n_buy.py' 2026-06-02 11:49:30,722 :  Not found in last_ohlc.txt 005070 코스모신소재
[INFO] 'chk_vobres_n_buy.py' 2026-06-02 11:49:30,722 : 하향추세 005490 POSCO홀딩스 < 5MA 10MA
[INFO] 'chk_vobres_n_buy.py' 2026-06-02 11:49:30,723 : 하향추세 006400 삼성SDI < 5MA 10MA
[INFO] 'chk_vobres_n_buy.py' 2026-06-02 11:49:30,723 : 하향추세 012450 한화에어로스페이스 < 5MA 10MA
[INFO] 'chk_vobres_n_buy.py' 2026-06-02 11:49:30,723 : 하향추세 042700 한미반도체 < 5MA 10MA
[INFO] 'chk_vobres_n_buy.py' 2026-06-02 11:49:30,724 : 하향추세 047810 한국항공우주 < 5MA 10MA
[INFO] 'chk_vobres_n_buy.py' 2026-06-02 11:49:30,725 : 하향추세 064350 현대로템 < 5MA 10MA
[INFO] 'chk_vobres_n_buy.py' 2026-06-02 11:49:30,725 : 하향추세 079550 LIG디펜스앤에어로스 < 5MA 10MA
[INFO] 'chk_vobres_n_buy.py' 2026-06-02 11:49:30,726 : 하향추세 086520 에코프로 < 5MA 10MA
[INFO] 'chk_vobres_n_buy.py' 2026-06-02 11:49:30,726 : 하향추세 096770 SK이노베이션 < 5MA 10MA
[INFO] 'chk_vobres_n_buy.py' 2026-06-02 11:49:30,726 : 하향추세 247540 에코프로비엠 < 5MA 10MA
[INFO] 'chk_vobres_n_buy.py' 2026-06-02 11:49:30,726 : 하향추세 272210 한화시스템 < 5MA 10MA
[DEBUG] 'chk_vobres_n_buy.py' 2026-06-02 11:49:30,727 : 조건검색 종목 수18
[INFO] 'chk_vobres_n_buy.py' 2026-06-02 11:49:31,739 : 하향추세 010950 S-Oil < 5MA 10MA
[DEBUG] 'chk_vobres_n_buy.py' 2026-06-02 11:49:31,740 : 조건검색 종목 수1
[INFO] 'chk_vobres_n_buy.py' 2026-06-02 11:49:32,755 : 하향추세 003670 포스코퓨처엠 < 5MA 10MA
[WARNING] 'chk_vobres_n_buy.py' 2026-06-02 11:49:32,756 :  Not found in last_ohlc.txt 005070 코스모신소재
[INFO] 'chk_vobres_n_buy.py' 2026-06-02 11:49:32,757 : 하향추세 005490 POSCO홀딩스 < 5MA 10MA
[INFO] 'chk_vobres_n_buy.py' 2026-06-02 11:49:32,757 : 하향추세 006400 삼성SDI < 5MA 10MA
[INFO] 'chk_vobres_n_buy.py' 2026-06-02 11:49:32,757 : 하향추세 012450 한화에어로스페이스 < 5MA 10MA
[INFO] 'chk_vobres_n_buy.py' 2026-06-02 11:49:32,758 : 하향추세 042700 한미반도체 < 5MA 10MA
[INFO] 'chk_vobres_n_buy.py' 2026-06-02 11:49:32,758 : 하향추세 047810 한국항공우주 < 5MA 10MA
[INFO] 'chk_vobres_n_buy.py' 2026-06-02 11:49:32,758 : 하향추세 064350 현대로템 < 5MA 10MA
[INFO] 'chk_vobres_n_buy.py' 2026-06-02 11:49:32,759 : 하향추세 079550 LIG디펜스앤에어로스 < 5MA 10MA
[INFO] 'chk_vobres_n_buy.py' 2026-06-02 11:49:32,759 : 하향추세 086520 에코프로 < 5MA 10MA
[INFO] 'chk_vobres_n_buy.py' 2026-06-02 11:49:32,759 : 하향추세 096770 SK이노베이션 < 5MA 10MA
[INFO] 'chk_vobres_n_buy.py' 2026-06-02 11:49:32,760 : 하향추세 247540 에코프로비엠 < 5MA 10MA
[INFO] 'chk_vobres_n_buy.py' 2026-06-02 11:49:32,760 : 하향추세 272210 한화시스템 < 5MA 10MA
[DEBUG] 'chk_vobres_n_buy.py' 2026-06-02 11:49:32,760 : 조건검색 종목 수18
[INFO] 'chk_vobres_n_buy.py' 2026-06-02 11:49:33,776 : 하향추세 010950 S-Oil < 5MA 10MA
[DEBUG] 'chk_vobres_n_buy.py' 2026-06-02 11:49:33,776 : 조건검색 종목 수1
[INFO] 'chk_vobres_n_buy.py' 2026-06-02 11:49:34,792 : 하향추세 003670 포스코퓨처엠 < 5MA 10MA
[WARNING] 'chk_vobres_n_buy.py' 2026-06-02 11:49:34,793 :  Not found in last_ohlc.txt 005070 코스모신소재
[INFO] 'chk_vobres_n_buy.py' 2026-06-02 11:49:34,793 : 하향추세 005490 POSCO홀딩스 < 5MA 10MA
[INFO] 'chk_vobres_n_buy.py' 2026-06-02 11:49:34,793 : 하향추세 006400 삼성SDI < 5MA 10MA
[INFO] 'chk_vobres_n_buy.py' 2026-06-02 11:49:34,794 : 하향추세 012450 한화에어로스페이스 < 5MA 10MA
[INFO] 'chk_vobres_n_buy.py' 2026-06-02 11:49:34,794 : 하향추세 042700 한미반도체 < 5MA 10MA
[INFO] 'chk_vobres_n_buy.py' 2026-06-02 11:49:34,795 : 하향추세 047810 한국항공우주 < 5MA 10MA
[INFO] 'chk_vobres_n_buy.py' 2026-06-02 11:49:34,795 : 하향추세 064350 현대로템 < 5MA 10MA
[INFO] 'chk_vobres_n_buy.py' 2026-06-02 11:49:34,795 : 하향추세 079550 LIG디펜스앤에어로스 < 5MA 10MA
[INFO] 'chk_vobres_n_buy.py' 2026-06-02 11:49:34,796 : 하향추세 086520 에코프로 < 5MA 10MA
[INFO] 'chk_vobres_n_buy.py' 2026-06-02 11:49:34,796 : 하향추세 096770 SK이노베이션 < 5MA 10MA
[INFO] 'chk_vobres_n_buy.py' 2026-06-02 11:49:34,796 : 하향추세 247540 에코프로비엠 < 5MA 10MA
[INFO] 'chk_vobres_n_buy.py' 2026-06-02 11:49:34,797 : 하향추세 272210 한화시스템 < 5MA 10MA
[DEBUG] 'chk_vobres_n_buy.py' 2026-06-02 11:49:34,797 : 조건검색 종목 수18
[INFO] 'chk_vobres_n_buy.py' 2026-06-02 11:49:35,806 : 하향추세 010950 S-Oil < 5MA 10MA
[DEBUG] 'chk_vobres_n_buy.py' 2026-06-02 11:49:35,807 : 조건검색 종목 수1
[INFO] 'chk_vobres_n_buy.py' 2026-06-02 11:49:36,826 : 하향추세 003670 포스코퓨처엠 < 5MA 10MA
[WARNING] 'chk_vobres_n_buy.py' 2026-06-02 11:49:36,826 :  Not found in last_ohlc.txt 005070 코스모신소재
[INFO] 'chk_vobres_n_buy.py' 2026-06-02 11:49:36,827 : 하향추세 005490 POSCO홀딩스 < 5MA 10MA
[INFO] 'chk_vobres_n_buy.py' 2026-06-02 11:49:36,827 : 하향추세 006400 삼성SDI < 5MA 10MA
[INFO] 'chk_vobres_n_buy.py' 2026-06-02 11:49:36,827 : 하향추세 012450 한화에어로스페이스 < 5MA 10MA
[INFO] 'chk_vobres_n_buy.py' 2026-06-02 11:49:36,828 : 하향추세 042700 한미반도체 < 5MA 10MA
[INFO] 'chk_vobres_n_buy.py' 2026-06-02 11:49:36,828 : 하향추세 047810 한국항공우주 < 5MA 10MA
[INFO] 'chk_vobres_n_buy.py' 2026-06-02 11:49:36,828 : 하향추세 064350 현대로템 < 5MA 10MA
[INFO] 'chk_vobres_n_buy.py' 2026-06-02 11:49:36,829 : 하향추세 079550 LIG디펜스앤에어로스 < 5MA 10MA
[INFO] 'chk_vobres_n_buy.py' 2026-06-02 11:49:36,829 : 하향추세 086520 에코프로 < 5MA 10MA
[INFO] 'chk_vobres_n_buy.py' 2026-06-02 11:49:36,829 : 하향추세 096770 SK이노베이션 < 5MA 10MA
[INFO] 'chk_vobres_n_buy.py' 2026-06-02 11:49:36,830 : 하향추세 247540 에코프로비엠 < 5MA 10MA
[INFO] 'chk_vobres_n_buy.py' 2026-06-02 11:49:36,830 : 하향추세 272210 한화시스템 < 5MA 10MA
[DEBUG] 'chk_vobres_n_buy.py' 2026-06-02 11:49:36,830 : 조건검색 종목 수18
[INFO] 'chk_vobres_n_buy.py' 2026-06-02 11:49:37,843 : 하향추세 010950 S-Oil < 5MA 10MA
[DEBUG] 'chk_vobres_n_buy.py' 2026-06-02 11:49:37,843 : 조건검색 종목 수1
[INFO] 'chk_vobres_n_buy.py' 2026-06-02 11:49:38,850 : 하향추세 003670 포스코퓨처엠 < 5MA 10MA
[WARNING] 'chk_vobres_n_buy.py' 2026-06-02 11:49:38,850 :  Not found in last_ohlc.txt 005070 코스모신소재
[INFO] 'chk_vobres_n_buy.py' 2026-06-02 11:49:38,851 : 하향추세 005490 POSCO홀딩스 < 5MA 10MA
[INFO] 'chk_vobres_n_buy.py' 2026-06-02 11:49:38,851 : 하향추세 006400 삼성SDI < 5MA 10MA
[INFO] 'chk_vobres_n_buy.py' 2026-06-02 11:49:38,851 : 하향추세 012450 한화에어로스페이스 < 5MA 10MA
[INFO] 'chk_vobres_n_buy.py' 2026-06-02 11:49:38,852 : 하향추세 042700 한미반도체 < 5MA 10MA
[INFO] 'chk_vobres_n_buy.py' 2026-06-02 11:49:38,852 : 하향추세 047810 한국항공우주 < 5MA 10MA
[INFO] 'chk_vobres_n_buy.py' 2026-06-02 11:49:38,852 : 하향추세 064350 현대로템 < 5MA 10MA
[INFO] 'chk_vobres_n_buy.py' 2026-06-02 11:49:38,853 : 하향추세 079550 LIG디펜스앤에어로스 < 5MA 10MA
[INFO] 'chk_vobres_n_buy.py' 2026-06-02 11:49:38,853 : 하향추세 086520 에코프로 < 5MA 10MA
[INFO] 'chk_vobres_n_buy.py' 2026-06-02 11:49:38,853 : 하향추세 096770 SK이노베이션 < 5MA 10MA
[INFO] 'chk_vobres_n_buy.py' 2026-06-02 11:49:38,854 : 하향추세 247540 에코프로비엠 < 5MA 10MA
[INFO] 'chk_vobres_n_buy.py' 2026-06-02 11:49:38,854 : 하향추세 272210 한화시스템 < 5MA 10MA
[DEBUG] 'chk_vobres_n_buy.py' 2026-06-02 11:49:38,854 : 조건검색 종목 수18
[INFO] 'chk_vobres_n_buy.py' 2026-06-02 11:49:39,859 : 하향추세 010950 S-Oil < 5MA 10MA
[DEBUG] 'chk_vobres_n_buy.py' 2026-06-02 11:49:39,859 : 조건검색 종목 수1
[INFO] 'chk_vobres_n_buy.py' 2026-06-02 11:49:40,867 : 하향추세 003670 포스코퓨처엠 < 5MA 10MA
[WARNING] 'chk_vobres_n_buy.py' 2026-06-02 11:49:40,867 :  Not found in last_ohlc.txt 005070 코스모신소재
[INFO] 'chk_vobres_n_buy.py' 2026-06-02 11:49:40,867 : 하향추세 005490 POSCO홀딩스 < 5MA 10MA
[INFO] 'chk_vobres_n_buy.py' 2026-06-02 11:49:40,867 : 하향추세 006400 삼성SDI < 5MA 10MA
[INFO] 'chk_vobres_n_buy.py' 2026-06-02 11:49:40,867 : 하향추세 012450 한화에어로스페이스 < 5MA 10MA
[INFO] 'chk_vobres_n_buy.py' 2026-06-02 11:49:40,867 : 하향추세 042700 한미반도체 < 5MA 10MA
[INFO] 'chk_vobres_n_buy.py' 2026-06-02 11:49:40,868 : 하향추세 047810 한국항공우주 < 5MA 10MA
[INFO] 'chk_vobres_n_buy.py' 2026-06-02 11:49:40,868 : 하향추세 064350 현대로템 < 5MA 10MA
[INFO] 'chk_vobres_n_buy.py' 2026-06-02 11:49:40,868 : 하향추세 079550 LIG디펜스앤에어로스 < 5MA 10MA
[INFO] 'chk_vobres_n_buy.py' 2026-06-02 11:49:40,868 : 하향추세 086520 에코프로 < 5MA 10MA
[INFO] 'chk_vobres_n_buy.py' 2026-06-02 11:49:40,868 : 하향추세 096770 SK이노베이션 < 5MA 10MA
[INFO] 'chk_vobres_n_buy.py' 2026-06-02 11:49:40,868 : 하향추세 247540 에코프로비엠 < 5MA 10MA
[INFO] 'chk_vobres_n_buy.py' 2026-06-02 11:49:40,868 : 하향추세 272210 한화시스템 < 5MA 10MA
[DEBUG] 'chk_vobres_n_buy.py' 2026-06-02 11:49:40,868 : 조건검색 종목 수18
[INFO] 'chk_vobres_n_buy.py' 2026-06-02 11:49:41,873 : 하향추세 010950 S-Oil < 5MA 10MA
[DEBUG] 'chk_vobres_n_buy.py' 2026-06-02 11:49:41,873 : 조건검색 종목 수2
[INFO] 'chk_vobres_n_buy.py' 2026-06-02 11:49:42,880 : 하향추세 003670 포스코퓨처엠 < 5MA 10MA
[WARNING] 'chk_vobres_n_buy.py' 2026-06-02 11:49:42,880 :  Not found in last_ohlc.txt 005070 코스모신소재
[INFO] 'chk_vobres_n_buy.py' 2026-06-02 11:49:42,881 : 하향추세 005490 POSCO홀딩스 < 5MA 10MA
[INFO] 'chk_vobres_n_buy.py' 2026-06-02 11:49:42,881 : 하향추세 006400 삼성SDI < 5MA 10MA
[INFO] 'chk_vobres_n_buy.py' 2026-06-02 11:49:42,881 : 하향추세 012450 한화에어로스페이스 < 5MA 10MA
[INFO] 'chk_vobres_n_buy.py' 2026-06-02 11:49:42,882 : 하향추세 042700 한미반도체 < 5MA 10MA
[INFO] 'chk_vobres_n_buy.py' 2026-06-02 11:49:42,882 : 하향추세 047810 한국항공우주 < 5MA 10MA
[INFO] 'chk_vobres_n_buy.py' 2026-06-02 11:49:42,882 : 하향추세 064350 현대로템 < 5MA 10MA
[INFO] 'chk_vobres_n_buy.py' 2026-06-02 11:49:42,883 : 하향추세 079550 LIG디펜스앤에어로스 < 5MA 10MA
[INFO] 'chk_vobres_n_buy.py' 2026-06-02 11:49:42,884 : 하향추세 086520 에코프로 < 5MA 10MA
[INFO] 'chk_vobres_n_buy.py' 2026-06-02 11:49:42,884 : 하향추세 096770 SK이노베이션 < 5MA 10MA
[INFO] 'chk_vobres_n_buy.py' 2026-06-02 11:49:42,884 : 하향추세 247540 에코프로비엠 < 5MA 10MA
[INFO] 'chk_vobres_n_buy.py' 2026-06-02 11:49:42,885 : 하향추세 272210 한화시스템 < 5MA 10MA
[DEBUG] 'chk_vobres_n_buy.py' 2026-06-02 11:49:42,885 : 조건검색 종목 수18
[INFO] 'chk_vobres_n_buy.py' 2026-06-02 11:49:43,901 : 하향추세 010950 S-Oil < 5MA 10MA
[DEBUG] 'chk_vobres_n_buy.py' 2026-06-02 11:49:43,901 : 조건검색 종목 수1
[INFO] 'chk_vobres_n_buy.py' 2026-06-02 11:49:44,905 : 하향추세 003670 포스코퓨처엠 < 5MA 10MA
[WARNING] 'chk_vobres_n_buy.py' 2026-06-02 11:49:44,906 :  Not found in last_ohlc.txt 005070 코스모신소재
[INFO] 'chk_vobres_n_buy.py' 2026-06-02 11:49:44,906 : 하향추세 005490 POSCO홀딩스 < 5MA 10MA
[INFO] 'chk_vobres_n_buy.py' 2026-06-02 11:49:44,907 : 하향추세 006400 삼성SDI < 5MA 10MA
[INFO] 'chk_vobres_n_buy.py' 2026-06-02 11:49:44,907 : 하향추세 012450 한화에어로스페이스 < 5MA 10MA
[INFO] 'chk_vobres_n_buy.py' 2026-06-02 11:49:44,908 : 하향추세 042700 한미반도체 < 5MA 10MA
[INFO] 'chk_vobres_n_buy.py' 2026-06-02 11:49:44,908 : 하향추세 047810 한국항공우주 < 5MA 10MA
[INFO] 'chk_vobres_n_buy.py' 2026-06-02 11:49:44,908 : 하향추세 064350 현대로템 < 5MA 10MA
[INFO] 'chk_vobres_n_buy.py' 2026-06-02 11:49:44,909 : 하향추세 079550 LIG디펜스앤에어로스 < 5MA 10MA
[INFO] 'chk_vobres_n_buy.py' 2026-06-02 11:49:44,909 : 하향추세 086520 에코프로 < 5MA 10MA
[INFO] 'chk_vobres_n_buy.py' 2026-06-02 11:49:44,909 : 하향추세 096770 SK이노베이션 < 5MA 10MA
[INFO] 'chk_vobres_n_buy.py' 2026-06-02 11:49:44,910 : 하향추세 247540 에코프로비엠 < 5MA 10MA
[INFO] 'chk_vobres_n_buy.py' 2026-06-02 11:49:44,910 : 하향추세 272210 한화시스템 < 5MA 10MA
[DEBUG] 'chk_vobres_n_buy.py' 2026-06-02 11:49:44,910 : 조건검색 종목 수18
[INFO] 'chk_vobres_n_buy.py' 2026-06-02 11:49:45,919 : 하향추세 010950 S-Oil < 5MA 10MA
[DEBUG] 'chk_vobres_n_buy.py' 2026-06-02 11:49:45,920 : 조건검색 종목 수1
[INFO] 'chk_vobres_n_buy.py' 2026-06-02 11:49:46,937 : 하향추세 003670 포스코퓨처엠 < 5MA 10MA
[WARNING] 'chk_vobres_n_buy.py' 2026-06-02 11:49:46,937 :  Not found in last_ohlc.txt 005070 코스모신소재
[INFO] 'chk_vobres_n_buy.py' 2026-06-02 11:49:46,938 : 하향추세 005490 POSCO홀딩스 < 5MA 10MA
[INFO] 'chk_vobres_n_buy.py' 2026-06-02 11:49:46,938 : 하향추세 006400 삼성SDI < 5MA 10MA
[INFO] 'chk_vobres_n_buy.py' 2026-06-02 11:49:46,938 : 하향추세 012450 한화에어로스페이스 < 5MA 10MA
[INFO] 'chk_vobres_n_buy.py' 2026-06-02 11:49:46,938 : 하향추세 042700 한미반도체 < 5MA 10MA
[INFO] 'chk_vobres_n_buy.py' 2026-06-02 11:49:46,938 : 하향추세 047810 한국항공우주 < 5MA 10MA
[INFO] 'chk_vobres_n_buy.py' 2026-06-02 11:49:46,938 : 하향추세 064350 현대로템 < 5MA 10MA
[INFO] 'chk_vobres_n_buy.py' 2026-06-02 11:49:46,938 : 하향추세 079550 LIG디펜스앤에어로스 < 5MA 10MA
[INFO] 'chk_vobres_n_buy.py' 2026-06-02 11:49:46,938 : 하향추세 086520 에코프로 < 5MA 10MA
[INFO] 'chk_vobres_n_buy.py' 2026-06-02 11:49:46,939 : 하향추세 096770 SK이노베이션 < 5MA 10MA
[INFO] 'chk_vobres_n_buy.py' 2026-06-02 11:49:46,939 : 하향추세 247540 에코프로비엠 < 5MA 10MA
[INFO] 'chk_vobres_n_buy.py' 2026-06-02 11:49:46,939 : 하향추세 272210 한화시스템 < 5MA 10MA
[DEBUG] 'chk_vobres_n_buy.py' 2026-06-02 11:49:46,939 : 조건검색 종목 수18
[INFO] 'chk_vobres_n_buy.py' 2026-06-02 11:49:47,945 : 하향추세 010950 S-Oil < 5MA 10MA
[DEBUG] 'chk_vobres_n_buy.py' 2026-06-02 11:49:47,946 : 조건검색 종목 수1
[INFO] 'chk_vobres_n_buy.py' 2026-06-02 11:49:48,960 : 하향추세 003670 포스코퓨처엠 < 5MA 10MA
[WARNING] 'chk_vobres_n_buy.py' 2026-06-02 11:49:48,961 :  Not found in last_ohlc.txt 005070 코스모신소재
[INFO] 'chk_vobres_n_buy.py' 2026-06-02 11:49:48,961 : 하향추세 005490 POSCO홀딩스 < 5MA 10MA
[INFO] 'chk_vobres_n_buy.py' 2026-06-02 11:49:48,961 : 하향추세 006400 삼성SDI < 5MA 10MA
[INFO] 'chk_vobres_n_buy.py' 2026-06-02 11:49:48,961 : 하향추세 012450 한화에어로스페이스 < 5MA 10MA
[INFO] 'chk_vobres_n_buy.py' 2026-06-02 11:49:48,961 : 하향추세 042700 한미반도체 < 5MA 10MA
[INFO] 'chk_vobres_n_buy.py' 2026-06-02 11:49:48,961 : 하향추세 047810 한국항공우주 < 5MA 10MA
[INFO] 'chk_vobres_n_buy.py' 2026-06-02 11:49:48,962 : 하향추세 064350 현대로템 < 5MA 10MA
[INFO] 'chk_vobres_n_buy.py' 2026-06-02 11:49:48,962 : 하향추세 079550 LIG디펜스앤에어로스 < 5MA 10MA
[INFO] 'chk_vobres_n_buy.py' 2026-06-02 11:49:48,962 : 하향추세 086520 에코프로 < 5MA 10MA
[INFO] 'chk_vobres_n_buy.py' 2026-06-02 11:49:48,962 : 하향추세 096770 SK이노베이션 < 5MA 10MA
[INFO] 'chk_vobres_n_buy.py' 2026-06-02 11:49:48,962 : 하향추세 247540 에코프로비엠 < 5MA 10MA
[INFO] 'chk_vobres_n_buy.py' 2026-06-02 11:49:48,962 : 하향추세 272210 한화시스템 < 5MA 10MA
[DEBUG] 'chk_vobres_n_buy.py' 2026-06-02 11:49:48,962 : 조건검색 종목 수18
[INFO] 'chk_vobres_n_buy.py' 2026-06-02 11:49:49,968 : 하향추세 010950 S-Oil < 5MA 10MA
[DEBUG] 'chk_vobres_n_buy.py' 2026-06-02 11:49:49,968 : 조건검색 종목 수1
[INFO] 'chk_vobres_n_buy.py' 2026-06-02 11:49:50,970 : 하향추세 003670 포스코퓨처엠 < 5MA 10MA
[WARNING] 'chk_vobres_n_buy.py' 2026-06-02 11:49:50,971 :  Not found in last_ohlc.txt 005070 코스모신소재
[INFO] 'chk_vobres_n_buy.py' 2026-06-02 11:49:50,971 : 하향추세 005490 POSCO홀딩스 < 5MA 10MA
[INFO] 'chk_vobres_n_buy.py' 2026-06-02 11:49:50,972 : 하향추세 006400 삼성SDI < 5MA 10MA
[INFO] 'chk_vobres_n_buy.py' 2026-06-02 11:49:50,972 : 하향추세 012450 한화에어로스페이스 < 5MA 10MA
[INFO] 'chk_vobres_n_buy.py' 2026-06-02 11:49:50,972 : 하향추세 042700 한미반도체 < 5MA 10MA
[INFO] 'chk_vobres_n_buy.py' 2026-06-02 11:49:50,973 : 하향추세 047810 한국항공우주 < 5MA 10MA
[INFO] 'chk_vobres_n_buy.py' 2026-06-02 11:49:50,973 : 하향추세 064350 현대로템 < 5MA 10MA
[INFO] 'chk_vobres_n_buy.py' 2026-06-02 11:49:50,973 : 하향추세 079550 LIG디펜스앤에어로스 < 5MA 10MA
[INFO] 'chk_vobres_n_buy.py' 2026-06-02 11:49:50,974 : 하향추세 086520 에코프로 < 5MA 10MA
[INFO] 'chk_vobres_n_buy.py' 2026-06-02 11:49:50,974 : 하향추세 096770 SK이노베이션 < 5MA 10MA
[INFO] 'chk_vobres_n_buy.py' 2026-06-02 11:49:50,974 : 하향추세 247540 에코프로비엠 < 5MA 10MA
[INFO] 'chk_vobres_n_buy.py' 2026-06-02 11:49:50,975 : 하향추세 272210 한화시스템 < 5MA 10MA
[DEBUG] 'chk_vobres_n_buy.py' 2026-06-02 11:49:50,975 : 조건검색 종목 수18
[INFO] 'chk_vobres_n_buy.py' 2026-06-02 11:49:51,978 : 하향추세 010950 S-Oil < 5MA 10MA
[DEBUG] 'chk_vobres_n_buy.py' 2026-06-02 11:49:51,978 : 조건검색 종목 수1
[INFO] 'chk_vobres_n_buy.py' 2026-06-02 11:49:52,997 : 하향추세 003670 포스코퓨처엠 < 5MA 10MA
[WARNING] 'chk_vobres_n_buy.py' 2026-06-02 11:49:52,997 :  Not found in last_ohlc.txt 005070 코스모신소재
[INFO] 'chk_vobres_n_buy.py' 2026-06-02 11:49:52,997 : 하향추세 005490 POSCO홀딩스 < 5MA 10MA
[INFO] 'chk_vobres_n_buy.py' 2026-06-02 11:49:52,997 : 하향추세 006400 삼성SDI < 5MA 10MA
[INFO] 'chk_vobres_n_buy.py' 2026-06-02 11:49:52,998 : 하향추세 012450 한화에어로스페이스 < 5MA 10MA
[INFO] 'chk_vobres_n_buy.py' 2026-06-02 11:49:52,998 : 하향추세 042700 한미반도체 < 5MA 10MA
[INFO] 'chk_vobres_n_buy.py' 2026-06-02 11:49:52,999 : 하향추세 047810 한국항공우주 < 5MA 10MA
[INFO] 'chk_vobres_n_buy.py' 2026-06-02 11:49:53,000 : 하향추세 064350 현대로템 < 5MA 10MA
[INFO] 'chk_vobres_n_buy.py' 2026-06-02 11:49:53,000 : 하향추세 079550 LIG디펜스앤에어로스 < 5MA 10MA
[INFO] 'chk_vobres_n_buy.py' 2026-06-02 11:49:53,000 : 하향추세 086520 에코프로 < 5MA 10MA
[INFO] 'chk_vobres_n_buy.py' 2026-06-02 11:49:53,000 : 하향추세 096770 SK이노베이션 < 5MA 10MA
[INFO] 'chk_vobres_n_buy.py' 2026-06-02 11:49:53,001 : 하향추세 247540 에코프로비엠 < 5MA 10MA
[INFO] 'chk_vobres_n_buy.py' 2026-06-02 11:49:53,001 : 하향추세 272210 한화시스템 < 5MA 10MA
[DEBUG] 'chk_vobres_n_buy.py' 2026-06-02 11:49:53,001 : 조건검색 종목 수18
[INFO] 'chk_vobres_n_buy.py' 2026-06-02 11:49:54,017 : 하향추세 010950 S-Oil < 5MA 10MA
[DEBUG] 'chk_vobres_n_buy.py' 2026-06-02 11:49:54,017 : 조건검색 종목 수1
[INFO] 'chk_vobres_n_buy.py' 2026-06-02 11:49:55,021 : 하향추세 003670 포스코퓨처엠 < 5MA 10MA
[WARNING] 'chk_vobres_n_buy.py' 2026-06-02 11:49:55,021 :  Not found in last_ohlc.txt 005070 코스모신소재
[INFO] 'chk_vobres_n_buy.py' 2026-06-02 11:49:55,022 : 하향추세 005490 POSCO홀딩스 < 5MA 10MA
[INFO] 'chk_vobres_n_buy.py' 2026-06-02 11:49:55,022 : 하향추세 006400 삼성SDI < 5MA 10MA
[INFO] 'chk_vobres_n_buy.py' 2026-06-02 11:49:55,022 : 하향추세 012450 한화에어로스페이스 < 5MA 10MA
[INFO] 'chk_vobres_n_buy.py' 2026-06-02 11:49:55,023 : 하향추세 042700 한미반도체 < 5MA 10MA
[INFO] 'chk_vobres_n_buy.py' 2026-06-02 11:49:55,023 : 하향추세 047810 한국항공우주 < 5MA 10MA
[INFO] 'chk_vobres_n_buy.py' 2026-06-02 11:49:55,023 : 하향추세 064350 현대로템 < 5MA 10MA
[INFO] 'chk_vobres_n_buy.py' 2026-06-02 11:49:55,024 : 하향추세 079550 LIG디펜스앤에어로스 < 5MA 10MA
[INFO] 'chk_vobres_n_buy.py' 2026-06-02 11:49:55,024 : 하향추세 086520 에코프로 < 5MA 10MA
[INFO] 'chk_vobres_n_buy.py' 2026-06-02 11:49:55,024 : 하향추세 096770 SK이노베이션 < 5MA 10MA
[INFO] 'chk_vobres_n_buy.py' 2026-06-02 11:49:55,025 : 하향추세 247540 에코프로비엠 < 5MA 10MA
[INFO] 'chk_vobres_n_buy.py' 2026-06-02 11:49:55,025 : 하향추세 272210 한화시스템 < 5MA 10MA
[DEBUG] 'chk_vobres_n_buy.py' 2026-06-02 11:49:55,025 : 조건검색 종목 수18
[INFO] 'chk_vobres_n_buy.py' 2026-06-02 11:49:56,035 : 하향추세 010950 S-Oil < 5MA 10MA
[DEBUG] 'chk_vobres_n_buy.py' 2026-06-02 11:49:56,035 : 조건검색 종목 수1
[INFO] 'chk_vobres_n_buy.py' 2026-06-02 11:49:57,040 : 하향추세 003670 포스코퓨처엠 < 5MA 10MA
[WARNING] 'chk_vobres_n_buy.py' 2026-06-02 11:49:57,040 :  Not found in last_ohlc.txt 005070 코스모신소재
[INFO] 'chk_vobres_n_buy.py' 2026-06-02 11:49:57,041 : 하향추세 005490 POSCO홀딩스 < 5MA 10MA
[INFO] 'chk_vobres_n_buy.py' 2026-06-02 11:49:57,041 : 하향추세 006400 삼성SDI < 5MA 10MA
[INFO] 'chk_vobres_n_buy.py' 2026-06-02 11:49:57,041 : 하향추세 012450 한화에어로스페이스 < 5MA 10MA
[INFO] 'chk_vobres_n_buy.py' 2026-06-02 11:49:57,042 : 하향추세 042700 한미반도체 < 5MA 10MA
[INFO] 'chk_vobres_n_buy.py' 2026-06-02 11:49:57,042 : 하향추세 047810 한국항공우주 < 5MA 10MA
[INFO] 'chk_vobres_n_buy.py' 2026-06-02 11:49:57,042 : 하향추세 064350 현대로템 < 5MA 10MA
[INFO] 'chk_vobres_n_buy.py' 2026-06-02 11:49:57,043 : 하향추세 079550 LIG디펜스앤에어로스 < 5MA 10MA
[INFO] 'chk_vobres_n_buy.py' 2026-06-02 11:49:57,043 : 하향추세 086520 에코프로 < 5MA 10MA
[INFO] 'chk_vobres_n_buy.py' 2026-06-02 11:49:57,043 : 하향추세 096770 SK이노베이션 < 5MA 10MA
[INFO] 'chk_vobres_n_buy.py' 2026-06-02 11:49:57,044 : 하향추세 247540 에코프로비엠 < 5MA 10MA
[INFO] 'chk_vobres_n_buy.py' 2026-06-02 11:49:57,044 : 하향추세 272210 한화시스템 < 5MA 10MA
[DEBUG] 'chk_vobres_n_buy.py' 2026-06-02 11:49:57,044 : 조건검색 종목 수18
[INFO] 'chk_vobres_n_buy.py' 2026-06-02 11:49:58,047 : 하향추세 010950 S-Oil < 5MA 10MA
[DEBUG] 'chk_vobres_n_buy.py' 2026-06-02 11:49:58,048 : 조건검색 종목 수2
[INFO] 'chk_vobres_n_buy.py' 2026-06-02 11:49:59,067 : 하향추세 003670 포스코퓨처엠 < 5MA 10MA
[WARNING] 'chk_vobres_n_buy.py' 2026-06-02 11:49:59,068 :  Not found in last_ohlc.txt 005070 코스모신소재
[INFO] 'chk_vobres_n_buy.py' 2026-06-02 11:49:59,069 : 하향추세 005490 POSCO홀딩스 < 5MA 10MA
[INFO] 'chk_vobres_n_buy.py' 2026-06-02 11:49:59,070 : 하향추세 006400 삼성SDI < 5MA 10MA
[INFO] 'chk_vobres_n_buy.py' 2026-06-02 11:49:59,070 : 하향추세 012450 한화에어로스페이스 < 5MA 10MA
[INFO] 'chk_vobres_n_buy.py' 2026-06-02 11:49:59,070 : 하향추세 042700 한미반도체 < 5MA 10MA
[INFO] 'chk_vobres_n_buy.py' 2026-06-02 11:49:59,071 : 하향추세 047810 한국항공우주 < 5MA 10MA
[INFO] 'chk_vobres_n_buy.py' 2026-06-02 11:49:59,071 : 하향추세 064350 현대로템 < 5MA 10MA
[INFO] 'chk_vobres_n_buy.py' 2026-06-02 11:49:59,071 : 하향추세 079550 LIG디펜스앤에어로스 < 5MA 10MA
[INFO] 'chk_vobres_n_buy.py' 2026-06-02 11:49:59,071 : 하향추세 086520 에코프로 < 5MA 10MA
[INFO] 'chk_vobres_n_buy.py' 2026-06-02 11:49:59,072 : 하향추세 096770 SK이노베이션 < 5MA 10MA
[INFO] 'chk_vobres_n_buy.py' 2026-06-02 11:49:59,072 : 하향추세 247540 에코프로비엠 < 5MA 10MA
[INFO] 'chk_vobres_n_buy.py' 2026-06-02 11:49:59,072 : 하향추세 272210 한화시스템 < 5MA 10MA
[DEBUG] 'chk_vobres_n_buy.py' 2026-06-02 11:49:59,072 : 조건검색 종목 수18
[INFO] 'chk_vobres_n_buy.py' 2026-06-02 11:50:00,076 : 하향추세 010950 S-Oil < 5MA 10MA
[DEBUG] 'chk_vobres_n_buy.py' 2026-06-02 11:50:00,077 : 조건검색 종목 수1
[INFO] 'chk_vobres_n_buy.py' 2026-06-02 11:50:01,096 : 하향추세 003670 포스코퓨처엠 < 5MA 10MA
[WARNING] 'chk_vobres_n_buy.py' 2026-06-02 11:50:01,096 :  Not found in last_ohlc.txt 005070 코스모신소재
[INFO] 'chk_vobres_n_buy.py' 2026-06-02 11:50:01,097 : 하향추세 005490 POSCO홀딩스 < 5MA 10MA
[INFO] 'chk_vobres_n_buy.py' 2026-06-02 11:50:01,097 : 하향추세 006400 삼성SDI < 5MA 10MA
[INFO] 'chk_vobres_n_buy.py' 2026-06-02 11:50:01,097 : 하향추세 012450 한화에어로스페이스 < 5MA 10MA
[INFO] 'chk_vobres_n_buy.py' 2026-06-02 11:50:01,098 : 하향추세 042700 한미반도체 < 5MA 10MA
[INFO] 'chk_vobres_n_buy.py' 2026-06-02 11:50:01,098 : 하향추세 047810 한국항공우주 < 5MA 10MA
[INFO] 'chk_vobres_n_buy.py' 2026-06-02 11:50:01,099 : 하향추세 064350 현대로템 < 5MA 10MA
[INFO] 'chk_vobres_n_buy.py' 2026-06-02 11:50:01,099 : 하향추세 079550 LIG디펜스앤에어로스 < 5MA 10MA
[INFO] 'chk_vobres_n_buy.py' 2026-06-02 11:50:01,100 : 하향추세 086520 에코프로 < 5MA 10MA
[INFO] 'chk_vobres_n_buy.py' 2026-06-02 11:50:01,100 : 하향추세 096770 SK이노베이션 < 5MA 10MA
[INFO] 'chk_vobres_n_buy.py' 2026-06-02 11:50:01,101 : 하향추세 247540 에코프로비엠 < 5MA 10MA
[INFO] 'chk_vobres_n_buy.py' 2026-06-02 11:50:01,101 : 하향추세 272210 한화시스템 < 5MA 10MA
[DEBUG] 'chk_vobres_n_buy.py' 2026-06-02 11:50:01,101 : 조건검색 종목 수18
[INFO] 'chk_vobres_n_buy.py' 2026-06-02 11:50:02,114 : 하향추세 010950 S-Oil < 5MA 10MA
[DEBUG] 'chk_vobres_n_buy.py' 2026-06-02 11:50:02,114 : 조건검색 종목 수2
[INFO] 'chk_vobres_n_buy.py' 2026-06-02 11:50:03,132 : 하향추세 003670 포스코퓨처엠 < 5MA 10MA
[WARNING] 'chk_vobres_n_buy.py' 2026-06-02 11:50:03,133 :  Not found in last_ohlc.txt 005070 코스모신소재
[INFO] 'chk_vobres_n_buy.py' 2026-06-02 11:50:03,133 : 하향추세 005490 POSCO홀딩스 < 5MA 10MA
[INFO] 'chk_vobres_n_buy.py' 2026-06-02 11:50:03,134 : 하향추세 006400 삼성SDI < 5MA 10MA
[INFO] 'chk_vobres_n_buy.py' 2026-06-02 11:50:03,134 : 하향추세 012450 한화에어로스페이스 < 5MA 10MA
[INFO] 'chk_vobres_n_buy.py' 2026-06-02 11:50:03,135 : 하향추세 042700 한미반도체 < 5MA 10MA
[INFO] 'chk_vobres_n_buy.py' 2026-06-02 11:50:03,135 : 하향추세 047810 한국항공우주 < 5MA 10MA
[INFO] 'chk_vobres_n_buy.py' 2026-06-02 11:50:03,135 : 하향추세 064350 현대로템 < 5MA 10MA
[INFO] 'chk_vobres_n_buy.py' 2026-06-02 11:50:03,136 : 하향추세 079550 LIG디펜스앤에어로스 < 5MA 10MA
[INFO] 'chk_vobres_n_buy.py' 2026-06-02 11:50:03,136 : 하향추세 086520 에코프로 < 5MA 10MA
[INFO] 'chk_vobres_n_buy.py' 2026-06-02 11:50:03,136 : 하향추세 096770 SK이노베이션 < 5MA 10MA
[INFO] 'chk_vobres_n_buy.py' 2026-06-02 11:50:03,136 : 하향추세 247540 에코프로비엠 < 5MA 10MA
[INFO] 'chk_vobres_n_buy.py' 2026-06-02 11:50:03,137 : 하향추세 272210 한화시스템 < 5MA 10MA
[DEBUG] 'chk_vobres_n_buy.py' 2026-06-02 11:50:03,137 : 조건검색 종목 수18
[INFO] 'chk_vobres_n_buy.py' 2026-06-02 11:50:04,154 : 하향추세 010950 S-Oil < 5MA 10MA
[DEBUG] 'chk_vobres_n_buy.py' 2026-06-02 11:50:04,154 : 조건검색 종목 수1
[INFO] 'chk_vobres_n_buy.py' 2026-06-02 11:50:05,165 : 하향추세 003670 포스코퓨처엠 < 5MA 10MA
[WARNING] 'chk_vobres_n_buy.py' 2026-06-02 11:50:05,166 :  Not found in last_ohlc.txt 005070 코스모신소재
[INFO] 'chk_vobres_n_buy.py' 2026-06-02 11:50:05,166 : 하향추세 005490 POSCO홀딩스 < 5MA 10MA
[INFO] 'chk_vobres_n_buy.py' 2026-06-02 11:50:05,167 : 하향추세 006400 삼성SDI < 5MA 10MA
[INFO] 'chk_vobres_n_buy.py' 2026-06-02 11:50:05,167 : 하향추세 012450 한화에어로스페이스 < 5MA 10MA
[INFO] 'chk_vobres_n_buy.py' 2026-06-02 11:50:05,167 : 하향추세 042700 한미반도체 < 5MA 10MA
[INFO] 'chk_vobres_n_buy.py' 2026-06-02 11:50:05,168 : 하향추세 047810 한국항공우주 < 5MA 10MA
[INFO] 'chk_vobres_n_buy.py' 2026-06-02 11:50:05,168 : 하향추세 064350 현대로템 < 5MA 10MA
[INFO] 'chk_vobres_n_buy.py' 2026-06-02 11:50:05,169 : 하향추세 079550 LIG디펜스앤에어로스 < 5MA 10MA
[INFO] 'chk_vobres_n_buy.py' 2026-06-02 11:50:05,169 : 하향추세 086520 에코프로 < 5MA 10MA
[INFO] 'chk_vobres_n_buy.py' 2026-06-02 11:50:05,169 : 하향추세 096770 SK이노베이션 < 5MA 10MA
[INFO] 'chk_vobres_n_buy.py' 2026-06-02 11:50:05,170 : 하향추세 247540 에코프로비엠 < 5MA 10MA
[INFO] 'chk_vobres_n_buy.py' 2026-06-02 11:50:05,170 : 하향추세 272210 한화시스템 < 5MA 10MA
[DEBUG] 'chk_vobres_n_buy.py' 2026-06-02 11:50:05,170 : 조건검색 종목 수18
[INFO] 'chk_vobres_n_buy.py' 2026-06-02 11:50:06,185 : 하향추세 010950 S-Oil < 5MA 10MA
[DEBUG] 'chk_vobres_n_buy.py' 2026-06-02 11:50:06,185 : 조건검색 종목 수1
[INFO] 'chk_vobres_n_buy.py' 2026-06-02 11:50:07,192 : 하향추세 003670 포스코퓨처엠 < 5MA 10MA
[WARNING] 'chk_vobres_n_buy.py' 2026-06-02 11:50:07,192 :  Not found in last_ohlc.txt 005070 코스모신소재
[INFO] 'chk_vobres_n_buy.py' 2026-06-02 11:50:07,193 : 하향추세 005490 POSCO홀딩스 < 5MA 10MA
[INFO] 'chk_vobres_n_buy.py' 2026-06-02 11:50:07,193 : 하향추세 006400 삼성SDI < 5MA 10MA
[INFO] 'chk_vobres_n_buy.py' 2026-06-02 11:50:07,193 : 하향추세 012450 한화에어로스페이스 < 5MA 10MA
[INFO] 'chk_vobres_n_buy.py' 2026-06-02 11:50:07,194 : 하향추세 042700 한미반도체 < 5MA 10MA
[INFO] 'chk_vobres_n_buy.py' 2026-06-02 11:50:07,194 : 하향추세 047810 한국항공우주 < 5MA 10MA
[INFO] 'chk_vobres_n_buy.py' 2026-06-02 11:50:07,194 : 하향추세 064350 현대로템 < 5MA 10MA
[INFO] 'chk_vobres_n_buy.py' 2026-06-02 11:50:07,195 : 하향추세 079550 LIG디펜스앤에어로스 < 5MA 10MA
[INFO] 'chk_vobres_n_buy.py' 2026-06-02 11:50:07,195 : 하향추세 086520 에코프로 < 5MA 10MA
[INFO] 'chk_vobres_n_buy.py' 2026-06-02 11:50:07,195 : 하향추세 096770 SK이노베이션 < 5MA 10MA
[INFO] 'chk_vobres_n_buy.py' 2026-06-02 11:50:07,196 : 하향추세 247540 에코프로비엠 < 5MA 10MA
[INFO] 'chk_vobres_n_buy.py' 2026-06-02 11:50:07,197 : 하향추세 272210 한화시스템 < 5MA 10MA
[DEBUG] 'chk_vobres_n_buy.py' 2026-06-02 11:50:07,197 : 조건검색 종목 수18
[INFO] 'chk_vobres_n_buy.py' 2026-06-02 11:50:08,202 : 하향추세 010950 S-Oil < 5MA 10MA
[DEBUG] 'chk_vobres_n_buy.py' 2026-06-02 11:50:08,202 : 조건검색 종목 수1
[INFO] 'chk_vobres_n_buy.py' 2026-06-02 11:50:09,210 : 하향추세 003670 포스코퓨처엠 < 5MA 10MA
[WARNING] 'chk_vobres_n_buy.py' 2026-06-02 11:50:09,210 :  Not found in last_ohlc.txt 005070 코스모신소재
[INFO] 'chk_vobres_n_buy.py' 2026-06-02 11:50:09,211 : 하향추세 005490 POSCO홀딩스 < 5MA 10MA
[INFO] 'chk_vobres_n_buy.py' 2026-06-02 11:50:09,211 : 하향추세 006400 삼성SDI < 5MA 10MA
[INFO] 'chk_vobres_n_buy.py' 2026-06-02 11:50:09,211 : 하향추세 012450 한화에어로스페이스 < 5MA 10MA
[INFO] 'chk_vobres_n_buy.py' 2026-06-02 11:50:09,211 : 하향추세 042700 한미반도체 < 5MA 10MA
[INFO] 'chk_vobres_n_buy.py' 2026-06-02 11:50:09,211 : 하향추세 047810 한국항공우주 < 5MA 10MA
[INFO] 'chk_vobres_n_buy.py' 2026-06-02 11:50:09,212 : 하향추세 064350 현대로템 < 5MA 10MA
[INFO] 'chk_vobres_n_buy.py' 2026-06-02 11:50:09,212 : 하향추세 079550 LIG디펜스앤에어로스 < 5MA 10MA
[INFO] 'chk_vobres_n_buy.py' 2026-06-02 11:50:09,212 : 하향추세 086520 에코프로 < 5MA 10MA
[INFO] 'chk_vobres_n_buy.py' 2026-06-02 11:50:09,212 : 하향추세 096770 SK이노베이션 < 5MA 10MA
[INFO] 'chk_vobres_n_buy.py' 2026-06-02 11:50:09,213 : 하향추세 247540 에코프로비엠 < 5MA 10MA
[INFO] 'chk_vobres_n_buy.py' 2026-06-02 11:50:09,213 : 하향추세 272210 한화시스템 < 5MA 10MA
[DEBUG] 'chk_vobres_n_buy.py' 2026-06-02 11:50:09,213 : 조건검색 종목 수18
[INFO] 'chk_vobres_n_buy.py' 2026-06-02 11:50:10,239 : 하향추세 010950 S-Oil < 5MA 10MA
[DEBUG] 'chk_vobres_n_buy.py' 2026-06-02 11:50:10,239 : 조건검색 종목 수1
[INFO] 'chk_vobres_n_buy.py' 2026-06-02 11:50:11,248 : 하향추세 003670 포스코퓨처엠 < 5MA 10MA
[WARNING] 'chk_vobres_n_buy.py' 2026-06-02 11:50:11,248 :  Not found in last_ohlc.txt 005070 코스모신소재
[INFO] 'chk_vobres_n_buy.py' 2026-06-02 11:50:11,248 : 하향추세 005490 POSCO홀딩스 < 5MA 10MA
[INFO] 'chk_vobres_n_buy.py' 2026-06-02 11:50:11,248 : 하향추세 006400 삼성SDI < 5MA 10MA
[INFO] 'chk_vobres_n_buy.py' 2026-06-02 11:50:11,248 : 하향추세 012450 한화에어로스페이스 < 5MA 10MA
[INFO] 'chk_vobres_n_buy.py' 2026-06-02 11:50:11,248 : 하향추세 042700 한미반도체 < 5MA 10MA
[INFO] 'chk_vobres_n_buy.py' 2026-06-02 11:50:11,248 : 하향추세 047810 한국항공우주 < 5MA 10MA
[INFO] 'chk_vobres_n_buy.py' 2026-06-02 11:50:11,248 : 하향추세 064350 현대로템 < 5MA 10MA
[INFO] 'chk_vobres_n_buy.py' 2026-06-02 11:50:11,249 : 하향추세 079550 LIG디펜스앤에어로스 < 5MA 10MA
[INFO] 'chk_vobres_n_buy.py' 2026-06-02 11:50:11,249 : 하향추세 086520 에코프로 < 5MA 10MA
[INFO] 'chk_vobres_n_buy.py' 2026-06-02 11:50:11,249 : 하향추세 096770 SK이노베이션 < 5MA 10MA
[INFO] 'chk_vobres_n_buy.py' 2026-06-02 11:50:11,249 : 하향추세 247540 에코프로비엠 < 5MA 10MA
[INFO] 'chk_vobres_n_buy.py' 2026-06-02 11:50:11,249 : 하향추세 272210 한화시스템 < 5MA 10MA
[DEBUG] 'chk_vobres_n_buy.py' 2026-06-02 11:50:11,249 : 조건검색 종목 수18
[INFO] 'chk_vobres_n_buy.py' 2026-06-02 11:50:12,256 : 하향추세 010950 S-Oil < 5MA 10MA
[DEBUG] 'chk_vobres_n_buy.py' 2026-06-02 11:50:12,256 : 조건검색 종목 수1
[INFO] 'chk_vobres_n_buy.py' 2026-06-02 11:50:13,274 : 하향추세 003670 포스코퓨처엠 < 5MA 10MA
[WARNING] 'chk_vobres_n_buy.py' 2026-06-02 11:50:13,274 :  Not found in last_ohlc.txt 005070 코스모신소재
[INFO] 'chk_vobres_n_buy.py' 2026-06-02 11:50:13,275 : 하향추세 005490 POSCO홀딩스 < 5MA 10MA
[INFO] 'chk_vobres_n_buy.py' 2026-06-02 11:50:13,275 : 하향추세 006400 삼성SDI < 5MA 10MA
[INFO] 'chk_vobres_n_buy.py' 2026-06-02 11:50:13,276 : 하향추세 012450 한화에어로스페이스 < 5MA 10MA
[INFO] 'chk_vobres_n_buy.py' 2026-06-02 11:50:13,276 : 하향추세 042700 한미반도체 < 5MA 10MA
[INFO] 'chk_vobres_n_buy.py' 2026-06-02 11:50:13,276 : 하향추세 047810 한국항공우주 < 5MA 10MA
[INFO] 'chk_vobres_n_buy.py' 2026-06-02 11:50:13,277 : 하향추세 064350 현대로템 < 5MA 10MA
[INFO] 'chk_vobres_n_buy.py' 2026-06-02 11:50:13,277 : 하향추세 079550 LIG디펜스앤에어로스 < 5MA 10MA
[INFO] 'chk_vobres_n_buy.py' 2026-06-02 11:50:13,277 : 하향추세 086520 에코프로 < 5MA 10MA
[INFO] 'chk_vobres_n_buy.py' 2026-06-02 11:50:13,278 : 하향추세 096770 SK이노베이션 < 5MA 10MA
[INFO] 'chk_vobres_n_buy.py' 2026-06-02 11:50:13,278 : 하향추세 247540 에코프로비엠 < 5MA 10MA
[INFO] 'chk_vobres_n_buy.py' 2026-06-02 11:50:13,278 : 하향추세 272210 한화시스템 < 5MA 10MA
[DEBUG] 'chk_vobres_n_buy.py' 2026-06-02 11:50:13,279 : 조건검색 종목 수18
[INFO] 'chk_vobres_n_buy.py' 2026-06-02 11:50:14,288 : 하향추세 010950 S-Oil < 5MA 10MA
[DEBUG] 'chk_vobres_n_buy.py' 2026-06-02 11:50:14,288 : 조건검색 종목 수1
[INFO] 'chk_vobres_n_buy.py' 2026-06-02 11:50:15,301 : 하향추세 003670 포스코퓨처엠 < 5MA 10MA
[WARNING] 'chk_vobres_n_buy.py' 2026-06-02 11:50:15,302 :  Not found in last_ohlc.txt 005070 코스모신소재
[INFO] 'chk_vobres_n_buy.py' 2026-06-02 11:50:15,302 : 하향추세 005490 POSCO홀딩스 < 5MA 10MA
[INFO] 'chk_vobres_n_buy.py' 2026-06-02 11:50:15,303 : 하향추세 006400 삼성SDI < 5MA 10MA
[INFO] 'chk_vobres_n_buy.py' 2026-06-02 11:50:15,303 : 하향추세 012450 한화에어로스페이스 < 5MA 10MA
[INFO] 'chk_vobres_n_buy.py' 2026-06-02 11:50:15,304 : 하향추세 042700 한미반도체 < 5MA 10MA
[INFO] 'chk_vobres_n_buy.py' 2026-06-02 11:50:15,304 : 하향추세 047810 한국항공우주 < 5MA 10MA
[INFO] 'chk_vobres_n_buy.py' 2026-06-02 11:50:15,304 : 하향추세 064350 현대로템 < 5MA 10MA
[INFO] 'chk_vobres_n_buy.py' 2026-06-02 11:50:15,304 : 하향추세 079550 LIG디펜스앤에어로스 < 5MA 10MA
[INFO] 'chk_vobres_n_buy.py' 2026-06-02 11:50:15,305 : 하향추세 086520 에코프로 < 5MA 10MA
[INFO] 'chk_vobres_n_buy.py' 2026-06-02 11:50:15,305 : 하향추세 096770 SK이노베이션 < 5MA 10MA
[INFO] 'chk_vobres_n_buy.py' 2026-06-02 11:50:15,305 : 하향추세 247540 에코프로비엠 < 5MA 10MA
[INFO] 'chk_vobres_n_buy.py' 2026-06-02 11:50:15,306 : 하향추세 272210 한화시스템 < 5MA 10MA
[DEBUG] 'chk_vobres_n_buy.py' 2026-06-02 11:50:15,306 : 조건검색 종목 수18
[INFO] 'chk_vobres_n_buy.py' 2026-06-02 11:50:16,315 : 하향추세 010950 S-Oil < 5MA 10MA
[DEBUG] 'chk_vobres_n_buy.py' 2026-06-02 11:50:16,317 : 조건검색 종목 수1
[INFO] 'chk_vobres_n_buy.py' 2026-06-02 11:50:17,323 : 하향추세 003670 포스코퓨처엠 < 5MA 10MA
[WARNING] 'chk_vobres_n_buy.py' 2026-06-02 11:50:17,323 :  Not found in last_ohlc.txt 005070 코스모신소재
[INFO] 'chk_vobres_n_buy.py' 2026-06-02 11:50:17,323 : 하향추세 005490 POSCO홀딩스 < 5MA 10MA
[INFO] 'chk_vobres_n_buy.py' 2026-06-02 11:50:17,323 : 하향추세 006400 삼성SDI < 5MA 10MA
[INFO] 'chk_vobres_n_buy.py' 2026-06-02 11:50:17,323 : 하향추세 012450 한화에어로스페이스 < 5MA 10MA
[INFO] 'chk_vobres_n_buy.py' 2026-06-02 11:50:17,323 : 하향추세 042700 한미반도체 < 5MA 10MA
[INFO] 'chk_vobres_n_buy.py' 2026-06-02 11:50:17,324 : 하향추세 047810 한국항공우주 < 5MA 10MA
[INFO] 'chk_vobres_n_buy.py' 2026-06-02 11:50:17,324 : 하향추세 064350 현대로템 < 5MA 10MA
[INFO] 'chk_vobres_n_buy.py' 2026-06-02 11:50:17,324 : 하향추세 079550 LIG디펜스앤에어로스 < 5MA 10MA
[INFO] 'chk_vobres_n_buy.py' 2026-06-02 11:50:17,324 : 하향추세 086520 에코프로 < 5MA 10MA
[INFO] 'chk_vobres_n_buy.py' 2026-06-02 11:50:17,324 : 하향추세 096770 SK이노베이션 < 5MA 10MA
[INFO] 'chk_vobres_n_buy.py' 2026-06-02 11:50:17,324 : 하향추세 247540 에코프로비엠 < 5MA 10MA
[INFO] 'chk_vobres_n_buy.py' 2026-06-02 11:50:17,324 : 하향추세 272210 한화시스템 < 5MA 10MA
[DEBUG] 'chk_vobres_n_buy.py' 2026-06-02 11:50:17,324 : 조건검색 종목 수18
[INFO] 'chk_vobres_n_buy.py' 2026-06-02 11:50:18,335 : 하향추세 010950 S-Oil < 5MA 10MA
[DEBUG] 'chk_vobres_n_buy.py' 2026-06-02 11:50:18,335 : 조건검색 종목 수2
[INFO] 'chk_vobres_n_buy.py' 2026-06-02 11:50:19,346 : 하향추세 003670 포스코퓨처엠 < 5MA 10MA
[WARNING] 'chk_vobres_n_buy.py' 2026-06-02 11:50:19,347 :  Not found in last_ohlc.txt 005070 코스모신소재
[INFO] 'chk_vobres_n_buy.py' 2026-06-02 11:50:19,347 : 하향추세 005490 POSCO홀딩스 < 5MA 10MA
[INFO] 'chk_vobres_n_buy.py' 2026-06-02 11:50:19,347 : 하향추세 006400 삼성SDI < 5MA 10MA
[INFO] 'chk_vobres_n_buy.py' 2026-06-02 11:50:19,348 : 하향추세 012450 한화에어로스페이스 < 5MA 10MA
[INFO] 'chk_vobres_n_buy.py' 2026-06-02 11:50:19,348 : 하향추세 042700 한미반도체 < 5MA 10MA
[INFO] 'chk_vobres_n_buy.py' 2026-06-02 11:50:19,348 : 하향추세 047810 한국항공우주 < 5MA 10MA
[INFO] 'chk_vobres_n_buy.py' 2026-06-02 11:50:19,349 : 하향추세 064350 현대로템 < 5MA 10MA
[INFO] 'chk_vobres_n_buy.py' 2026-06-02 11:50:19,349 : 하향추세 079550 LIG디펜스앤에어로스 < 5MA 10MA
[INFO] 'chk_vobres_n_buy.py' 2026-06-02 11:50:19,349 : 하향추세 086520 에코프로 < 5MA 10MA
[INFO] 'chk_vobres_n_buy.py' 2026-06-02 11:50:19,350 : 하향추세 096770 SK이노베이션 < 5MA 10MA
[INFO] 'chk_vobres_n_buy.py' 2026-06-02 11:50:19,350 : 하향추세 247540 에코프로비엠 < 5MA 10MA
[INFO] 'chk_vobres_n_buy.py' 2026-06-02 11:50:19,350 : 하향추세 272210 한화시스템 < 5MA 10MA
[DEBUG] 'chk_vobres_n_buy.py' 2026-06-02 11:50:19,350 : 조건검색 종목 수18
[INFO] 'chk_vobres_n_buy.py' 2026-06-02 11:50:20,361 : 하향추세 010950 S-Oil < 5MA 10MA
[DEBUG] 'chk_vobres_n_buy.py' 2026-06-02 11:50:20,362 : 조건검색 종목 수1
[INFO] 'chk_vobres_n_buy.py' 2026-06-02 11:50:21,367 : 하향추세 003670 포스코퓨처엠 < 5MA 10MA
[WARNING] 'chk_vobres_n_buy.py' 2026-06-02 11:50:21,367 :  Not found in last_ohlc.txt 005070 코스모신소재
[INFO] 'chk_vobres_n_buy.py' 2026-06-02 11:50:21,368 : 하향추세 005490 POSCO홀딩스 < 5MA 10MA
[INFO] 'chk_vobres_n_buy.py' 2026-06-02 11:50:21,368 : 하향추세 006400 삼성SDI < 5MA 10MA
[INFO] 'chk_vobres_n_buy.py' 2026-06-02 11:50:21,368 : 하향추세 012450 한화에어로스페이스 < 5MA 10MA
[INFO] 'chk_vobres_n_buy.py' 2026-06-02 11:50:21,368 : 하향추세 042700 한미반도체 < 5MA 10MA
[INFO] 'chk_vobres_n_buy.py' 2026-06-02 11:50:21,369 : 하향추세 047810 한국항공우주 < 5MA 10MA
[INFO] 'chk_vobres_n_buy.py' 2026-06-02 11:50:21,369 : 하향추세 064350 현대로템 < 5MA 10MA
[INFO] 'chk_vobres_n_buy.py' 2026-06-02 11:50:21,369 : 하향추세 079550 LIG디펜스앤에어로스 < 5MA 10MA
[INFO] 'chk_vobres_n_buy.py' 2026-06-02 11:50:21,369 : 하향추세 086520 에코프로 < 5MA 10MA
[INFO] 'chk_vobres_n_buy.py' 2026-06-02 11:50:21,369 : 하향추세 096770 SK이노베이션 < 5MA 10MA
[INFO] 'chk_vobres_n_buy.py' 2026-06-02 11:50:21,370 : 하향추세 247540 에코프로비엠 < 5MA 10MA
[INFO] 'chk_vobres_n_buy.py' 2026-06-02 11:50:21,370 : 하향추세 272210 한화시스템 < 5MA 10MA
[DEBUG] 'chk_vobres_n_buy.py' 2026-06-02 11:50:21,370 : 조건검색 종목 수18
[INFO] 'chk_vobres_n_buy.py' 2026-06-02 11:50:22,384 : 하향추세 010950 S-Oil < 5MA 10MA
[DEBUG] 'chk_vobres_n_buy.py' 2026-06-02 11:50:22,384 : 조건검색 종목 수1
[INFO] 'chk_vobres_n_buy.py' 2026-06-02 11:50:23,389 : 하향추세 003670 포스코퓨처엠 < 5MA 10MA
[WARNING] 'chk_vobres_n_buy.py' 2026-06-02 11:50:23,389 :  Not found in last_ohlc.txt 005070 코스모신소재
[INFO] 'chk_vobres_n_buy.py' 2026-06-02 11:50:23,389 : 하향추세 005490 POSCO홀딩스 < 5MA 10MA
[INFO] 'chk_vobres_n_buy.py' 2026-06-02 11:50:23,389 : 하향추세 006400 삼성SDI < 5MA 10MA
[INFO] 'chk_vobres_n_buy.py' 2026-06-02 11:50:23,389 : 하향추세 012450 한화에어로스페이스 < 5MA 10MA
[INFO] 'chk_vobres_n_buy.py' 2026-06-02 11:50:23,389 : 하향추세 042700 한미반도체 < 5MA 10MA
[INFO] 'chk_vobres_n_buy.py' 2026-06-02 11:50:23,389 : 하향추세 047810 한국항공우주 < 5MA 10MA
[INFO] 'chk_vobres_n_buy.py' 2026-06-02 11:50:23,389 : 하향추세 064350 현대로템 < 5MA 10MA
[INFO] 'chk_vobres_n_buy.py' 2026-06-02 11:50:23,389 : 하향추세 079550 LIG디펜스앤에어로스 < 5MA 10MA
[INFO] 'chk_vobres_n_buy.py' 2026-06-02 11:50:23,390 : 하향추세 086520 에코프로 < 5MA 10MA
[INFO] 'chk_vobres_n_buy.py' 2026-06-02 11:50:23,390 : 하향추세 096770 SK이노베이션 < 5MA 10MA
[INFO] 'chk_vobres_n_buy.py' 2026-06-02 11:50:23,390 : 하향추세 247540 에코프로비엠 < 5MA 10MA
[INFO] 'chk_vobres_n_buy.py' 2026-06-02 11:50:23,390 : 하향추세 272210 한화시스템 < 5MA 10MA
[DEBUG] 'chk_vobres_n_buy.py' 2026-06-02 11:50:23,390 : 조건검색 종목 수18
[INFO] 'chk_vobres_n_buy.py' 2026-06-02 11:50:24,406 : 하향추세 010950 S-Oil < 5MA 10MA
[DEBUG] 'chk_vobres_n_buy.py' 2026-06-02 11:50:24,407 : 조건검색 종목 수2
[INFO] 'chk_vobres_n_buy.py' 2026-06-02 11:50:25,416 : 하향추세 003670 포스코퓨처엠 < 5MA 10MA
[WARNING] 'chk_vobres_n_buy.py' 2026-06-02 11:50:25,416 :  Not found in last_ohlc.txt 005070 코스모신소재
[INFO] 'chk_vobres_n_buy.py' 2026-06-02 11:50:25,416 : 하향추세 005490 POSCO홀딩스 < 5MA 10MA
[INFO] 'chk_vobres_n_buy.py' 2026-06-02 11:50:25,416 : 하향추세 006400 삼성SDI < 5MA 10MA
[INFO] 'chk_vobres_n_buy.py' 2026-06-02 11:50:25,416 : 하향추세 012450 한화에어로스페이스 < 5MA 10MA
[INFO] 'chk_vobres_n_buy.py' 2026-06-02 11:50:25,417 : 하향추세 042700 한미반도체 < 5MA 10MA
[INFO] 'chk_vobres_n_buy.py' 2026-06-02 11:50:25,417 : 하향추세 047810 한국항공우주 < 5MA 10MA
[INFO] 'chk_vobres_n_buy.py' 2026-06-02 11:50:25,417 : 하향추세 064350 현대로템 < 5MA 10MA
[INFO] 'chk_vobres_n_buy.py' 2026-06-02 11:50:25,417 : 하향추세 079550 LIG디펜스앤에어로스 < 5MA 10MA
[INFO] 'chk_vobres_n_buy.py' 2026-06-02 11:50:25,417 : 하향추세 086520 에코프로 < 5MA 10MA
[INFO] 'chk_vobres_n_buy.py' 2026-06-02 11:50:25,417 : 하향추세 096770 SK이노베이션 < 5MA 10MA
[INFO] 'chk_vobres_n_buy.py' 2026-06-02 11:50:25,417 : 하향추세 247540 에코프로비엠 < 5MA 10MA
[INFO] 'chk_vobres_n_buy.py' 2026-06-02 11:50:25,418 : 하향추세 272210 한화시스템 < 5MA 10MA
[DEBUG] 'chk_vobres_n_buy.py' 2026-06-02 11:50:25,418 : 조건검색 종목 수18
[INFO] 'chk_vobres_n_buy.py' 2026-06-02 11:50:26,431 : 하향추세 010950 S-Oil < 5MA 10MA
[DEBUG] 'chk_vobres_n_buy.py' 2026-06-02 11:50:26,431 : 조건검색 종목 수1
[INFO] 'chk_vobres_n_buy.py' 2026-06-02 11:50:27,438 : 하향추세 003670 포스코퓨처엠 < 5MA 10MA
[WARNING] 'chk_vobres_n_buy.py' 2026-06-02 11:50:27,439 :  Not found in last_ohlc.txt 005070 코스모신소재
[INFO] 'chk_vobres_n_buy.py' 2026-06-02 11:50:27,439 : 하향추세 005490 POSCO홀딩스 < 5MA 10MA
[INFO] 'chk_vobres_n_buy.py' 2026-06-02 11:50:27,439 : 하향추세 006400 삼성SDI < 5MA 10MA
[INFO] 'chk_vobres_n_buy.py' 2026-06-02 11:50:27,439 : 하향추세 012450 한화에어로스페이스 < 5MA 10MA
[INFO] 'chk_vobres_n_buy.py' 2026-06-02 11:50:27,439 : 하향추세 042700 한미반도체 < 5MA 10MA
[INFO] 'chk_vobres_n_buy.py' 2026-06-02 11:50:27,439 : 하향추세 047810 한국항공우주 < 5MA 10MA
[INFO] 'chk_vobres_n_buy.py' 2026-06-02 11:50:27,439 : 하향추세 064350 현대로템 < 5MA 10MA
[INFO] 'chk_vobres_n_buy.py' 2026-06-02 11:50:27,440 : 하향추세 079550 LIG디펜스앤에어로스 < 5MA 10MA
[INFO] 'chk_vobres_n_buy.py' 2026-06-02 11:50:27,440 : 하향추세 086520 에코프로 < 5MA 10MA
[INFO] 'chk_vobres_n_buy.py' 2026-06-02 11:50:27,440 : 하향추세 096770 SK이노베이션 < 5MA 10MA
[INFO] 'chk_vobres_n_buy.py' 2026-06-02 11:50:27,440 : 하향추세 247540 에코프로비엠 < 5MA 10MA
[INFO] 'chk_vobres_n_buy.py' 2026-06-02 11:50:27,440 : 하향추세 272210 한화시스템 < 5MA 10MA
[DEBUG] 'chk_vobres_n_buy.py' 2026-06-02 11:50:27,440 : 조건검색 종목 수18
[INFO] 'chk_vobres_n_buy.py' 2026-06-02 11:50:28,446 : 하향추세 010950 S-Oil < 5MA 10MA
[DEBUG] 'chk_vobres_n_buy.py' 2026-06-02 11:50:28,447 : 조건검색 종목 수2
[INFO] 'chk_vobres_n_buy.py' 2026-06-02 11:50:29,463 : 하향추세 003670 포스코퓨처엠 < 5MA 10MA
[WARNING] 'chk_vobres_n_buy.py' 2026-06-02 11:50:29,463 :  Not found in last_ohlc.txt 005070 코스모신소재
[INFO] 'chk_vobres_n_buy.py' 2026-06-02 11:50:29,464 : 하향추세 005490 POSCO홀딩스 < 5MA 10MA
[INFO] 'chk_vobres_n_buy.py' 2026-06-02 11:50:29,464 : 하향추세 006400 삼성SDI < 5MA 10MA
[INFO] 'chk_vobres_n_buy.py' 2026-06-02 11:50:29,464 : 하향추세 012450 한화에어로스페이스 < 5MA 10MA
[INFO] 'chk_vobres_n_buy.py' 2026-06-02 11:50:29,464 : 하향추세 042700 한미반도체 < 5MA 10MA
[INFO] 'chk_vobres_n_buy.py' 2026-06-02 11:50:29,464 : 하향추세 047810 한국항공우주 < 5MA 10MA
[INFO] 'chk_vobres_n_buy.py' 2026-06-02 11:50:29,464 : 하향추세 064350 현대로템 < 5MA 10MA
[INFO] 'chk_vobres_n_buy.py' 2026-06-02 11:50:29,464 : 하향추세 079550 LIG디펜스앤에어로스 < 5MA 10MA
[INFO] 'chk_vobres_n_buy.py' 2026-06-02 11:50:29,464 : 하향추세 086520 에코프로 < 5MA 10MA
[INFO] 'chk_vobres_n_buy.py' 2026-06-02 11:50:29,464 : 하향추세 096770 SK이노베이션 < 5MA 10MA
[INFO] 'chk_vobres_n_buy.py' 2026-06-02 11:50:29,464 : 하향추세 247540 에코프로비엠 < 5MA 10MA
[INFO] 'chk_vobres_n_buy.py' 2026-06-02 11:50:29,465 : 하향추세 272210 한화시스템 < 5MA 10MA
[DEBUG] 'chk_vobres_n_buy.py' 2026-06-02 11:50:29,465 : 조건검색 종목 수18
[INFO] 'chk_vobres_n_buy.py' 2026-06-02 11:50:30,485 : 하향추세 010950 S-Oil < 5MA 10MA
[DEBUG] 'chk_vobres_n_buy.py' 2026-06-02 11:50:30,485 : 조건검색 종목 수2
[INFO] 'chk_vobres_n_buy.py' 2026-06-02 11:50:31,503 : 하향추세 003670 포스코퓨처엠 < 5MA 10MA
[WARNING] 'chk_vobres_n_buy.py' 2026-06-02 11:50:31,504 :  Not found in last_ohlc.txt 005070 코스모신소재
[INFO] 'chk_vobres_n_buy.py' 2026-06-02 11:50:31,504 : 하향추세 005490 POSCO홀딩스 < 5MA 10MA
[INFO] 'chk_vobres_n_buy.py' 2026-06-02 11:50:31,504 : 하향추세 006400 삼성SDI < 5MA 10MA
[INFO] 'chk_vobres_n_buy.py' 2026-06-02 11:50:31,504 : 하향추세 012450 한화에어로스페이스 < 5MA 10MA
[INFO] 'chk_vobres_n_buy.py' 2026-06-02 11:50:31,504 : 하향추세 042700 한미반도체 < 5MA 10MA
[INFO] 'chk_vobres_n_buy.py' 2026-06-02 11:50:31,504 : 하향추세 047810 한국항공우주 < 5MA 10MA
[INFO] 'chk_vobres_n_buy.py' 2026-06-02 11:50:31,504 : 하향추세 064350 현대로템 < 5MA 10MA
[INFO] 'chk_vobres_n_buy.py' 2026-06-02 11:50:31,504 : 하향추세 079550 LIG디펜스앤에어로스 < 5MA 10MA
[INFO] 'chk_vobres_n_buy.py' 2026-06-02 11:50:31,505 : 하향추세 086520 에코프로 < 5MA 10MA
[INFO] 'chk_vobres_n_buy.py' 2026-06-02 11:50:31,505 : 하향추세 096770 SK이노베이션 < 5MA 10MA
[INFO] 'chk_vobres_n_buy.py' 2026-06-02 11:50:31,505 : 하향추세 247540 에코프로비엠 < 5MA 10MA
[INFO] 'chk_vobres_n_buy.py' 2026-06-02 11:50:31,505 : 하향추세 272210 한화시스템 < 5MA 10MA
[DEBUG] 'chk_vobres_n_buy.py' 2026-06-02 11:50:31,505 : 조건검색 종목 수18
[INFO] 'chk_vobres_n_buy.py' 2026-06-02 11:50:32,510 : 하향추세 010950 S-Oil < 5MA 10MA
[DEBUG] 'chk_vobres_n_buy.py' 2026-06-02 11:50:32,511 : 조건검색 종목 수3
[INFO] 'chk_vobres_n_buy.py' 2026-06-02 11:50:33,518 : 하향추세 003670 포스코퓨처엠 < 5MA 10MA
[WARNING] 'chk_vobres_n_buy.py' 2026-06-02 11:50:33,518 :  Not found in last_ohlc.txt 005070 코스모신소재
[INFO] 'chk_vobres_n_buy.py' 2026-06-02 11:50:33,518 : 하향추세 005490 POSCO홀딩스 < 5MA 10MA
[INFO] 'chk_vobres_n_buy.py' 2026-06-02 11:50:33,518 : 하향추세 006400 삼성SDI < 5MA 10MA
[INFO] 'chk_vobres_n_buy.py' 2026-06-02 11:50:33,518 : 하향추세 012450 한화에어로스페이스 < 5MA 10MA
[INFO] 'chk_vobres_n_buy.py' 2026-06-02 11:50:33,519 : 하향추세 042700 한미반도체 < 5MA 10MA
[INFO] 'chk_vobres_n_buy.py' 2026-06-02 11:50:33,519 : 하향추세 047810 한국항공우주 < 5MA 10MA
[INFO] 'chk_vobres_n_buy.py' 2026-06-02 11:50:33,519 : 하향추세 064350 현대로템 < 5MA 10MA
[INFO] 'chk_vobres_n_buy.py' 2026-06-02 11:50:33,519 : 하향추세 079550 LIG디펜스앤에어로스 < 5MA 10MA
[INFO] 'chk_vobres_n_buy.py' 2026-06-02 11:50:33,519 : 하향추세 086520 에코프로 < 5MA 10MA
[INFO] 'chk_vobres_n_buy.py' 2026-06-02 11:50:33,519 : 하향추세 096770 SK이노베이션 < 5MA 10MA
[INFO] 'chk_vobres_n_buy.py' 2026-06-02 11:50:33,519 : 하향추세 247540 에코프로비엠 < 5MA 10MA
[INFO] 'chk_vobres_n_buy.py' 2026-06-02 11:50:33,519 : 하향추세 272210 한화시스템 < 5MA 10MA
[DEBUG] 'chk_vobres_n_buy.py' 2026-06-02 11:50:33,519 : 조건검색 종목 수18
[INFO] 'chk_vobres_n_buy.py' 2026-06-02 11:50:34,533 : 하향추세 010950 S-Oil < 5MA 10MA
[DEBUG] 'chk_vobres_n_buy.py' 2026-06-02 11:50:34,534 : 조건검색 종목 수2
[INFO] 'chk_vobres_n_buy.py' 2026-06-02 11:50:35,551 : 하향추세 003670 포스코퓨처엠 < 5MA 10MA
[WARNING] 'chk_vobres_n_buy.py' 2026-06-02 11:50:35,551 :  Not found in last_ohlc.txt 005070 코스모신소재
[INFO] 'chk_vobres_n_buy.py' 2026-06-02 11:50:35,552 : 하향추세 005490 POSCO홀딩스 < 5MA 10MA
[INFO] 'chk_vobres_n_buy.py' 2026-06-02 11:50:35,552 : 하향추세 006400 삼성SDI < 5MA 10MA
[INFO] 'chk_vobres_n_buy.py' 2026-06-02 11:50:35,552 : 하향추세 012450 한화에어로스페이스 < 5MA 10MA
[INFO] 'chk_vobres_n_buy.py' 2026-06-02 11:50:35,553 : 하향추세 042700 한미반도체 < 5MA 10MA
[INFO] 'chk_vobres_n_buy.py' 2026-06-02 11:50:35,553 : 하향추세 047810 한국항공우주 < 5MA 10MA
[INFO] 'chk_vobres_n_buy.py' 2026-06-02 11:50:35,553 : 하향추세 064350 현대로템 < 5MA 10MA
[INFO] 'chk_vobres_n_buy.py' 2026-06-02 11:50:35,554 : 하향추세 079550 LIG디펜스앤에어로스 < 5MA 10MA
[INFO] 'chk_vobres_n_buy.py' 2026-06-02 11:50:35,554 : 하향추세 086520 에코프로 < 5MA 10MA
[INFO] 'chk_vobres_n_buy.py' 2026-06-02 11:50:35,554 : 하향추세 096770 SK이노베이션 < 5MA 10MA
[INFO] 'chk_vobres_n_buy.py' 2026-06-02 11:50:35,555 : 하향추세 247540 에코프로비엠 < 5MA 10MA
[INFO] 'chk_vobres_n_buy.py' 2026-06-02 11:50:35,555 : 하향추세 272210 한화시스템 < 5MA 10MA
[DEBUG] 'chk_vobres_n_buy.py' 2026-06-02 11:50:35,555 : 조건검색 종목 수18
[DEBUG] 'chk_vobres_n_buy.py' 2026-06-02 11:50:36,567 : 조건검색 종목 수1
[INFO] 'chk_vobres_n_buy.py' 2026-06-02 11:50:37,581 : 하향추세 003670 포스코퓨처엠 < 5MA 10MA
[WARNING] 'chk_vobres_n_buy.py' 2026-06-02 11:50:37,582 :  Not found in last_ohlc.txt 005070 코스모신소재
[INFO] 'chk_vobres_n_buy.py' 2026-06-02 11:50:37,583 : 하향추세 005490 POSCO홀딩스 < 5MA 10MA
[INFO] 'chk_vobres_n_buy.py' 2026-06-02 11:50:37,583 : 하향추세 006400 삼성SDI < 5MA 10MA
[INFO] 'chk_vobres_n_buy.py' 2026-06-02 11:50:37,583 : 하향추세 012450 한화에어로스페이스 < 5MA 10MA
[INFO] 'chk_vobres_n_buy.py' 2026-06-02 11:50:37,584 : 하향추세 042700 한미반도체 < 5MA 10MA
[INFO] 'chk_vobres_n_buy.py' 2026-06-02 11:50:37,584 : 하향추세 047810 한국항공우주 < 5MA 10MA
[INFO] 'chk_vobres_n_buy.py' 2026-06-02 11:50:37,584 : 하향추세 064350 현대로템 < 5MA 10MA
[INFO] 'chk_vobres_n_buy.py' 2026-06-02 11:50:37,585 : 하향추세 079550 LIG디펜스앤에어로스 < 5MA 10MA
[INFO] 'chk_vobres_n_buy.py' 2026-06-02 11:50:37,585 : 하향추세 086520 에코프로 < 5MA 10MA
[INFO] 'chk_vobres_n_buy.py' 2026-06-02 11:50:37,585 : 하향추세 096770 SK이노베이션 < 5MA 10MA
[INFO] 'chk_vobres_n_buy.py' 2026-06-02 11:50:37,586 : 하향추세 247540 에코프로비엠 < 5MA 10MA
[INFO] 'chk_vobres_n_buy.py' 2026-06-02 11:50:37,586 : 하향추세 272210 한화시스템 < 5MA 10MA
[DEBUG] 'chk_vobres_n_buy.py' 2026-06-02 11:50:37,586 : 조건검색 종목 수18
[DEBUG] 'chk_vobres_n_buy.py' 2026-06-02 11:50:38,602 : 조건검색 종목 수1
[INFO] 'chk_vobres_n_buy.py' 2026-06-02 11:50:39,619 : 하향추세 003670 포스코퓨처엠 < 5MA 10MA
[WARNING] 'chk_vobres_n_buy.py' 2026-06-02 11:50:39,620 :  Not found in last_ohlc.txt 005070 코스모신소재
[INFO] 'chk_vobres_n_buy.py' 2026-06-02 11:50:39,620 : 하향추세 005490 POSCO홀딩스 < 5MA 10MA
[INFO] 'chk_vobres_n_buy.py' 2026-06-02 11:50:39,621 : 하향추세 006400 삼성SDI < 5MA 10MA
[INFO] 'chk_vobres_n_buy.py' 2026-06-02 11:50:39,621 : 하향추세 012450 한화에어로스페이스 < 5MA 10MA
[INFO] 'chk_vobres_n_buy.py' 2026-06-02 11:50:39,621 : 하향추세 042700 한미반도체 < 5MA 10MA
[INFO] 'chk_vobres_n_buy.py' 2026-06-02 11:50:39,622 : 하향추세 047810 한국항공우주 < 5MA 10MA
[INFO] 'chk_vobres_n_buy.py' 2026-06-02 11:50:39,622 : 하향추세 064350 현대로템 < 5MA 10MA
[INFO] 'chk_vobres_n_buy.py' 2026-06-02 11:50:39,622 : 하향추세 079550 LIG디펜스앤에어로스 < 5MA 10MA
[INFO] 'chk_vobres_n_buy.py' 2026-06-02 11:50:39,623 : 하향추세 086520 에코프로 < 5MA 10MA
[INFO] 'chk_vobres_n_buy.py' 2026-06-02 11:50:39,623 : 하향추세 096770 SK이노베이션 < 5MA 10MA
[INFO] 'chk_vobres_n_buy.py' 2026-06-02 11:50:39,623 : 하향추세 247540 에코프로비엠 < 5MA 10MA
[INFO] 'chk_vobres_n_buy.py' 2026-06-02 11:50:39,624 : 하향추세 272210 한화시스템 < 5MA 10MA
[DEBUG] 'chk_vobres_n_buy.py' 2026-06-02 11:50:39,624 : 조건검색 종목 수18
[INFO] 'chk_vobres_n_buy.py' 2026-06-02 11:50:40,638 : 하향추세 010950 S-Oil < 5MA 10MA
[DEBUG] 'chk_vobres_n_buy.py' 2026-06-02 11:50:40,639 : 조건검색 종목 수2
[INFO] 'chk_vobres_n_buy.py' 2026-06-02 11:50:41,645 : 하향추세 003670 포스코퓨처엠 < 5MA 10MA
[WARNING] 'chk_vobres_n_buy.py' 2026-06-02 11:50:41,646 :  Not found in last_ohlc.txt 005070 코스모신소재
[INFO] 'chk_vobres_n_buy.py' 2026-06-02 11:50:41,646 : 하향추세 005490 POSCO홀딩스 < 5MA 10MA
[INFO] 'chk_vobres_n_buy.py' 2026-06-02 11:50:41,646 : 하향추세 006400 삼성SDI < 5MA 10MA
[INFO] 'chk_vobres_n_buy.py' 2026-06-02 11:50:41,647 : 하향추세 012450 한화에어로스페이스 < 5MA 10MA
[INFO] 'chk_vobres_n_buy.py' 2026-06-02 11:50:41,647 : 하향추세 042700 한미반도체 < 5MA 10MA
[INFO] 'chk_vobres_n_buy.py' 2026-06-02 11:50:41,647 : 하향추세 047810 한국항공우주 < 5MA 10MA
[INFO] 'chk_vobres_n_buy.py' 2026-06-02 11:50:41,648 : 하향추세 064350 현대로템 < 5MA 10MA
[INFO] 'chk_vobres_n_buy.py' 2026-06-02 11:50:41,648 : 하향추세 079550 LIG디펜스앤에어로스 < 5MA 10MA
[INFO] 'chk_vobres_n_buy.py' 2026-06-02 11:50:41,649 : 하향추세 086520 에코프로 < 5MA 10MA
[INFO] 'chk_vobres_n_buy.py' 2026-06-02 11:50:41,649 : 하향추세 096770 SK이노베이션 < 5MA 10MA
[INFO] 'chk_vobres_n_buy.py' 2026-06-02 11:50:41,649 : 하향추세 247540 에코프로비엠 < 5MA 10MA
[INFO] 'chk_vobres_n_buy.py' 2026-06-02 11:50:41,649 : 하향추세 272210 한화시스템 < 5MA 10MA
[DEBUG] 'chk_vobres_n_buy.py' 2026-06-02 11:50:41,650 : 조건검색 종목 수18
[INFO] 'chk_vobres_n_buy.py' 2026-06-02 11:50:42,666 : 하향추세 010950 S-Oil < 5MA 10MA
[DEBUG] 'chk_vobres_n_buy.py' 2026-06-02 11:50:42,666 : 조건검색 종목 수2
[INFO] 'chk_vobres_n_buy.py' 2026-06-02 11:50:43,682 : 하향추세 003670 포스코퓨처엠 < 5MA 10MA
[WARNING] 'chk_vobres_n_buy.py' 2026-06-02 11:50:43,683 :  Not found in last_ohlc.txt 005070 코스모신소재
[INFO] 'chk_vobres_n_buy.py' 2026-06-02 11:50:43,683 : 하향추세 005490 POSCO홀딩스 < 5MA 10MA
[INFO] 'chk_vobres_n_buy.py' 2026-06-02 11:50:43,684 : 하향추세 006400 삼성SDI < 5MA 10MA
[INFO] 'chk_vobres_n_buy.py' 2026-06-02 11:50:43,684 : 하향추세 012450 한화에어로스페이스 < 5MA 10MA
[INFO] 'chk_vobres_n_buy.py' 2026-06-02 11:50:43,685 : 하향추세 042700 한미반도체 < 5MA 10MA
[INFO] 'chk_vobres_n_buy.py' 2026-06-02 11:50:43,685 : 하향추세 047810 한국항공우주 < 5MA 10MA
[INFO] 'chk_vobres_n_buy.py' 2026-06-02 11:50:43,685 : 하향추세 064350 현대로템 < 5MA 10MA
[INFO] 'chk_vobres_n_buy.py' 2026-06-02 11:50:43,685 : 하향추세 079550 LIG디펜스앤에어로스 < 5MA 10MA
[INFO] 'chk_vobres_n_buy.py' 2026-06-02 11:50:43,686 : 하향추세 086520 에코프로 < 5MA 10MA
[INFO] 'chk_vobres_n_buy.py' 2026-06-02 11:50:43,686 : 하향추세 096770 SK이노베이션 < 5MA 10MA
[INFO] 'chk_vobres_n_buy.py' 2026-06-02 11:50:43,686 : 하향추세 247540 에코프로비엠 < 5MA 10MA
[INFO] 'chk_vobres_n_buy.py' 2026-06-02 11:50:43,687 : 하향추세 272210 한화시스템 < 5MA 10MA
[DEBUG] 'chk_vobres_n_buy.py' 2026-06-02 11:50:43,687 : 조건검색 종목 수18
[INFO] 'chk_vobres_n_buy.py' 2026-06-02 11:50:44,704 : 하향추세 010950 S-Oil < 5MA 10MA
[DEBUG] 'chk_vobres_n_buy.py' 2026-06-02 11:50:44,705 : 조건검색 종목 수2
[INFO] 'chk_vobres_n_buy.py' 2026-06-02 11:50:45,722 : 하향추세 003670 포스코퓨처엠 < 5MA 10MA
[WARNING] 'chk_vobres_n_buy.py' 2026-06-02 11:50:45,723 :  Not found in last_ohlc.txt 005070 코스모신소재
[INFO] 'chk_vobres_n_buy.py' 2026-06-02 11:50:45,723 : 하향추세 005490 POSCO홀딩스 < 5MA 10MA
[INFO] 'chk_vobres_n_buy.py' 2026-06-02 11:50:45,724 : 하향추세 006400 삼성SDI < 5MA 10MA
[INFO] 'chk_vobres_n_buy.py' 2026-06-02 11:50:45,724 : 하향추세 012450 한화에어로스페이스 < 5MA 10MA
[INFO] 'chk_vobres_n_buy.py' 2026-06-02 11:50:45,724 : 하향추세 042700 한미반도체 < 5MA 10MA
[INFO] 'chk_vobres_n_buy.py' 2026-06-02 11:50:45,725 : 하향추세 047810 한국항공우주 < 5MA 10MA
[INFO] 'chk_vobres_n_buy.py' 2026-06-02 11:50:45,725 : 하향추세 064350 현대로템 < 5MA 10MA
[INFO] 'chk_vobres_n_buy.py' 2026-06-02 11:50:45,726 : 하향추세 079550 LIG디펜스앤에어로스 < 5MA 10MA
[INFO] 'chk_vobres_n_buy.py' 2026-06-02 11:50:45,726 : 하향추세 086520 에코프로 < 5MA 10MA
[INFO] 'chk_vobres_n_buy.py' 2026-06-02 11:50:45,726 : 하향추세 096770 SK이노베이션 < 5MA 10MA
[INFO] 'chk_vobres_n_buy.py' 2026-06-02 11:50:45,726 : 하향추세 247540 에코프로비엠 < 5MA 10MA
[INFO] 'chk_vobres_n_buy.py' 2026-06-02 11:50:45,727 : 하향추세 272210 한화시스템 < 5MA 10MA
[DEBUG] 'chk_vobres_n_buy.py' 2026-06-02 11:50:45,727 : 조건검색 종목 수18
[INFO] 'chk_vobres_n_buy.py' 2026-06-02 11:50:46,735 : 하향추세 010950 S-Oil < 5MA 10MA
[DEBUG] 'chk_vobres_n_buy.py' 2026-06-02 11:50:46,736 : 조건검색 종목 수2
[INFO] 'chk_vobres_n_buy.py' 2026-06-02 11:50:47,750 : 하향추세 003670 포스코퓨처엠 < 5MA 10MA
[WARNING] 'chk_vobres_n_buy.py' 2026-06-02 11:50:47,750 :  Not found in last_ohlc.txt 005070 코스모신소재
[INFO] 'chk_vobres_n_buy.py' 2026-06-02 11:50:47,750 : 하향추세 005490 POSCO홀딩스 < 5MA 10MA
[INFO] 'chk_vobres_n_buy.py' 2026-06-02 11:50:47,751 : 하향추세 006400 삼성SDI < 5MA 10MA
[INFO] 'chk_vobres_n_buy.py' 2026-06-02 11:50:47,751 : 하향추세 012450 한화에어로스페이스 < 5MA 10MA
[INFO] 'chk_vobres_n_buy.py' 2026-06-02 11:50:47,752 : 하향추세 042700 한미반도체 < 5MA 10MA
[INFO] 'chk_vobres_n_buy.py' 2026-06-02 11:50:47,752 : 하향추세 047810 한국항공우주 < 5MA 10MA
[INFO] 'chk_vobres_n_buy.py' 2026-06-02 11:50:47,752 : 하향추세 064350 현대로템 < 5MA 10MA
[INFO] 'chk_vobres_n_buy.py' 2026-06-02 11:50:47,753 : 하향추세 079550 LIG디펜스앤에어로스 < 5MA 10MA
[INFO] 'chk_vobres_n_buy.py' 2026-06-02 11:50:47,753 : 하향추세 086520 에코프로 < 5MA 10MA
[INFO] 'chk_vobres_n_buy.py' 2026-06-02 11:50:47,753 : 하향추세 096770 SK이노베이션 < 5MA 10MA
[INFO] 'chk_vobres_n_buy.py' 2026-06-02 11:50:47,754 : 하향추세 247540 에코프로비엠 < 5MA 10MA
[INFO] 'chk_vobres_n_buy.py' 2026-06-02 11:50:47,754 : 하향추세 272210 한화시스템 < 5MA 10MA
[DEBUG] 'chk_vobres_n_buy.py' 2026-06-02 11:50:47,754 : 조건검색 종목 수18
[INFO] 'chk_vobres_n_buy.py' 2026-06-02 11:50:48,772 : 하향추세 010950 S-Oil < 5MA 10MA
[DEBUG] 'chk_vobres_n_buy.py' 2026-06-02 11:50:48,772 : 조건검색 종목 수2
[INFO] 'chk_vobres_n_buy.py' 2026-06-02 11:50:49,776 : 하향추세 003670 포스코퓨처엠 < 5MA 10MA
[WARNING] 'chk_vobres_n_buy.py' 2026-06-02 11:50:49,777 :  Not found in last_ohlc.txt 005070 코스모신소재
[INFO] 'chk_vobres_n_buy.py' 2026-06-02 11:50:49,777 : 하향추세 005490 POSCO홀딩스 < 5MA 10MA
[INFO] 'chk_vobres_n_buy.py' 2026-06-02 11:50:49,778 : 하향추세 006400 삼성SDI < 5MA 10MA
[INFO] 'chk_vobres_n_buy.py' 2026-06-02 11:50:49,778 : 하향추세 012450 한화에어로스페이스 < 5MA 10MA
[INFO] 'chk_vobres_n_buy.py' 2026-06-02 11:50:49,778 : 하향추세 042700 한미반도체 < 5MA 10MA
[INFO] 'chk_vobres_n_buy.py' 2026-06-02 11:50:49,779 : 하향추세 047810 한국항공우주 < 5MA 10MA
[INFO] 'chk_vobres_n_buy.py' 2026-06-02 11:50:49,779 : 하향추세 064350 현대로템 < 5MA 10MA
[INFO] 'chk_vobres_n_buy.py' 2026-06-02 11:50:49,779 : 하향추세 079550 LIG디펜스앤에어로스 < 5MA 10MA
[INFO] 'chk_vobres_n_buy.py' 2026-06-02 11:50:49,780 : 하향추세 086520 에코프로 < 5MA 10MA
[INFO] 'chk_vobres_n_buy.py' 2026-06-02 11:50:49,780 : 하향추세 096770 SK이노베이션 < 5MA 10MA
[INFO] 'chk_vobres_n_buy.py' 2026-06-02 11:50:49,780 : 하향추세 247540 에코프로비엠 < 5MA 10MA
[INFO] 'chk_vobres_n_buy.py' 2026-06-02 11:50:49,781 : 하향추세 272210 한화시스템 < 5MA 10MA
[DEBUG] 'chk_vobres_n_buy.py' 2026-06-02 11:50:49,781 : 조건검색 종목 수18
[INFO] 'chk_vobres_n_buy.py' 2026-06-02 11:50:50,798 : 하향추세 010950 S-Oil < 5MA 10MA
[DEBUG] 'chk_vobres_n_buy.py' 2026-06-02 11:50:50,799 : 조건검색 종목 수2
[INFO] 'chk_vobres_n_buy.py' 2026-06-02 11:50:51,801 : 하향추세 003670 포스코퓨처엠 < 5MA 10MA
[WARNING] 'chk_vobres_n_buy.py' 2026-06-02 11:50:51,802 :  Not found in last_ohlc.txt 005070 코스모신소재
[INFO] 'chk_vobres_n_buy.py' 2026-06-02 11:50:51,802 : 하향추세 005490 POSCO홀딩스 < 5MA 10MA
[INFO] 'chk_vobres_n_buy.py' 2026-06-02 11:50:51,803 : 하향추세 006400 삼성SDI < 5MA 10MA
[INFO] 'chk_vobres_n_buy.py' 2026-06-02 11:50:51,803 : 하향추세 012450 한화에어로스페이스 < 5MA 10MA
[INFO] 'chk_vobres_n_buy.py' 2026-06-02 11:50:51,803 : 하향추세 042700 한미반도체 < 5MA 10MA
[INFO] 'chk_vobres_n_buy.py' 2026-06-02 11:50:51,804 : 하향추세 047810 한국항공우주 < 5MA 10MA
[INFO] 'chk_vobres_n_buy.py' 2026-06-02 11:50:51,804 : 하향추세 064350 현대로템 < 5MA 10MA
[INFO] 'chk_vobres_n_buy.py' 2026-06-02 11:50:51,804 : 하향추세 079550 LIG디펜스앤에어로스 < 5MA 10MA
[INFO] 'chk_vobres_n_buy.py' 2026-06-02 11:50:51,805 : 하향추세 086520 에코프로 < 5MA 10MA
[INFO] 'chk_vobres_n_buy.py' 2026-06-02 11:50:51,805 : 하향추세 096770 SK이노베이션 < 5MA 10MA
[INFO] 'chk_vobres_n_buy.py' 2026-06-02 11:50:51,805 : 하향추세 247540 에코프로비엠 < 5MA 10MA
[INFO] 'chk_vobres_n_buy.py' 2026-06-02 11:50:51,806 : 하향추세 272210 한화시스템 < 5MA 10MA
[DEBUG] 'chk_vobres_n_buy.py' 2026-06-02 11:50:51,806 : 조건검색 종목 수18
[INFO] 'chk_vobres_n_buy.py' 2026-06-02 11:50:52,819 : 하향추세 010950 S-Oil < 5MA 10MA
[DEBUG] 'chk_vobres_n_buy.py' 2026-06-02 11:50:52,819 : 조건검색 종목 수2
[INFO] 'chk_vobres_n_buy.py' 2026-06-02 11:50:53,825 : 하향추세 003670 포스코퓨처엠 < 5MA 10MA
[WARNING] 'chk_vobres_n_buy.py' 2026-06-02 11:50:53,826 :  Not found in last_ohlc.txt 005070 코스모신소재
[INFO] 'chk_vobres_n_buy.py' 2026-06-02 11:50:53,826 : 하향추세 005490 POSCO홀딩스 < 5MA 10MA
[INFO] 'chk_vobres_n_buy.py' 2026-06-02 11:50:53,826 : 하향추세 006400 삼성SDI < 5MA 10MA
[INFO] 'chk_vobres_n_buy.py' 2026-06-02 11:50:53,827 : 하향추세 012450 한화에어로스페이스 < 5MA 10MA
[INFO] 'chk_vobres_n_buy.py' 2026-06-02 11:50:53,827 : 하향추세 042700 한미반도체 < 5MA 10MA
[INFO] 'chk_vobres_n_buy.py' 2026-06-02 11:50:53,827 : 하향추세 047810 한국항공우주 < 5MA 10MA
[INFO] 'chk_vobres_n_buy.py' 2026-06-02 11:50:53,828 : 하향추세 064350 현대로템 < 5MA 10MA
[INFO] 'chk_vobres_n_buy.py' 2026-06-02 11:50:53,828 : 하향추세 079550 LIG디펜스앤에어로스 < 5MA 10MA
[INFO] 'chk_vobres_n_buy.py' 2026-06-02 11:50:53,828 : 하향추세 086520 에코프로 < 5MA 10MA
[INFO] 'chk_vobres_n_buy.py' 2026-06-02 11:50:53,829 : 하향추세 096770 SK이노베이션 < 5MA 10MA
[INFO] 'chk_vobres_n_buy.py' 2026-06-02 11:50:53,829 : 하향추세 247540 에코프로비엠 < 5MA 10MA
[INFO] 'chk_vobres_n_buy.py' 2026-06-02 11:50:53,829 : 하향추세 272210 한화시스템 < 5MA 10MA
[DEBUG] 'chk_vobres_n_buy.py' 2026-06-02 11:50:53,830 : 조건검색 종목 수18
[INFO] 'chk_vobres_n_buy.py' 2026-06-02 11:50:54,847 : 하향추세 010950 S-Oil < 5MA 10MA
[DEBUG] 'chk_vobres_n_buy.py' 2026-06-02 11:50:54,847 : 조건검색 종목 수2
[INFO] 'chk_vobres_n_buy.py' 2026-06-02 11:50:55,851 : 하향추세 003670 포스코퓨처엠 < 5MA 10MA
[WARNING] 'chk_vobres_n_buy.py' 2026-06-02 11:50:55,851 :  Not found in last_ohlc.txt 005070 코스모신소재
[INFO] 'chk_vobres_n_buy.py' 2026-06-02 11:50:55,852 : 하향추세 005490 POSCO홀딩스 < 5MA 10MA
[INFO] 'chk_vobres_n_buy.py' 2026-06-02 11:50:55,852 : 하향추세 006400 삼성SDI < 5MA 10MA
[INFO] 'chk_vobres_n_buy.py' 2026-06-02 11:50:55,852 : 하향추세 012450 한화에어로스페이스 < 5MA 10MA
[INFO] 'chk_vobres_n_buy.py' 2026-06-02 11:50:55,853 : 하향추세 042700 한미반도체 < 5MA 10MA
[INFO] 'chk_vobres_n_buy.py' 2026-06-02 11:50:55,853 : 하향추세 047810 한국항공우주 < 5MA 10MA
[INFO] 'chk_vobres_n_buy.py' 2026-06-02 11:50:55,853 : 하향추세 064350 현대로템 < 5MA 10MA
[INFO] 'chk_vobres_n_buy.py' 2026-06-02 11:50:55,854 : 하향추세 079550 LIG디펜스앤에어로스 < 5MA 10MA
[INFO] 'chk_vobres_n_buy.py' 2026-06-02 11:50:55,854 : 하향추세 086520 에코프로 < 5MA 10MA
[INFO] 'chk_vobres_n_buy.py' 2026-06-02 11:50:55,854 : 하향추세 096770 SK이노베이션 < 5MA 10MA
[INFO] 'chk_vobres_n_buy.py' 2026-06-02 11:50:55,855 : 하향추세 247540 에코프로비엠 < 5MA 10MA
[INFO] 'chk_vobres_n_buy.py' 2026-06-02 11:50:55,855 : 하향추세 272210 한화시스템 < 5MA 10MA
[DEBUG] 'chk_vobres_n_buy.py' 2026-06-02 11:50:55,855 : 조건검색 종목 수18
[INFO] 'chk_vobres_n_buy.py' 2026-06-02 11:50:56,867 : 하향추세 010950 S-Oil < 5MA 10MA
[DEBUG] 'chk_vobres_n_buy.py' 2026-06-02 11:50:56,867 : 조건검색 종목 수2
[INFO] 'chk_vobres_n_buy.py' 2026-06-02 11:50:57,870 : 하향추세 003670 포스코퓨처엠 < 5MA 10MA
[WARNING] 'chk_vobres_n_buy.py' 2026-06-02 11:50:57,871 :  Not found in last_ohlc.txt 005070 코스모신소재
[INFO] 'chk_vobres_n_buy.py' 2026-06-02 11:50:57,871 : 하향추세 005490 POSCO홀딩스 < 5MA 10MA
[INFO] 'chk_vobres_n_buy.py' 2026-06-02 11:50:57,872 : 하향추세 006400 삼성SDI < 5MA 10MA
[INFO] 'chk_vobres_n_buy.py' 2026-06-02 11:50:57,872 : 하향추세 012450 한화에어로스페이스 < 5MA 10MA
[INFO] 'chk_vobres_n_buy.py' 2026-06-02 11:50:57,873 : 하향추세 042700 한미반도체 < 5MA 10MA
[INFO] 'chk_vobres_n_buy.py' 2026-06-02 11:50:57,873 : 하향추세 047810 한국항공우주 < 5MA 10MA
[INFO] 'chk_vobres_n_buy.py' 2026-06-02 11:50:57,873 : 하향추세 064350 현대로템 < 5MA 10MA
[INFO] 'chk_vobres_n_buy.py' 2026-06-02 11:50:57,874 : 하향추세 079550 LIG디펜스앤에어로스 < 5MA 10MA
[INFO] 'chk_vobres_n_buy.py' 2026-06-02 11:50:57,874 : 하향추세 086520 에코프로 < 5MA 10MA
[INFO] 'chk_vobres_n_buy.py' 2026-06-02 11:50:57,874 : 하향추세 096770 SK이노베이션 < 5MA 10MA
[INFO] 'chk_vobres_n_buy.py' 2026-06-02 11:50:57,875 : 하향추세 247540 에코프로비엠 < 5MA 10MA
[INFO] 'chk_vobres_n_buy.py' 2026-06-02 11:50:57,875 : 하향추세 272210 한화시스템 < 5MA 10MA
[DEBUG] 'chk_vobres_n_buy.py' 2026-06-02 11:50:57,875 : 조건검색 종목 수18
[INFO] 'chk_vobres_n_buy.py' 2026-06-02 11:50:58,887 : 하향추세 010950 S-Oil < 5MA 10MA
[DEBUG] 'chk_vobres_n_buy.py' 2026-06-02 11:50:58,887 : 조건검색 종목 수2
[INFO] 'chk_vobres_n_buy.py' 2026-06-02 11:50:59,904 : 하향추세 003670 포스코퓨처엠 < 5MA 10MA
[WARNING] 'chk_vobres_n_buy.py' 2026-06-02 11:50:59,905 :  Not found in last_ohlc.txt 005070 코스모신소재
[INFO] 'chk_vobres_n_buy.py' 2026-06-02 11:50:59,905 : 하향추세 005490 POSCO홀딩스 < 5MA 10MA
[INFO] 'chk_vobres_n_buy.py' 2026-06-02 11:50:59,906 : 하향추세 006400 삼성SDI < 5MA 10MA
[INFO] 'chk_vobres_n_buy.py' 2026-06-02 11:50:59,906 : 하향추세 012450 한화에어로스페이스 < 5MA 10MA
[INFO] 'chk_vobres_n_buy.py' 2026-06-02 11:50:59,906 : 하향추세 042700 한미반도체 < 5MA 10MA
[INFO] 'chk_vobres_n_buy.py' 2026-06-02 11:50:59,907 : 하향추세 047810 한국항공우주 < 5MA 10MA
[INFO] 'chk_vobres_n_buy.py' 2026-06-02 11:50:59,907 : 하향추세 064350 현대로템 < 5MA 10MA
[INFO] 'chk_vobres_n_buy.py' 2026-06-02 11:50:59,907 : 하향추세 079550 LIG디펜스앤에어로스 < 5MA 10MA
[INFO] 'chk_vobres_n_buy.py' 2026-06-02 11:50:59,908 : 하향추세 086520 에코프로 < 5MA 10MA
[INFO] 'chk_vobres_n_buy.py' 2026-06-02 11:50:59,908 : 하향추세 096770 SK이노베이션 < 5MA 10MA
[INFO] 'chk_vobres_n_buy.py' 2026-06-02 11:50:59,908 : 하향추세 247540 에코프로비엠 < 5MA 10MA
[INFO] 'chk_vobres_n_buy.py' 2026-06-02 11:50:59,909 : 하향추세 272210 한화시스템 < 5MA 10MA
[DEBUG] 'chk_vobres_n_buy.py' 2026-06-02 11:50:59,909 : 조건검색 종목 수18
[INFO] 'chk_vobres_n_buy.py' 2026-06-02 11:51:00,912 : 하향추세 010950 S-Oil < 5MA 10MA
[DEBUG] 'chk_vobres_n_buy.py' 2026-06-02 11:51:00,912 : 조건검색 종목 수2
[INFO] 'chk_vobres_n_buy.py' 2026-06-02 11:51:01,928 : 하향추세 003670 포스코퓨처엠 < 5MA 10MA
[WARNING] 'chk_vobres_n_buy.py' 2026-06-02 11:51:01,928 :  Not found in last_ohlc.txt 005070 코스모신소재
[INFO] 'chk_vobres_n_buy.py' 2026-06-02 11:51:01,929 : 하향추세 005490 POSCO홀딩스 < 5MA 10MA
[INFO] 'chk_vobres_n_buy.py' 2026-06-02 11:51:01,929 : 하향추세 006400 삼성SDI < 5MA 10MA
[INFO] 'chk_vobres_n_buy.py' 2026-06-02 11:51:01,929 : 하향추세 012450 한화에어로스페이스 < 5MA 10MA
[INFO] 'chk_vobres_n_buy.py' 2026-06-02 11:51:01,930 : 하향추세 042700 한미반도체 < 5MA 10MA
[INFO] 'chk_vobres_n_buy.py' 2026-06-02 11:51:01,930 : 하향추세 047810 한국항공우주 < 5MA 10MA
[INFO] 'chk_vobres_n_buy.py' 2026-06-02 11:51:01,930 : 하향추세 064350 현대로템 < 5MA 10MA
[INFO] 'chk_vobres_n_buy.py' 2026-06-02 11:51:01,931 : 하향추세 079550 LIG디펜스앤에어로스 < 5MA 10MA
[INFO] 'chk_vobres_n_buy.py' 2026-06-02 11:51:01,931 : 하향추세 086520 에코프로 < 5MA 10MA
[INFO] 'chk_vobres_n_buy.py' 2026-06-02 11:51:01,931 : 하향추세 096770 SK이노베이션 < 5MA 10MA
[INFO] 'chk_vobres_n_buy.py' 2026-06-02 11:51:01,931 : 하향추세 247540 에코프로비엠 < 5MA 10MA
[INFO] 'chk_vobres_n_buy.py' 2026-06-02 11:51:01,932 : 하향추세 272210 한화시스템 < 5MA 10MA
[DEBUG] 'chk_vobres_n_buy.py' 2026-06-02 11:51:01,932 : 조건검색 종목 수18
[INFO] 'chk_vobres_n_buy.py' 2026-06-02 11:51:02,945 : 하향추세 010950 S-Oil < 5MA 10MA
[DEBUG] 'chk_vobres_n_buy.py' 2026-06-02 11:51:02,945 : 조건검색 종목 수3
[INFO] 'chk_vobres_n_buy.py' 2026-06-02 11:51:03,957 : 하향추세 003670 포스코퓨처엠 < 5MA 10MA
[WARNING] 'chk_vobres_n_buy.py' 2026-06-02 11:51:03,957 :  Not found in last_ohlc.txt 005070 코스모신소재
[INFO] 'chk_vobres_n_buy.py' 2026-06-02 11:51:03,958 : 하향추세 005490 POSCO홀딩스 < 5MA 10MA
[INFO] 'chk_vobres_n_buy.py' 2026-06-02 11:51:03,958 : 하향추세 006400 삼성SDI < 5MA 10MA
[INFO] 'chk_vobres_n_buy.py' 2026-06-02 11:51:03,958 : 하향추세 012450 한화에어로스페이스 < 5MA 10MA
[INFO] 'chk_vobres_n_buy.py' 2026-06-02 11:51:03,959 : 하향추세 042700 한미반도체 < 5MA 10MA
[INFO] 'chk_vobres_n_buy.py' 2026-06-02 11:51:03,959 : 하향추세 047810 한국항공우주 < 5MA 10MA
[INFO] 'chk_vobres_n_buy.py' 2026-06-02 11:51:03,959 : 하향추세 064350 현대로템 < 5MA 10MA
[INFO] 'chk_vobres_n_buy.py' 2026-06-02 11:51:03,960 : 하향추세 079550 LIG디펜스앤에어로스 < 5MA 10MA
[INFO] 'chk_vobres_n_buy.py' 2026-06-02 11:51:03,960 : 하향추세 086520 에코프로 < 5MA 10MA
[INFO] 'chk_vobres_n_buy.py' 2026-06-02 11:51:03,960 : 하향추세 096770 SK이노베이션 < 5MA 10MA
[INFO] 'chk_vobres_n_buy.py' 2026-06-02 11:51:03,961 : 하향추세 247540 에코프로비엠 < 5MA 10MA
[INFO] 'chk_vobres_n_buy.py' 2026-06-02 11:51:03,961 : 하향추세 272210 한화시스템 < 5MA 10MA
[DEBUG] 'chk_vobres_n_buy.py' 2026-06-02 11:51:03,961 : 조건검색 종목 수18
[INFO] 'chk_vobres_n_buy.py' 2026-06-02 11:51:04,978 : 하향추세 010950 S-Oil < 5MA 10MA
[DEBUG] 'chk_vobres_n_buy.py' 2026-06-02 11:51:04,978 : 조건검색 종목 수3
[INFO] 'chk_vobres_n_buy.py' 2026-06-02 11:51:05,996 : 하향추세 003670 포스코퓨처엠 < 5MA 10MA
[WARNING] 'chk_vobres_n_buy.py' 2026-06-02 11:51:05,996 :  Not found in last_ohlc.txt 005070 코스모신소재
[INFO] 'chk_vobres_n_buy.py' 2026-06-02 11:51:05,997 : 하향추세 005490 POSCO홀딩스 < 5MA 10MA
[INFO] 'chk_vobres_n_buy.py' 2026-06-02 11:51:05,997 : 하향추세 006400 삼성SDI < 5MA 10MA
[INFO] 'chk_vobres_n_buy.py' 2026-06-02 11:51:05,998 : 하향추세 012450 한화에어로스페이스 < 5MA 10MA
[INFO] 'chk_vobres_n_buy.py' 2026-06-02 11:51:05,998 : 하향추세 042700 한미반도체 < 5MA 10MA
[INFO] 'chk_vobres_n_buy.py' 2026-06-02 11:51:05,999 : 하향추세 047810 한국항공우주 < 5MA 10MA
[INFO] 'chk_vobres_n_buy.py' 2026-06-02 11:51:05,999 : 하향추세 064350 현대로템 < 5MA 10MA
[INFO] 'chk_vobres_n_buy.py' 2026-06-02 11:51:06,000 : 하향추세 079550 LIG디펜스앤에어로스 < 5MA 10MA
[INFO] 'chk_vobres_n_buy.py' 2026-06-02 11:51:06,000 : 하향추세 086520 에코프로 < 5MA 10MA
[INFO] 'chk_vobres_n_buy.py' 2026-06-02 11:51:06,001 : 하향추세 096770 SK이노베이션 < 5MA 10MA
[INFO] 'chk_vobres_n_buy.py' 2026-06-02 11:51:06,001 : 하향추세 247540 에코프로비엠 < 5MA 10MA
[INFO] 'chk_vobres_n_buy.py' 2026-06-02 11:51:06,001 : 하향추세 272210 한화시스템 < 5MA 10MA
[DEBUG] 'chk_vobres_n_buy.py' 2026-06-02 11:51:06,002 : 조건검색 종목 수18
[INFO] 'chk_vobres_n_buy.py' 2026-06-02 11:51:07,017 : 하향추세 010950 S-Oil < 5MA 10MA
[DEBUG] 'chk_vobres_n_buy.py' 2026-06-02 11:51:07,018 : 조건검색 종목 수3
[INFO] 'chk_vobres_n_buy.py' 2026-06-02 11:51:08,022 : 하향추세 003670 포스코퓨처엠 < 5MA 10MA
[WARNING] 'chk_vobres_n_buy.py' 2026-06-02 11:51:08,023 :  Not found in last_ohlc.txt 005070 코스모신소재
[INFO] 'chk_vobres_n_buy.py' 2026-06-02 11:51:08,023 : 하향추세 005490 POSCO홀딩스 < 5MA 10MA
[INFO] 'chk_vobres_n_buy.py' 2026-06-02 11:51:08,023 : 하향추세 006400 삼성SDI < 5MA 10MA
[INFO] 'chk_vobres_n_buy.py' 2026-06-02 11:51:08,024 : 하향추세 012450 한화에어로스페이스 < 5MA 10MA
[INFO] 'chk_vobres_n_buy.py' 2026-06-02 11:51:08,024 : 하향추세 042700 한미반도체 < 5MA 10MA
[INFO] 'chk_vobres_n_buy.py' 2026-06-02 11:51:08,024 : 하향추세 047810 한국항공우주 < 5MA 10MA
[INFO] 'chk_vobres_n_buy.py' 2026-06-02 11:51:08,025 : 하향추세 064350 현대로템 < 5MA 10MA
[INFO] 'chk_vobres_n_buy.py' 2026-06-02 11:51:08,025 : 하향추세 079550 LIG디펜스앤에어로스 < 5MA 10MA
[INFO] 'chk_vobres_n_buy.py' 2026-06-02 11:51:08,025 : 하향추세 086520 에코프로 < 5MA 10MA
[INFO] 'chk_vobres_n_buy.py' 2026-06-02 11:51:08,026 : 하향추세 096770 SK이노베이션 < 5MA 10MA
[INFO] 'chk_vobres_n_buy.py' 2026-06-02 11:51:08,026 : 하향추세 247540 에코프로비엠 < 5MA 10MA
[INFO] 'chk_vobres_n_buy.py' 2026-06-02 11:51:08,026 : 하향추세 272210 한화시스템 < 5MA 10MA
[DEBUG] 'chk_vobres_n_buy.py' 2026-06-02 11:51:08,027 : 조건검색 종목 수18
[INFO] 'chk_vobres_n_buy.py' 2026-06-02 11:51:09,032 : 하향추세 010950 S-Oil < 5MA 10MA
[DEBUG] 'chk_vobres_n_buy.py' 2026-06-02 11:51:09,032 : 조건검색 종목 수3
[INFO] 'chk_vobres_n_buy.py' 2026-06-02 11:51:10,050 : 하향추세 003670 포스코퓨처엠 < 5MA 10MA
[WARNING] 'chk_vobres_n_buy.py' 2026-06-02 11:51:10,050 :  Not found in last_ohlc.txt 005070 코스모신소재
[INFO] 'chk_vobres_n_buy.py' 2026-06-02 11:51:10,051 : 하향추세 005490 POSCO홀딩스 < 5MA 10MA
[INFO] 'chk_vobres_n_buy.py' 2026-06-02 11:51:10,051 : 하향추세 006400 삼성SDI < 5MA 10MA
[INFO] 'chk_vobres_n_buy.py' 2026-06-02 11:51:10,051 : 하향추세 012450 한화에어로스페이스 < 5MA 10MA
[INFO] 'chk_vobres_n_buy.py' 2026-06-02 11:51:10,052 : 하향추세 042700 한미반도체 < 5MA 10MA
[INFO] 'chk_vobres_n_buy.py' 2026-06-02 11:51:10,052 : 하향추세 047810 한국항공우주 < 5MA 10MA
[INFO] 'chk_vobres_n_buy.py' 2026-06-02 11:51:10,052 : 하향추세 064350 현대로템 < 5MA 10MA
[INFO] 'chk_vobres_n_buy.py' 2026-06-02 11:51:10,053 : 하향추세 079550 LIG디펜스앤에어로스 < 5MA 10MA
[INFO] 'chk_vobres_n_buy.py' 2026-06-02 11:51:10,053 : 하향추세 086520 에코프로 < 5MA 10MA
[INFO] 'chk_vobres_n_buy.py' 2026-06-02 11:51:10,053 : 하향추세 096770 SK이노베이션 < 5MA 10MA
[INFO] 'chk_vobres_n_buy.py' 2026-06-02 11:51:10,054 : 하향추세 247540 에코프로비엠 < 5MA 10MA
[INFO] 'chk_vobres_n_buy.py' 2026-06-02 11:51:10,054 : 하향추세 272210 한화시스템 < 5MA 10MA
[DEBUG] 'chk_vobres_n_buy.py' 2026-06-02 11:51:10,054 : 조건검색 종목 수18
[INFO] 'chk_vobres_n_buy.py' 2026-06-02 11:51:11,066 : 하향추세 010950 S-Oil < 5MA 10MA
[DEBUG] 'chk_vobres_n_buy.py' 2026-06-02 11:51:11,067 : 조건검색 종목 수2
[INFO] 'chk_vobres_n_buy.py' 2026-06-02 11:51:12,071 : 하향추세 003670 포스코퓨처엠 < 5MA 10MA
[WARNING] 'chk_vobres_n_buy.py' 2026-06-02 11:51:12,072 :  Not found in last_ohlc.txt 005070 코스모신소재
[INFO] 'chk_vobres_n_buy.py' 2026-06-02 11:51:12,072 : 하향추세 005490 POSCO홀딩스 < 5MA 10MA
[INFO] 'chk_vobres_n_buy.py' 2026-06-02 11:51:12,072 : 하향추세 006400 삼성SDI < 5MA 10MA
[INFO] 'chk_vobres_n_buy.py' 2026-06-02 11:51:12,073 : 하향추세 012450 한화에어로스페이스 < 5MA 10MA
[INFO] 'chk_vobres_n_buy.py' 2026-06-02 11:51:12,073 : 하향추세 042700 한미반도체 < 5MA 10MA
[INFO] 'chk_vobres_n_buy.py' 2026-06-02 11:51:12,073 : 하향추세 047810 한국항공우주 < 5MA 10MA
[INFO] 'chk_vobres_n_buy.py' 2026-06-02 11:51:12,074 : 하향추세 064350 현대로템 < 5MA 10MA
[INFO] 'chk_vobres_n_buy.py' 2026-06-02 11:51:12,074 : 하향추세 079550 LIG디펜스앤에어로스 < 5MA 10MA
[INFO] 'chk_vobres_n_buy.py' 2026-06-02 11:51:12,075 : 하향추세 086520 에코프로 < 5MA 10MA
[INFO] 'chk_vobres_n_buy.py' 2026-06-02 11:51:12,075 : 하향추세 096770 SK이노베이션 < 5MA 10MA
[INFO] 'chk_vobres_n_buy.py' 2026-06-02 11:51:12,075 : 하향추세 247540 에코프로비엠 < 5MA 10MA
[INFO] 'chk_vobres_n_buy.py' 2026-06-02 11:51:12,076 : 하향추세 272210 한화시스템 < 5MA 10MA
[DEBUG] 'chk_vobres_n_buy.py' 2026-06-02 11:51:12,076 : 조건검색 종목 수18
[INFO] 'chk_vobres_n_buy.py' 2026-06-02 11:51:13,090 : 하향추세 010950 S-Oil < 5MA 10MA
[DEBUG] 'chk_vobres_n_buy.py' 2026-06-02 11:51:13,090 : 조건검색 종목 수3
[INFO] 'chk_vobres_n_buy.py' 2026-06-02 11:51:14,096 : 하향추세 003670 포스코퓨처엠 < 5MA 10MA
[WARNING] 'chk_vobres_n_buy.py' 2026-06-02 11:51:14,097 :  Not found in last_ohlc.txt 005070 코스모신소재
[INFO] 'chk_vobres_n_buy.py' 2026-06-02 11:51:14,097 : 하향추세 005490 POSCO홀딩스 < 5MA 10MA
[INFO] 'chk_vobres_n_buy.py' 2026-06-02 11:51:14,098 : 하향추세 006400 삼성SDI < 5MA 10MA
[INFO] 'chk_vobres_n_buy.py' 2026-06-02 11:51:14,098 : 하향추세 012450 한화에어로스페이스 < 5MA 10MA
[INFO] 'chk_vobres_n_buy.py' 2026-06-02 11:51:14,098 : 하향추세 042700 한미반도체 < 5MA 10MA
[INFO] 'chk_vobres_n_buy.py' 2026-06-02 11:51:14,099 : 하향추세 047810 한국항공우주 < 5MA 10MA
[INFO] 'chk_vobres_n_buy.py' 2026-06-02 11:51:14,099 : 하향추세 064350 현대로템 < 5MA 10MA
[INFO] 'chk_vobres_n_buy.py' 2026-06-02 11:51:14,099 : 하향추세 079550 LIG디펜스앤에어로스 < 5MA 10MA
[INFO] 'chk_vobres_n_buy.py' 2026-06-02 11:51:14,100 : 하향추세 086520 에코프로 < 5MA 10MA
[INFO] 'chk_vobres_n_buy.py' 2026-06-02 11:51:14,100 : 하향추세 096770 SK이노베이션 < 5MA 10MA
[INFO] 'chk_vobres_n_buy.py' 2026-06-02 11:51:14,100 : 하향추세 247540 에코프로비엠 < 5MA 10MA
[INFO] 'chk_vobres_n_buy.py' 2026-06-02 11:51:14,101 : 하향추세 272210 한화시스템 < 5MA 10MA
[DEBUG] 'chk_vobres_n_buy.py' 2026-06-02 11:51:14,101 : 조건검색 종목 수18
[INFO] 'chk_vobres_n_buy.py' 2026-06-02 11:51:15,112 : 하향추세 010950 S-Oil < 5MA 10MA
[DEBUG] 'chk_vobres_n_buy.py' 2026-06-02 11:51:15,112 : 조건검색 종목 수3
[INFO] 'chk_vobres_n_buy.py' 2026-06-02 11:51:16,118 : 하향추세 003670 포스코퓨처엠 < 5MA 10MA
[WARNING] 'chk_vobres_n_buy.py' 2026-06-02 11:51:16,118 :  Not found in last_ohlc.txt 005070 코스모신소재
[INFO] 'chk_vobres_n_buy.py' 2026-06-02 11:51:16,119 : 하향추세 005490 POSCO홀딩스 < 5MA 10MA
[INFO] 'chk_vobres_n_buy.py' 2026-06-02 11:51:16,119 : 하향추세 006400 삼성SDI < 5MA 10MA
[INFO] 'chk_vobres_n_buy.py' 2026-06-02 11:51:16,120 : 하향추세 012450 한화에어로스페이스 < 5MA 10MA
[INFO] 'chk_vobres_n_buy.py' 2026-06-02 11:51:16,120 : 하향추세 042700 한미반도체 < 5MA 10MA
[INFO] 'chk_vobres_n_buy.py' 2026-06-02 11:51:16,120 : 하향추세 047810 한국항공우주 < 5MA 10MA
[INFO] 'chk_vobres_n_buy.py' 2026-06-02 11:51:16,121 : 하향추세 064350 현대로템 < 5MA 10MA
[INFO] 'chk_vobres_n_buy.py' 2026-06-02 11:51:16,121 : 하향추세 079550 LIG디펜스앤에어로스 < 5MA 10MA
[INFO] 'chk_vobres_n_buy.py' 2026-06-02 11:51:16,121 : 하향추세 086520 에코프로 < 5MA 10MA
[INFO] 'chk_vobres_n_buy.py' 2026-06-02 11:51:16,122 : 하향추세 096770 SK이노베이션 < 5MA 10MA
[INFO] 'chk_vobres_n_buy.py' 2026-06-02 11:51:16,122 : 하향추세 247540 에코프로비엠 < 5MA 10MA
[INFO] 'chk_vobres_n_buy.py' 2026-06-02 11:51:16,122 : 하향추세 272210 한화시스템 < 5MA 10MA
[DEBUG] 'chk_vobres_n_buy.py' 2026-06-02 11:51:16,123 : 조건검색 종목 수18
[INFO] 'chk_vobres_n_buy.py' 2026-06-02 11:51:17,125 : 하향추세 010950 S-Oil < 5MA 10MA
[DEBUG] 'chk_vobres_n_buy.py' 2026-06-02 11:51:17,126 : 조건검색 종목 수3
[INFO] 'chk_vobres_n_buy.py' 2026-06-02 11:51:18,138 : 하향추세 003670 포스코퓨처엠 < 5MA 10MA
[WARNING] 'chk_vobres_n_buy.py' 2026-06-02 11:51:18,139 :  Not found in last_ohlc.txt 005070 코스모신소재
[INFO] 'chk_vobres_n_buy.py' 2026-06-02 11:51:18,139 : 하향추세 005490 POSCO홀딩스 < 5MA 10MA
[INFO] 'chk_vobres_n_buy.py' 2026-06-02 11:51:18,140 : 하향추세 006400 삼성SDI < 5MA 10MA
[INFO] 'chk_vobres_n_buy.py' 2026-06-02 11:51:18,140 : 하향추세 012450 한화에어로스페이스 < 5MA 10MA
[INFO] 'chk_vobres_n_buy.py' 2026-06-02 11:51:18,140 : 하향추세 042700 한미반도체 < 5MA 10MA
[INFO] 'chk_vobres_n_buy.py' 2026-06-02 11:51:18,141 : 하향추세 047810 한국항공우주 < 5MA 10MA
[INFO] 'chk_vobres_n_buy.py' 2026-06-02 11:51:18,141 : 하향추세 064350 현대로템 < 5MA 10MA
[INFO] 'chk_vobres_n_buy.py' 2026-06-02 11:51:18,141 : 하향추세 079550 LIG디펜스앤에어로스 < 5MA 10MA
[INFO] 'chk_vobres_n_buy.py' 2026-06-02 11:51:18,142 : 하향추세 086520 에코프로 < 5MA 10MA
[INFO] 'chk_vobres_n_buy.py' 2026-06-02 11:51:18,142 : 하향추세 096770 SK이노베이션 < 5MA 10MA
[INFO] 'chk_vobres_n_buy.py' 2026-06-02 11:51:18,142 : 하향추세 247540 에코프로비엠 < 5MA 10MA
[INFO] 'chk_vobres_n_buy.py' 2026-06-02 11:51:18,142 : 하향추세 272210 한화시스템 < 5MA 10MA
[DEBUG] 'chk_vobres_n_buy.py' 2026-06-02 11:51:18,143 : 조건검색 종목 수18
[INFO] 'chk_vobres_n_buy.py' 2026-06-02 11:51:19,157 : 하향추세 010950 S-Oil < 5MA 10MA
[DEBUG] 'chk_vobres_n_buy.py' 2026-06-02 11:51:19,157 : 조건검색 종목 수2
[INFO] 'chk_vobres_n_buy.py' 2026-06-02 11:51:20,173 : 하향추세 003670 포스코퓨처엠 < 5MA 10MA
[WARNING] 'chk_vobres_n_buy.py' 2026-06-02 11:51:20,174 :  Not found in last_ohlc.txt 005070 코스모신소재
[INFO] 'chk_vobres_n_buy.py' 2026-06-02 11:51:20,174 : 하향추세 005490 POSCO홀딩스 < 5MA 10MA
[INFO] 'chk_vobres_n_buy.py' 2026-06-02 11:51:20,175 : 하향추세 006400 삼성SDI < 5MA 10MA
[INFO] 'chk_vobres_n_buy.py' 2026-06-02 11:51:20,175 : 하향추세 012450 한화에어로스페이스 < 5MA 10MA
[INFO] 'chk_vobres_n_buy.py' 2026-06-02 11:51:20,175 : 하향추세 042700 한미반도체 < 5MA 10MA
[INFO] 'chk_vobres_n_buy.py' 2026-06-02 11:51:20,176 : 하향추세 047810 한국항공우주 < 5MA 10MA
[INFO] 'chk_vobres_n_buy.py' 2026-06-02 11:51:20,176 : 하향추세 064350 현대로템 < 5MA 10MA
[INFO] 'chk_vobres_n_buy.py' 2026-06-02 11:51:20,176 : 하향추세 079550 LIG디펜스앤에어로스 < 5MA 10MA
[INFO] 'chk_vobres_n_buy.py' 2026-06-02 11:51:20,177 : 하향추세 086520 에코프로 < 5MA 10MA
[INFO] 'chk_vobres_n_buy.py' 2026-06-02 11:51:20,177 : 하향추세 096770 SK이노베이션 < 5MA 10MA
[INFO] 'chk_vobres_n_buy.py' 2026-06-02 11:51:20,177 : 하향추세 247540 에코프로비엠 < 5MA 10MA
[INFO] 'chk_vobres_n_buy.py' 2026-06-02 11:51:20,178 : 하향추세 272210 한화시스템 < 5MA 10MA
[DEBUG] 'chk_vobres_n_buy.py' 2026-06-02 11:51:20,178 : 조건검색 종목 수18
[INFO] 'chk_vobres_n_buy.py' 2026-06-02 11:51:21,190 : 하향추세 010950 S-Oil < 5MA 10MA
[DEBUG] 'chk_vobres_n_buy.py' 2026-06-02 11:51:21,191 : 조건검색 종목 수2
[INFO] 'chk_vobres_n_buy.py' 2026-06-02 11:51:22,207 : 하향추세 003670 포스코퓨처엠 < 5MA 10MA
[WARNING] 'chk_vobres_n_buy.py' 2026-06-02 11:51:22,208 :  Not found in last_ohlc.txt 005070 코스모신소재
[INFO] 'chk_vobres_n_buy.py' 2026-06-02 11:51:22,208 : 하향추세 005490 POSCO홀딩스 < 5MA 10MA
[INFO] 'chk_vobres_n_buy.py' 2026-06-02 11:51:22,208 : 하향추세 006400 삼성SDI < 5MA 10MA
[INFO] 'chk_vobres_n_buy.py' 2026-06-02 11:51:22,209 : 하향추세 012450 한화에어로스페이스 < 5MA 10MA
[INFO] 'chk_vobres_n_buy.py' 2026-06-02 11:51:22,209 : 하향추세 042700 한미반도체 < 5MA 10MA
[INFO] 'chk_vobres_n_buy.py' 2026-06-02 11:51:22,209 : 하향추세 047810 한국항공우주 < 5MA 10MA
[INFO] 'chk_vobres_n_buy.py' 2026-06-02 11:51:22,210 : 하향추세 064350 현대로템 < 5MA 10MA
[INFO] 'chk_vobres_n_buy.py' 2026-06-02 11:51:22,210 : 하향추세 079550 LIG디펜스앤에어로스 < 5MA 10MA
[INFO] 'chk_vobres_n_buy.py' 2026-06-02 11:51:22,210 : 하향추세 086520 에코프로 < 5MA 10MA
[INFO] 'chk_vobres_n_buy.py' 2026-06-02 11:51:22,210 : 하향추세 096770 SK이노베이션 < 5MA 10MA
[INFO] 'chk_vobres_n_buy.py' 2026-06-02 11:51:22,211 : 하향추세 247540 에코프로비엠 < 5MA 10MA
[INFO] 'chk_vobres_n_buy.py' 2026-06-02 11:51:22,211 : 하향추세 272210 한화시스템 < 5MA 10MA
[DEBUG] 'chk_vobres_n_buy.py' 2026-06-02 11:51:22,211 : 조건검색 종목 수18
[INFO] 'chk_vobres_n_buy.py' 2026-06-02 11:51:23,213 : 하향추세 010950 S-Oil < 5MA 10MA
[DEBUG] 'chk_vobres_n_buy.py' 2026-06-02 11:51:23,214 : 조건검색 종목 수2
[INFO] 'chk_vobres_n_buy.py' 2026-06-02 11:51:24,220 : 하향추세 003670 포스코퓨처엠 < 5MA 10MA
[WARNING] 'chk_vobres_n_buy.py' 2026-06-02 11:51:24,221 :  Not found in last_ohlc.txt 005070 코스모신소재
[INFO] 'chk_vobres_n_buy.py' 2026-06-02 11:51:24,221 : 하향추세 005490 POSCO홀딩스 < 5MA 10MA
[INFO] 'chk_vobres_n_buy.py' 2026-06-02 11:51:24,221 : 하향추세 006400 삼성SDI < 5MA 10MA
[INFO] 'chk_vobres_n_buy.py' 2026-06-02 11:51:24,222 : 하향추세 012450 한화에어로스페이스 < 5MA 10MA
[INFO] 'chk_vobres_n_buy.py' 2026-06-02 11:51:24,222 : 하향추세 042700 한미반도체 < 5MA 10MA
[INFO] 'chk_vobres_n_buy.py' 2026-06-02 11:51:24,223 : 하향추세 047810 한국항공우주 < 5MA 10MA
[INFO] 'chk_vobres_n_buy.py' 2026-06-02 11:51:24,223 : 하향추세 064350 현대로템 < 5MA 10MA
[INFO] 'chk_vobres_n_buy.py' 2026-06-02 11:51:24,223 : 하향추세 079550 LIG디펜스앤에어로스 < 5MA 10MA
[INFO] 'chk_vobres_n_buy.py' 2026-06-02 11:51:24,224 : 하향추세 086520 에코프로 < 5MA 10MA
[INFO] 'chk_vobres_n_buy.py' 2026-06-02 11:51:24,224 : 하향추세 096770 SK이노베이션 < 5MA 10MA
[INFO] 'chk_vobres_n_buy.py' 2026-06-02 11:51:24,224 : 하향추세 247540 에코프로비엠 < 5MA 10MA
[INFO] 'chk_vobres_n_buy.py' 2026-06-02 11:51:24,225 : 하향추세 272210 한화시스템 < 5MA 10MA
[DEBUG] 'chk_vobres_n_buy.py' 2026-06-02 11:51:24,225 : 조건검색 종목 수18
[INFO] 'chk_vobres_n_buy.py' 2026-06-02 11:51:25,237 : 하향추세 010950 S-Oil < 5MA 10MA
[DEBUG] 'chk_vobres_n_buy.py' 2026-06-02 11:51:25,238 : 조건검색 종목 수2
[INFO] 'chk_vobres_n_buy.py' 2026-06-02 11:51:26,245 : 하향추세 003670 포스코퓨처엠 < 5MA 10MA
[WARNING] 'chk_vobres_n_buy.py' 2026-06-02 11:51:26,245 :  Not found in last_ohlc.txt 005070 코스모신소재
[INFO] 'chk_vobres_n_buy.py' 2026-06-02 11:51:26,246 : 하향추세 005490 POSCO홀딩스 < 5MA 10MA
[INFO] 'chk_vobres_n_buy.py' 2026-06-02 11:51:26,246 : 하향추세 006400 삼성SDI < 5MA 10MA
[INFO] 'chk_vobres_n_buy.py' 2026-06-02 11:51:26,246 : 하향추세 012450 한화에어로스페이스 < 5MA 10MA
[INFO] 'chk_vobres_n_buy.py' 2026-06-02 11:51:26,247 : 하향추세 042700 한미반도체 < 5MA 10MA
[INFO] 'chk_vobres_n_buy.py' 2026-06-02 11:51:26,247 : 하향추세 047810 한국항공우주 < 5MA 10MA
[INFO] 'chk_vobres_n_buy.py' 2026-06-02 11:51:26,247 : 하향추세 064350 현대로템 < 5MA 10MA
[INFO] 'chk_vobres_n_buy.py' 2026-06-02 11:51:26,248 : 하향추세 079550 LIG디펜스앤에어로스 < 5MA 10MA
[INFO] 'chk_vobres_n_buy.py' 2026-06-02 11:51:26,248 : 하향추세 086520 에코프로 < 5MA 10MA
[INFO] 'chk_vobres_n_buy.py' 2026-06-02 11:51:26,248 : 하향추세 096770 SK이노베이션 < 5MA 10MA
[INFO] 'chk_vobres_n_buy.py' 2026-06-02 11:51:26,248 : 하향추세 247540 에코프로비엠 < 5MA 10MA
[INFO] 'chk_vobres_n_buy.py' 2026-06-02 11:51:26,249 : 하향추세 272210 한화시스템 < 5MA 10MA
[DEBUG] 'chk_vobres_n_buy.py' 2026-06-02 11:51:26,249 : 조건검색 종목 수18
[INFO] 'chk_vobres_n_buy.py' 2026-06-02 11:51:27,265 : 하향추세 010950 S-Oil < 5MA 10MA
[DEBUG] 'chk_vobres_n_buy.py' 2026-06-02 11:51:27,266 : 조건검색 종목 수2
[INFO] 'chk_vobres_n_buy.py' 2026-06-02 11:51:28,270 : 하향추세 003670 포스코퓨처엠 < 5MA 10MA
[WARNING] 'chk_vobres_n_buy.py' 2026-06-02 11:51:28,271 :  Not found in last_ohlc.txt 005070 코스모신소재
[INFO] 'chk_vobres_n_buy.py' 2026-06-02 11:51:28,271 : 하향추세 005490 POSCO홀딩스 < 5MA 10MA
[INFO] 'chk_vobres_n_buy.py' 2026-06-02 11:51:28,272 : 하향추세 006400 삼성SDI < 5MA 10MA
[INFO] 'chk_vobres_n_buy.py' 2026-06-02 11:51:28,272 : 하향추세 012450 한화에어로스페이스 < 5MA 10MA
[INFO] 'chk_vobres_n_buy.py' 2026-06-02 11:51:28,272 : 하향추세 042700 한미반도체 < 5MA 10MA
[INFO] 'chk_vobres_n_buy.py' 2026-06-02 11:51:28,273 : 하향추세 047810 한국항공우주 < 5MA 10MA
[INFO] 'chk_vobres_n_buy.py' 2026-06-02 11:51:28,273 : 하향추세 064350 현대로템 < 5MA 10MA
[INFO] 'chk_vobres_n_buy.py' 2026-06-02 11:51:28,273 : 하향추세 079550 LIG디펜스앤에어로스 < 5MA 10MA
[INFO] 'chk_vobres_n_buy.py' 2026-06-02 11:51:28,274 : 하향추세 086520 에코프로 < 5MA 10MA
[INFO] 'chk_vobres_n_buy.py' 2026-06-02 11:51:28,274 : 하향추세 096770 SK이노베이션 < 5MA 10MA
[INFO] 'chk_vobres_n_buy.py' 2026-06-02 11:51:28,274 : 하향추세 247540 에코프로비엠 < 5MA 10MA
[INFO] 'chk_vobres_n_buy.py' 2026-06-02 11:51:28,274 : 하향추세 272210 한화시스템 < 5MA 10MA
[DEBUG] 'chk_vobres_n_buy.py' 2026-06-02 11:51:28,275 : 조건검색 종목 수18
[DEBUG] 'chk_vobres_n_buy.py' 2026-06-02 11:51:29,283 : 조건검색 종목 수2
[INFO] 'chk_vobres_n_buy.py' 2026-06-02 11:51:30,287 : 하향추세 003670 포스코퓨처엠 < 5MA 10MA
[WARNING] 'chk_vobres_n_buy.py' 2026-06-02 11:51:30,287 :  Not found in last_ohlc.txt 005070 코스모신소재
[INFO] 'chk_vobres_n_buy.py' 2026-06-02 11:51:30,288 : 하향추세 005490 POSCO홀딩스 < 5MA 10MA
[INFO] 'chk_vobres_n_buy.py' 2026-06-02 11:51:30,288 : 하향추세 006400 삼성SDI < 5MA 10MA
[INFO] 'chk_vobres_n_buy.py' 2026-06-02 11:51:30,289 : 하향추세 012450 한화에어로스페이스 < 5MA 10MA
[INFO] 'chk_vobres_n_buy.py' 2026-06-02 11:51:30,289 : 하향추세 042700 한미반도체 < 5MA 10MA
[INFO] 'chk_vobres_n_buy.py' 2026-06-02 11:51:30,289 : 하향추세 047810 한국항공우주 < 5MA 10MA
[INFO] 'chk_vobres_n_buy.py' 2026-06-02 11:51:30,290 : 하향추세 064350 현대로템 < 5MA 10MA
[INFO] 'chk_vobres_n_buy.py' 2026-06-02 11:51:30,290 : 하향추세 079550 LIG디펜스앤에어로스 < 5MA 10MA
[INFO] 'chk_vobres_n_buy.py' 2026-06-02 11:51:30,290 : 하향추세 086520 에코프로 < 5MA 10MA
[INFO] 'chk_vobres_n_buy.py' 2026-06-02 11:51:30,291 : 하향추세 096770 SK이노베이션 < 5MA 10MA
[INFO] 'chk_vobres_n_buy.py' 2026-06-02 11:51:30,291 : 하향추세 247540 에코프로비엠 < 5MA 10MA
[INFO] 'chk_vobres_n_buy.py' 2026-06-02 11:51:30,291 : 하향추세 272210 한화시스템 < 5MA 10MA
[DEBUG] 'chk_vobres_n_buy.py' 2026-06-02 11:51:30,291 : 조건검색 종목 수18
[DEBUG] 'chk_vobres_n_buy.py' 2026-06-02 11:51:31,295 : 조건검색 종목 수2
[INFO] 'chk_vobres_n_buy.py' 2026-06-02 11:51:32,312 : 하향추세 003670 포스코퓨처엠 < 5MA 10MA
[WARNING] 'chk_vobres_n_buy.py' 2026-06-02 11:51:32,313 :  Not found in last_ohlc.txt 005070 코스모신소재
[INFO] 'chk_vobres_n_buy.py' 2026-06-02 11:51:32,313 : 하향추세 005490 POSCO홀딩스 < 5MA 10MA
[INFO] 'chk_vobres_n_buy.py' 2026-06-02 11:51:32,314 : 하향추세 006400 삼성SDI < 5MA 10MA
[INFO] 'chk_vobres_n_buy.py' 2026-06-02 11:51:32,314 : 하향추세 012450 한화에어로스페이스 < 5MA 10MA
[INFO] 'chk_vobres_n_buy.py' 2026-06-02 11:51:32,315 : 하향추세 042700 한미반도체 < 5MA 10MA
[INFO] 'chk_vobres_n_buy.py' 2026-06-02 11:51:32,315 : 하향추세 047810 한국항공우주 < 5MA 10MA
[INFO] 'chk_vobres_n_buy.py' 2026-06-02 11:51:32,315 : 하향추세 064350 현대로템 < 5MA 10MA
[INFO] 'chk_vobres_n_buy.py' 2026-06-02 11:51:32,316 : 하향추세 079550 LIG디펜스앤에어로스 < 5MA 10MA
[INFO] 'chk_vobres_n_buy.py' 2026-06-02 11:51:32,316 : 하향추세 086520 에코프로 < 5MA 10MA
[INFO] 'chk_vobres_n_buy.py' 2026-06-02 11:51:32,316 : 하향추세 096770 SK이노베이션 < 5MA 10MA
[INFO] 'chk_vobres_n_buy.py' 2026-06-02 11:51:32,317 : 하향추세 247540 에코프로비엠 < 5MA 10MA
[INFO] 'chk_vobres_n_buy.py' 2026-06-02 11:51:32,317 : 하향추세 272210 한화시스템 < 5MA 10MA
[DEBUG] 'chk_vobres_n_buy.py' 2026-06-02 11:51:32,317 : 조건검색 종목 수18
[DEBUG] 'chk_vobres_n_buy.py' 2026-06-02 11:51:33,328 : 조건검색 종목 수2
[INFO] 'chk_vobres_n_buy.py' 2026-06-02 11:51:34,333 : 하향추세 003670 포스코퓨처엠 < 5MA 10MA
[WARNING] 'chk_vobres_n_buy.py' 2026-06-02 11:51:34,333 :  Not found in last_ohlc.txt 005070 코스모신소재
[INFO] 'chk_vobres_n_buy.py' 2026-06-02 11:51:34,334 : 하향추세 005490 POSCO홀딩스 < 5MA 10MA
[INFO] 'chk_vobres_n_buy.py' 2026-06-02 11:51:34,334 : 하향추세 006400 삼성SDI < 5MA 10MA
[INFO] 'chk_vobres_n_buy.py' 2026-06-02 11:51:34,335 : 하향추세 012450 한화에어로스페이스 < 5MA 10MA
[INFO] 'chk_vobres_n_buy.py' 2026-06-02 11:51:34,335 : 하향추세 042700 한미반도체 < 5MA 10MA
[INFO] 'chk_vobres_n_buy.py' 2026-06-02 11:51:34,335 : 하향추세 047810 한국항공우주 < 5MA 10MA
[INFO] 'chk_vobres_n_buy.py' 2026-06-02 11:51:34,336 : 하향추세 064350 현대로템 < 5MA 10MA
[INFO] 'chk_vobres_n_buy.py' 2026-06-02 11:51:34,336 : 하향추세 079550 LIG디펜스앤에어로스 < 5MA 10MA
[INFO] 'chk_vobres_n_buy.py' 2026-06-02 11:51:34,336 : 하향추세 086520 에코프로 < 5MA 10MA
[INFO] 'chk_vobres_n_buy.py' 2026-06-02 11:51:34,336 : 하향추세 096770 SK이노베이션 < 5MA 10MA
[INFO] 'chk_vobres_n_buy.py' 2026-06-02 11:51:34,337 : 하향추세 247540 에코프로비엠 < 5MA 10MA
[INFO] 'chk_vobres_n_buy.py' 2026-06-02 11:51:34,337 : 하향추세 272210 한화시스템 < 5MA 10MA
[DEBUG] 'chk_vobres_n_buy.py' 2026-06-02 11:51:34,337 : 조건검색 종목 수18
[DEBUG] 'chk_vobres_n_buy.py' 2026-06-02 11:51:35,353 : 조건검색 종목 수2
[INFO] 'chk_vobres_n_buy.py' 2026-06-02 11:51:36,357 : 하향추세 003670 포스코퓨처엠 < 5MA 10MA
[WARNING] 'chk_vobres_n_buy.py' 2026-06-02 11:51:36,358 :  Not found in last_ohlc.txt 005070 코스모신소재
[INFO] 'chk_vobres_n_buy.py' 2026-06-02 11:51:36,359 : 하향추세 005490 POSCO홀딩스 < 5MA 10MA
[INFO] 'chk_vobres_n_buy.py' 2026-06-02 11:51:36,359 : 하향추세 006400 삼성SDI < 5MA 10MA
[INFO] 'chk_vobres_n_buy.py' 2026-06-02 11:51:36,360 : 하향추세 012450 한화에어로스페이스 < 5MA 10MA
[INFO] 'chk_vobres_n_buy.py' 2026-06-02 11:51:36,360 : 하향추세 042700 한미반도체 < 5MA 10MA
[INFO] 'chk_vobres_n_buy.py' 2026-06-02 11:51:36,360 : 하향추세 047810 한국항공우주 < 5MA 10MA
[INFO] 'chk_vobres_n_buy.py' 2026-06-02 11:51:36,361 : 하향추세 064350 현대로템 < 5MA 10MA
[INFO] 'chk_vobres_n_buy.py' 2026-06-02 11:51:36,361 : 하향추세 079550 LIG디펜스앤에어로스 < 5MA 10MA
[INFO] 'chk_vobres_n_buy.py' 2026-06-02 11:51:36,361 : 하향추세 086520 에코프로 < 5MA 10MA
[INFO] 'chk_vobres_n_buy.py' 2026-06-02 11:51:36,362 : 하향추세 096770 SK이노베이션 < 5MA 10MA
[INFO] 'chk_vobres_n_buy.py' 2026-06-02 11:51:36,362 : 하향추세 247540 에코프로비엠 < 5MA 10MA
[INFO] 'chk_vobres_n_buy.py' 2026-06-02 11:51:36,362 : 하향추세 272210 한화시스템 < 5MA 10MA
[DEBUG] 'chk_vobres_n_buy.py' 2026-06-02 11:51:36,363 : 조건검색 종목 수18
[DEBUG] 'chk_vobres_n_buy.py' 2026-06-02 11:51:37,368 : 조건검색 종목 수2
[INFO] 'chk_vobres_n_buy.py' 2026-06-02 11:51:38,384 : 하향추세 003670 포스코퓨처엠 < 5MA 10MA
[WARNING] 'chk_vobres_n_buy.py' 2026-06-02 11:51:38,385 :  Not found in last_ohlc.txt 005070 코스모신소재
[INFO] 'chk_vobres_n_buy.py' 2026-06-02 11:51:38,385 : 하향추세 005490 POSCO홀딩스 < 5MA 10MA
[INFO] 'chk_vobres_n_buy.py' 2026-06-02 11:51:38,386 : 하향추세 006400 삼성SDI < 5MA 10MA
[INFO] 'chk_vobres_n_buy.py' 2026-06-02 11:51:38,386 : 하향추세 012450 한화에어로스페이스 < 5MA 10MA
[INFO] 'chk_vobres_n_buy.py' 2026-06-02 11:51:38,386 : 하향추세 042700 한미반도체 < 5MA 10MA
[INFO] 'chk_vobres_n_buy.py' 2026-06-02 11:51:38,387 : 하향추세 047810 한국항공우주 < 5MA 10MA
[INFO] 'chk_vobres_n_buy.py' 2026-06-02 11:51:38,387 : 하향추세 064350 현대로템 < 5MA 10MA
[INFO] 'chk_vobres_n_buy.py' 2026-06-02 11:51:38,387 : 하향추세 079550 LIG디펜스앤에어로스 < 5MA 10MA
[INFO] 'chk_vobres_n_buy.py' 2026-06-02 11:51:38,388 : 하향추세 086520 에코프로 < 5MA 10MA
[INFO] 'chk_vobres_n_buy.py' 2026-06-02 11:51:38,388 : 하향추세 096770 SK이노베이션 < 5MA 10MA
[INFO] 'chk_vobres_n_buy.py' 2026-06-02 11:51:38,388 : 하향추세 247540 에코프로비엠 < 5MA 10MA
[INFO] 'chk_vobres_n_buy.py' 2026-06-02 11:51:38,388 : 하향추세 272210 한화시스템 < 5MA 10MA
[DEBUG] 'chk_vobres_n_buy.py' 2026-06-02 11:51:38,389 : 조건검색 종목 수18
[DEBUG] 'chk_vobres_n_buy.py' 2026-06-02 11:51:39,399 : 조건검색 종목 수2
[INFO] 'chk_vobres_n_buy.py' 2026-06-02 11:51:40,404 : 하향추세 003670 포스코퓨처엠 < 5MA 10MA
[WARNING] 'chk_vobres_n_buy.py' 2026-06-02 11:51:40,404 :  Not found in last_ohlc.txt 005070 코스모신소재
[INFO] 'chk_vobres_n_buy.py' 2026-06-02 11:51:40,405 : 하향추세 005490 POSCO홀딩스 < 5MA 10MA
[INFO] 'chk_vobres_n_buy.py' 2026-06-02 11:51:40,405 : 하향추세 006400 삼성SDI < 5MA 10MA
[INFO] 'chk_vobres_n_buy.py' 2026-06-02 11:51:40,406 : 하향추세 012450 한화에어로스페이스 < 5MA 10MA
[INFO] 'chk_vobres_n_buy.py' 2026-06-02 11:51:40,406 : 하향추세 042700 한미반도체 < 5MA 10MA
[INFO] 'chk_vobres_n_buy.py' 2026-06-02 11:51:40,406 : 하향추세 047810 한국항공우주 < 5MA 10MA
[INFO] 'chk_vobres_n_buy.py' 2026-06-02 11:51:40,407 : 하향추세 064350 현대로템 < 5MA 10MA
[INFO] 'chk_vobres_n_buy.py' 2026-06-02 11:51:40,407 : 하향추세 079550 LIG디펜스앤에어로스 < 5MA 10MA
[INFO] 'chk_vobres_n_buy.py' 2026-06-02 11:51:40,407 : 하향추세 086520 에코프로 < 5MA 10MA
[INFO] 'chk_vobres_n_buy.py' 2026-06-02 11:51:40,408 : 하향추세 096770 SK이노베이션 < 5MA 10MA
[INFO] 'chk_vobres_n_buy.py' 2026-06-02 11:51:40,408 : 하향추세 247540 에코프로비엠 < 5MA 10MA
[INFO] 'chk_vobres_n_buy.py' 2026-06-02 11:51:40,408 : 하향추세 272210 한화시스템 < 5MA 10MA
[DEBUG] 'chk_vobres_n_buy.py' 2026-06-02 11:51:40,409 : 조건검색 종목 수18
[DEBUG] 'chk_vobres_n_buy.py' 2026-06-02 11:51:41,420 : 조건검색 종목 수2
[INFO] 'chk_vobres_n_buy.py' 2026-06-02 11:51:42,424 : 하향추세 003670 포스코퓨처엠 < 5MA 10MA
[WARNING] 'chk_vobres_n_buy.py' 2026-06-02 11:51:42,425 :  Not found in last_ohlc.txt 005070 코스모신소재
[INFO] 'chk_vobres_n_buy.py' 2026-06-02 11:51:42,426 : 하향추세 005490 POSCO홀딩스 < 5MA 10MA
[INFO] 'chk_vobres_n_buy.py' 2026-06-02 11:51:42,426 : 하향추세 006400 삼성SDI < 5MA 10MA
[INFO] 'chk_vobres_n_buy.py' 2026-06-02 11:51:42,426 : 하향추세 012450 한화에어로스페이스 < 5MA 10MA
[INFO] 'chk_vobres_n_buy.py' 2026-06-02 11:51:42,427 : 하향추세 042700 한미반도체 < 5MA 10MA
[INFO] 'chk_vobres_n_buy.py' 2026-06-02 11:51:42,427 : 하향추세 047810 한국항공우주 < 5MA 10MA
[INFO] 'chk_vobres_n_buy.py' 2026-06-02 11:51:42,428 : 하향추세 064350 현대로템 < 5MA 10MA
[INFO] 'chk_vobres_n_buy.py' 2026-06-02 11:51:42,428 : 하향추세 079550 LIG디펜스앤에어로스 < 5MA 10MA
[INFO] 'chk_vobres_n_buy.py' 2026-06-02 11:51:42,428 : 하향추세 086520 에코프로 < 5MA 10MA
[INFO] 'chk_vobres_n_buy.py' 2026-06-02 11:51:42,429 : 하향추세 096770 SK이노베이션 < 5MA 10MA
[INFO] 'chk_vobres_n_buy.py' 2026-06-02 11:51:42,429 : 하향추세 247540 에코프로비엠 < 5MA 10MA
[INFO] 'chk_vobres_n_buy.py' 2026-06-02 11:51:42,429 : 하향추세 272210 한화시스템 < 5MA 10MA
[DEBUG] 'chk_vobres_n_buy.py' 2026-06-02 11:51:42,430 : 조건검색 종목 수18
[DEBUG] 'chk_vobres_n_buy.py' 2026-06-02 11:51:43,439 : 조건검색 종목 수2
[INFO] 'chk_vobres_n_buy.py' 2026-06-02 11:51:44,454 : 하향추세 003670 포스코퓨처엠 < 5MA 10MA
[WARNING] 'chk_vobres_n_buy.py' 2026-06-02 11:51:44,454 :  Not found in last_ohlc.txt 005070 코스모신소재
[INFO] 'chk_vobres_n_buy.py' 2026-06-02 11:51:44,455 : 하향추세 005490 POSCO홀딩스 < 5MA 10MA
[INFO] 'chk_vobres_n_buy.py' 2026-06-02 11:51:44,455 : 하향추세 006400 삼성SDI < 5MA 10MA
[INFO] 'chk_vobres_n_buy.py' 2026-06-02 11:51:44,455 : 하향추세 012450 한화에어로스페이스 < 5MA 10MA
[INFO] 'chk_vobres_n_buy.py' 2026-06-02 11:51:44,456 : 하향추세 042700 한미반도체 < 5MA 10MA
[INFO] 'chk_vobres_n_buy.py' 2026-06-02 11:51:44,456 : 하향추세 047810 한국항공우주 < 5MA 10MA
[INFO] 'chk_vobres_n_buy.py' 2026-06-02 11:51:44,456 : 하향추세 064350 현대로템 < 5MA 10MA
[INFO] 'chk_vobres_n_buy.py' 2026-06-02 11:51:44,457 : 하향추세 079550 LIG디펜스앤에어로스 < 5MA 10MA
[INFO] 'chk_vobres_n_buy.py' 2026-06-02 11:51:44,457 : 하향추세 086520 에코프로 < 5MA 10MA
[INFO] 'chk_vobres_n_buy.py' 2026-06-02 11:51:44,457 : 하향추세 096770 SK이노베이션 < 5MA 10MA
[INFO] 'chk_vobres_n_buy.py' 2026-06-02 11:51:44,458 : 하향추세 247540 에코프로비엠 < 5MA 10MA
[INFO] 'chk_vobres_n_buy.py' 2026-06-02 11:51:44,458 : 하향추세 272210 한화시스템 < 5MA 10MA
[DEBUG] 'chk_vobres_n_buy.py' 2026-06-02 11:51:44,458 : 조건검색 종목 수18
[DEBUG] 'chk_vobres_n_buy.py' 2026-06-02 11:51:45,463 : 조건검색 종목 수2
[INFO] 'chk_vobres_n_buy.py' 2026-06-02 11:51:46,482 : 하향추세 003670 포스코퓨처엠 < 5MA 10MA
[WARNING] 'chk_vobres_n_buy.py' 2026-06-02 11:51:46,483 :  Not found in last_ohlc.txt 005070 코스모신소재
[INFO] 'chk_vobres_n_buy.py' 2026-06-02 11:51:46,483 : 하향추세 005490 POSCO홀딩스 < 5MA 10MA
[INFO] 'chk_vobres_n_buy.py' 2026-06-02 11:51:46,484 : 하향추세 006400 삼성SDI < 5MA 10MA
[INFO] 'chk_vobres_n_buy.py' 2026-06-02 11:51:46,484 : 하향추세 012450 한화에어로스페이스 < 5MA 10MA
[INFO] 'chk_vobres_n_buy.py' 2026-06-02 11:51:46,485 : 하향추세 042700 한미반도체 < 5MA 10MA
[INFO] 'chk_vobres_n_buy.py' 2026-06-02 11:51:46,485 : 하향추세 047810 한국항공우주 < 5MA 10MA
[INFO] 'chk_vobres_n_buy.py' 2026-06-02 11:51:46,485 : 하향추세 064350 현대로템 < 5MA 10MA
[INFO] 'chk_vobres_n_buy.py' 2026-06-02 11:51:46,485 : 하향추세 079550 LIG디펜스앤에어로스 < 5MA 10MA
[INFO] 'chk_vobres_n_buy.py' 2026-06-02 11:51:46,486 : 하향추세 086520 에코프로 < 5MA 10MA
[INFO] 'chk_vobres_n_buy.py' 2026-06-02 11:51:46,486 : 하향추세 096770 SK이노베이션 < 5MA 10MA
[INFO] 'chk_vobres_n_buy.py' 2026-06-02 11:51:46,486 : 하향추세 247540 에코프로비엠 < 5MA 10MA
[INFO] 'chk_vobres_n_buy.py' 2026-06-02 11:51:46,487 : 하향추세 272210 한화시스템 < 5MA 10MA
[DEBUG] 'chk_vobres_n_buy.py' 2026-06-02 11:51:46,487 : 조건검색 종목 수18
[INFO] 'chk_vobres_n_buy.py' 2026-06-02 11:51:47,495 : 하향추세 010950 S-Oil < 5MA 10MA
[DEBUG] 'chk_vobres_n_buy.py' 2026-06-02 11:51:47,495 : 조건검색 종목 수3
[INFO] 'chk_vobres_n_buy.py' 2026-06-02 11:51:48,501 : 하향추세 003670 포스코퓨처엠 < 5MA 10MA
[WARNING] 'chk_vobres_n_buy.py' 2026-06-02 11:51:48,501 :  Not found in last_ohlc.txt 005070 코스모신소재
[INFO] 'chk_vobres_n_buy.py' 2026-06-02 11:51:48,502 : 하향추세 005490 POSCO홀딩스 < 5MA 10MA
[INFO] 'chk_vobres_n_buy.py' 2026-06-02 11:51:48,502 : 하향추세 006400 삼성SDI < 5MA 10MA
[INFO] 'chk_vobres_n_buy.py' 2026-06-02 11:51:48,502 : 하향추세 012450 한화에어로스페이스 < 5MA 10MA
[INFO] 'chk_vobres_n_buy.py' 2026-06-02 11:51:48,503 : 하향추세 042700 한미반도체 < 5MA 10MA
[INFO] 'chk_vobres_n_buy.py' 2026-06-02 11:51:48,503 : 하향추세 047810 한국항공우주 < 5MA 10MA
[INFO] 'chk_vobres_n_buy.py' 2026-06-02 11:51:48,503 : 하향추세 064350 현대로템 < 5MA 10MA
[INFO] 'chk_vobres_n_buy.py' 2026-06-02 11:51:48,504 : 하향추세 079550 LIG디펜스앤에어로스 < 5MA 10MA
[INFO] 'chk_vobres_n_buy.py' 2026-06-02 11:51:48,504 : 하향추세 086520 에코프로 < 5MA 10MA
[INFO] 'chk_vobres_n_buy.py' 2026-06-02 11:51:48,504 : 하향추세 096770 SK이노베이션 < 5MA 10MA
[INFO] 'chk_vobres_n_buy.py' 2026-06-02 11:51:48,505 : 하향추세 247540 에코프로비엠 < 5MA 10MA
[INFO] 'chk_vobres_n_buy.py' 2026-06-02 11:51:48,505 : 하향추세 272210 한화시스템 < 5MA 10MA
[DEBUG] 'chk_vobres_n_buy.py' 2026-06-02 11:51:48,505 : 조건검색 종목 수18
[INFO] 'chk_vobres_n_buy.py' 2026-06-02 11:51:49,515 : 하향추세 010950 S-Oil < 5MA 10MA
[DEBUG] 'chk_vobres_n_buy.py' 2026-06-02 11:51:49,516 : 조건검색 종목 수3
[INFO] 'chk_vobres_n_buy.py' 2026-06-02 11:51:50,532 : 하향추세 003670 포스코퓨처엠 < 5MA 10MA
[WARNING] 'chk_vobres_n_buy.py' 2026-06-02 11:51:50,532 :  Not found in last_ohlc.txt 005070 코스모신소재
[INFO] 'chk_vobres_n_buy.py' 2026-06-02 11:51:50,533 : 하향추세 005490 POSCO홀딩스 < 5MA 10MA
[INFO] 'chk_vobres_n_buy.py' 2026-06-02 11:51:50,533 : 하향추세 006400 삼성SDI < 5MA 10MA
[INFO] 'chk_vobres_n_buy.py' 2026-06-02 11:51:50,534 : 하향추세 012450 한화에어로스페이스 < 5MA 10MA
[INFO] 'chk_vobres_n_buy.py' 2026-06-02 11:51:50,534 : 하향추세 042700 한미반도체 < 5MA 10MA
[INFO] 'chk_vobres_n_buy.py' 2026-06-02 11:51:50,534 : 하향추세 047810 한국항공우주 < 5MA 10MA
[INFO] 'chk_vobres_n_buy.py' 2026-06-02 11:51:50,535 : 하향추세 064350 현대로템 < 5MA 10MA
[INFO] 'chk_vobres_n_buy.py' 2026-06-02 11:51:50,535 : 하향추세 079550 LIG디펜스앤에어로스 < 5MA 10MA
[INFO] 'chk_vobres_n_buy.py' 2026-06-02 11:51:50,535 : 하향추세 086520 에코프로 < 5MA 10MA
[INFO] 'chk_vobres_n_buy.py' 2026-06-02 11:51:50,536 : 하향추세 096770 SK이노베이션 < 5MA 10MA
[INFO] 'chk_vobres_n_buy.py' 2026-06-02 11:51:50,536 : 하향추세 247540 에코프로비엠 < 5MA 10MA
[INFO] 'chk_vobres_n_buy.py' 2026-06-02 11:51:50,536 : 하향추세 272210 한화시스템 < 5MA 10MA
[DEBUG] 'chk_vobres_n_buy.py' 2026-06-02 11:51:50,536 : 조건검색 종목 수18
[INFO] 'chk_vobres_n_buy.py' 2026-06-02 11:51:51,546 : 하향추세 010950 S-Oil < 5MA 10MA
[DEBUG] 'chk_vobres_n_buy.py' 2026-06-02 11:51:51,547 : 조건검색 종목 수3
[INFO] 'chk_vobres_n_buy.py' 2026-06-02 11:51:52,551 : 하향추세 003670 포스코퓨처엠 < 5MA 10MA
[WARNING] 'chk_vobres_n_buy.py' 2026-06-02 11:51:52,551 :  Not found in last_ohlc.txt 005070 코스모신소재
[INFO] 'chk_vobres_n_buy.py' 2026-06-02 11:51:52,552 : 하향추세 005490 POSCO홀딩스 < 5MA 10MA
[INFO] 'chk_vobres_n_buy.py' 2026-06-02 11:51:52,552 : 하향추세 006400 삼성SDI < 5MA 10MA
[INFO] 'chk_vobres_n_buy.py' 2026-06-02 11:51:52,552 : 하향추세 012450 한화에어로스페이스 < 5MA 10MA
[INFO] 'chk_vobres_n_buy.py' 2026-06-02 11:51:52,552 : 하향추세 042700 한미반도체 < 5MA 10MA
[INFO] 'chk_vobres_n_buy.py' 2026-06-02 11:51:52,552 : 하향추세 047810 한국항공우주 < 5MA 10MA
[INFO] 'chk_vobres_n_buy.py' 2026-06-02 11:51:52,552 : 하향추세 064350 현대로템 < 5MA 10MA
[INFO] 'chk_vobres_n_buy.py' 2026-06-02 11:51:52,552 : 하향추세 079550 LIG디펜스앤에어로스 < 5MA 10MA
[INFO] 'chk_vobres_n_buy.py' 2026-06-02 11:51:52,552 : 하향추세 086520 에코프로 < 5MA 10MA
[INFO] 'chk_vobres_n_buy.py' 2026-06-02 11:51:52,553 : 하향추세 096770 SK이노베이션 < 5MA 10MA
[INFO] 'chk_vobres_n_buy.py' 2026-06-02 11:51:52,553 : 하향추세 247540 에코프로비엠 < 5MA 10MA
[INFO] 'chk_vobres_n_buy.py' 2026-06-02 11:51:52,553 : 하향추세 272210 한화시스템 < 5MA 10MA
[DEBUG] 'chk_vobres_n_buy.py' 2026-06-02 11:51:52,553 : 조건검색 종목 수18
[INFO] 'chk_vobres_n_buy.py' 2026-06-02 11:51:53,556 : 하향추세 010950 S-Oil < 5MA 10MA
[DEBUG] 'chk_vobres_n_buy.py' 2026-06-02 11:51:53,557 : 조건검색 종목 수3
[INFO] 'chk_vobres_n_buy.py' 2026-06-02 11:51:54,573 : 하향추세 003670 포스코퓨처엠 < 5MA 10MA
[WARNING] 'chk_vobres_n_buy.py' 2026-06-02 11:51:54,574 :  Not found in last_ohlc.txt 005070 코스모신소재
[INFO] 'chk_vobres_n_buy.py' 2026-06-02 11:51:54,574 : 하향추세 005490 POSCO홀딩스 < 5MA 10MA
[INFO] 'chk_vobres_n_buy.py' 2026-06-02 11:51:54,575 : 하향추세 006400 삼성SDI < 5MA 10MA
[INFO] 'chk_vobres_n_buy.py' 2026-06-02 11:51:54,575 : 하향추세 012450 한화에어로스페이스 < 5MA 10MA
[INFO] 'chk_vobres_n_buy.py' 2026-06-02 11:51:54,575 : 하향추세 042700 한미반도체 < 5MA 10MA
[INFO] 'chk_vobres_n_buy.py' 2026-06-02 11:51:54,576 : 하향추세 047810 한국항공우주 < 5MA 10MA
[INFO] 'chk_vobres_n_buy.py' 2026-06-02 11:51:54,576 : 하향추세 064350 현대로템 < 5MA 10MA
[INFO] 'chk_vobres_n_buy.py' 2026-06-02 11:51:54,576 : 하향추세 079550 LIG디펜스앤에어로스 < 5MA 10MA
[INFO] 'chk_vobres_n_buy.py' 2026-06-02 11:51:54,576 : 하향추세 086520 에코프로 < 5MA 10MA
[INFO] 'chk_vobres_n_buy.py' 2026-06-02 11:51:54,577 : 하향추세 096770 SK이노베이션 < 5MA 10MA
[INFO] 'chk_vobres_n_buy.py' 2026-06-02 11:51:54,577 : 하향추세 247540 에코프로비엠 < 5MA 10MA
[INFO] 'chk_vobres_n_buy.py' 2026-06-02 11:51:54,577 : 하향추세 272210 한화시스템 < 5MA 10MA
[DEBUG] 'chk_vobres_n_buy.py' 2026-06-02 11:51:54,578 : 조건검색 종목 수18
[INFO] 'chk_vobres_n_buy.py' 2026-06-02 11:51:55,594 : 하향추세 010950 S-Oil < 5MA 10MA
[DEBUG] 'chk_vobres_n_buy.py' 2026-06-02 11:51:55,595 : 조건검색 종목 수3
[INFO] 'chk_vobres_n_buy.py' 2026-06-02 11:51:56,613 : 하향추세 003670 포스코퓨처엠 < 5MA 10MA
[WARNING] 'chk_vobres_n_buy.py' 2026-06-02 11:51:56,613 :  Not found in last_ohlc.txt 005070 코스모신소재
[INFO] 'chk_vobres_n_buy.py' 2026-06-02 11:51:56,614 : 하향추세 005490 POSCO홀딩스 < 5MA 10MA
[INFO] 'chk_vobres_n_buy.py' 2026-06-02 11:51:56,614 : 하향추세 006400 삼성SDI < 5MA 10MA
[INFO] 'chk_vobres_n_buy.py' 2026-06-02 11:51:56,614 : 하향추세 012450 한화에어로스페이스 < 5MA 10MA
[INFO] 'chk_vobres_n_buy.py' 2026-06-02 11:51:56,615 : 하향추세 042700 한미반도체 < 5MA 10MA
[INFO] 'chk_vobres_n_buy.py' 2026-06-02 11:51:56,615 : 하향추세 047810 한국항공우주 < 5MA 10MA
[INFO] 'chk_vobres_n_buy.py' 2026-06-02 11:51:56,615 : 하향추세 064350 현대로템 < 5MA 10MA
[INFO] 'chk_vobres_n_buy.py' 2026-06-02 11:51:56,616 : 하향추세 079550 LIG디펜스앤에어로스 < 5MA 10MA
[INFO] 'chk_vobres_n_buy.py' 2026-06-02 11:51:56,616 : 하향추세 086520 에코프로 < 5MA 10MA
[INFO] 'chk_vobres_n_buy.py' 2026-06-02 11:51:56,616 : 하향추세 096770 SK이노베이션 < 5MA 10MA
[INFO] 'chk_vobres_n_buy.py' 2026-06-02 11:51:56,617 : 하향추세 247540 에코프로비엠 < 5MA 10MA
[INFO] 'chk_vobres_n_buy.py' 2026-06-02 11:51:56,617 : 하향추세 272210 한화시스템 < 5MA 10MA
[DEBUG] 'chk_vobres_n_buy.py' 2026-06-02 11:51:56,617 : 조건검색 종목 수18
[INFO] 'chk_vobres_n_buy.py' 2026-06-02 11:51:57,628 : 하향추세 010950 S-Oil < 5MA 10MA
[DEBUG] 'chk_vobres_n_buy.py' 2026-06-02 11:51:57,628 : 조건검색 종목 수3
[INFO] 'chk_vobres_n_buy.py' 2026-06-02 11:51:58,634 : 하향추세 003670 포스코퓨처엠 < 5MA 10MA
[WARNING] 'chk_vobres_n_buy.py' 2026-06-02 11:51:58,635 :  Not found in last_ohlc.txt 005070 코스모신소재
[INFO] 'chk_vobres_n_buy.py' 2026-06-02 11:51:58,635 : 하향추세 005490 POSCO홀딩스 < 5MA 10MA
[INFO] 'chk_vobres_n_buy.py' 2026-06-02 11:51:58,635 : 하향추세 006400 삼성SDI < 5MA 10MA
[INFO] 'chk_vobres_n_buy.py' 2026-06-02 11:51:58,636 : 하향추세 012450 한화에어로스페이스 < 5MA 10MA
[INFO] 'chk_vobres_n_buy.py' 2026-06-02 11:51:58,636 : 하향추세 042700 한미반도체 < 5MA 10MA
[INFO] 'chk_vobres_n_buy.py' 2026-06-02 11:51:58,636 : 하향추세 047810 한국항공우주 < 5MA 10MA
[INFO] 'chk_vobres_n_buy.py' 2026-06-02 11:51:58,637 : 하향추세 064350 현대로템 < 5MA 10MA
[INFO] 'chk_vobres_n_buy.py' 2026-06-02 11:51:58,637 : 하향추세 079550 LIG디펜스앤에어로스 < 5MA 10MA
[INFO] 'chk_vobres_n_buy.py' 2026-06-02 11:51:58,637 : 하향추세 086520 에코프로 < 5MA 10MA
[INFO] 'chk_vobres_n_buy.py' 2026-06-02 11:51:58,638 : 하향추세 096770 SK이노베이션 < 5MA 10MA
[INFO] 'chk_vobres_n_buy.py' 2026-06-02 11:51:58,638 : 하향추세 247540 에코프로비엠 < 5MA 10MA
[INFO] 'chk_vobres_n_buy.py' 2026-06-02 11:51:58,638 : 하향추세 272210 한화시스템 < 5MA 10MA
[DEBUG] 'chk_vobres_n_buy.py' 2026-06-02 11:51:58,639 : 조건검색 종목 수18
[INFO] 'chk_vobres_n_buy.py' 2026-06-02 11:51:59,654 : 하향추세 010950 S-Oil < 5MA 10MA
[DEBUG] 'chk_vobres_n_buy.py' 2026-06-02 11:51:59,654 : 조건검색 종목 수3
[INFO] 'chk_vobres_n_buy.py' 2026-06-02 11:52:00,670 : 하향추세 003670 포스코퓨처엠 < 5MA 10MA
[WARNING] 'chk_vobres_n_buy.py' 2026-06-02 11:52:00,671 :  Not found in last_ohlc.txt 005070 코스모신소재
[INFO] 'chk_vobres_n_buy.py' 2026-06-02 11:52:00,672 : 하향추세 005490 POSCO홀딩스 < 5MA 10MA
[INFO] 'chk_vobres_n_buy.py' 2026-06-02 11:52:00,672 : 하향추세 006400 삼성SDI < 5MA 10MA
[INFO] 'chk_vobres_n_buy.py' 2026-06-02 11:52:00,672 : 하향추세 012450 한화에어로스페이스 < 5MA 10MA
[INFO] 'chk_vobres_n_buy.py' 2026-06-02 11:52:00,673 : 하향추세 042700 한미반도체 < 5MA 10MA
[INFO] 'chk_vobres_n_buy.py' 2026-06-02 11:52:00,673 : 하향추세 047810 한국항공우주 < 5MA 10MA
[INFO] 'chk_vobres_n_buy.py' 2026-06-02 11:52:00,673 : 하향추세 064350 현대로템 < 5MA 10MA
[INFO] 'chk_vobres_n_buy.py' 2026-06-02 11:52:00,674 : 하향추세 079550 LIG디펜스앤에어로스 < 5MA 10MA
[INFO] 'chk_vobres_n_buy.py' 2026-06-02 11:52:00,674 : 하향추세 086520 에코프로 < 5MA 10MA
[INFO] 'chk_vobres_n_buy.py' 2026-06-02 11:52:00,674 : 하향추세 096770 SK이노베이션 < 5MA 10MA
[INFO] 'chk_vobres_n_buy.py' 2026-06-02 11:52:00,675 : 하향추세 247540 에코프로비엠 < 5MA 10MA
[INFO] 'chk_vobres_n_buy.py' 2026-06-02 11:52:00,675 : 하향추세 272210 한화시스템 < 5MA 10MA
[DEBUG] 'chk_vobres_n_buy.py' 2026-06-02 11:52:00,675 : 조건검색 종목 수18
[INFO] 'chk_vobres_n_buy.py' 2026-06-02 11:52:01,690 : 하향추세 010950 S-Oil < 5MA 10MA
[DEBUG] 'chk_vobres_n_buy.py' 2026-06-02 11:52:01,691 : 조건검색 종목 수3
[INFO] 'chk_vobres_n_buy.py' 2026-06-02 11:52:02,705 : 하향추세 003670 포스코퓨처엠 < 5MA 10MA
[WARNING] 'chk_vobres_n_buy.py' 2026-06-02 11:52:02,706 :  Not found in last_ohlc.txt 005070 코스모신소재
[INFO] 'chk_vobres_n_buy.py' 2026-06-02 11:52:02,706 : 하향추세 005490 POSCO홀딩스 < 5MA 10MA
[INFO] 'chk_vobres_n_buy.py' 2026-06-02 11:52:02,707 : 하향추세 006400 삼성SDI < 5MA 10MA
[INFO] 'chk_vobres_n_buy.py' 2026-06-02 11:52:02,707 : 하향추세 012450 한화에어로스페이스 < 5MA 10MA
[INFO] 'chk_vobres_n_buy.py' 2026-06-02 11:52:02,707 : 하향추세 042700 한미반도체 < 5MA 10MA
[INFO] 'chk_vobres_n_buy.py' 2026-06-02 11:52:02,708 : 하향추세 047810 한국항공우주 < 5MA 10MA
[INFO] 'chk_vobres_n_buy.py' 2026-06-02 11:52:02,708 : 하향추세 064350 현대로템 < 5MA 10MA
[INFO] 'chk_vobres_n_buy.py' 2026-06-02 11:52:02,708 : 하향추세 079550 LIG디펜스앤에어로스 < 5MA 10MA
[INFO] 'chk_vobres_n_buy.py' 2026-06-02 11:52:02,708 : 하향추세 086520 에코프로 < 5MA 10MA
[INFO] 'chk_vobres_n_buy.py' 2026-06-02 11:52:02,709 : 하향추세 096770 SK이노베이션 < 5MA 10MA
[INFO] 'chk_vobres_n_buy.py' 2026-06-02 11:52:02,709 : 하향추세 247540 에코프로비엠 < 5MA 10MA
[INFO] 'chk_vobres_n_buy.py' 2026-06-02 11:52:02,709 : 하향추세 272210 한화시스템 < 5MA 10MA
[DEBUG] 'chk_vobres_n_buy.py' 2026-06-02 11:52:02,710 : 조건검색 종목 수18
[INFO] 'chk_vobres_n_buy.py' 2026-06-02 11:52:03,723 : 하향추세 010950 S-Oil < 5MA 10MA
[DEBUG] 'chk_vobres_n_buy.py' 2026-06-02 11:52:03,724 : 조건검색 종목 수3
[INFO] 'chk_vobres_n_buy.py' 2026-06-02 11:52:04,730 : 하향추세 003670 포스코퓨처엠 < 5MA 10MA
[WARNING] 'chk_vobres_n_buy.py' 2026-06-02 11:52:04,730 :  Not found in last_ohlc.txt 005070 코스모신소재
[INFO] 'chk_vobres_n_buy.py' 2026-06-02 11:52:04,730 : 하향추세 005490 POSCO홀딩스 < 5MA 10MA
[INFO] 'chk_vobres_n_buy.py' 2026-06-02 11:52:04,730 : 하향추세 006400 삼성SDI < 5MA 10MA
[INFO] 'chk_vobres_n_buy.py' 2026-06-02 11:52:04,730 : 하향추세 012450 한화에어로스페이스 < 5MA 10MA
[INFO] 'chk_vobres_n_buy.py' 2026-06-02 11:52:04,731 : 하향추세 042700 한미반도체 < 5MA 10MA
[INFO] 'chk_vobres_n_buy.py' 2026-06-02 11:52:04,731 : 하향추세 047810 한국항공우주 < 5MA 10MA
[INFO] 'chk_vobres_n_buy.py' 2026-06-02 11:52:04,731 : 하향추세 064350 현대로템 < 5MA 10MA
[INFO] 'chk_vobres_n_buy.py' 2026-06-02 11:52:04,731 : 하향추세 079550 LIG디펜스앤에어로스 < 5MA 10MA
[INFO] 'chk_vobres_n_buy.py' 2026-06-02 11:52:04,731 : 하향추세 086520 에코프로 < 5MA 10MA
[INFO] 'chk_vobres_n_buy.py' 2026-06-02 11:52:04,731 : 하향추세 096770 SK이노베이션 < 5MA 10MA
[INFO] 'chk_vobres_n_buy.py' 2026-06-02 11:52:04,731 : 하향추세 247540 에코프로비엠 < 5MA 10MA
[INFO] 'chk_vobres_n_buy.py' 2026-06-02 11:52:04,731 : 하향추세 272210 한화시스템 < 5MA 10MA
[DEBUG] 'chk_vobres_n_buy.py' 2026-06-02 11:52:04,731 : 조건검색 종목 수18
[INFO] 'chk_vobres_n_buy.py' 2026-06-02 11:52:05,737 : 하향추세 010950 S-Oil < 5MA 10MA
[DEBUG] 'chk_vobres_n_buy.py' 2026-06-02 11:52:05,738 : 조건검색 종목 수3
[INFO] 'chk_vobres_n_buy.py' 2026-06-02 11:52:06,748 : 하향추세 003670 포스코퓨처엠 < 5MA 10MA
[WARNING] 'chk_vobres_n_buy.py' 2026-06-02 11:52:06,749 :  Not found in last_ohlc.txt 005070 코스모신소재
[INFO] 'chk_vobres_n_buy.py' 2026-06-02 11:52:06,749 : 하향추세 005490 POSCO홀딩스 < 5MA 10MA
[INFO] 'chk_vobres_n_buy.py' 2026-06-02 11:52:06,750 : 하향추세 006400 삼성SDI < 5MA 10MA
[INFO] 'chk_vobres_n_buy.py' 2026-06-02 11:52:06,750 : 하향추세 012450 한화에어로스페이스 < 5MA 10MA
[INFO] 'chk_vobres_n_buy.py' 2026-06-02 11:52:06,751 : 하향추세 042700 한미반도체 < 5MA 10MA
[INFO] 'chk_vobres_n_buy.py' 2026-06-02 11:52:06,751 : 하향추세 047810 한국항공우주 < 5MA 10MA
[INFO] 'chk_vobres_n_buy.py' 2026-06-02 11:52:06,751 : 하향추세 064350 현대로템 < 5MA 10MA
[INFO] 'chk_vobres_n_buy.py' 2026-06-02 11:52:06,752 : 하향추세 079550 LIG디펜스앤에어로스 < 5MA 10MA
[INFO] 'chk_vobres_n_buy.py' 2026-06-02 11:52:06,752 : 하향추세 086520 에코프로 < 5MA 10MA
[INFO] 'chk_vobres_n_buy.py' 2026-06-02 11:52:06,752 : 하향추세 096770 SK이노베이션 < 5MA 10MA
[INFO] 'chk_vobres_n_buy.py' 2026-06-02 11:52:06,752 : 하향추세 247540 에코프로비엠 < 5MA 10MA
[INFO] 'chk_vobres_n_buy.py' 2026-06-02 11:52:06,753 : 하향추세 272210 한화시스템 < 5MA 10MA
[DEBUG] 'chk_vobres_n_buy.py' 2026-06-02 11:52:06,753 : 조건검색 종목 수18
[INFO] 'chk_vobres_n_buy.py' 2026-06-02 11:52:07,762 : 하향추세 010950 S-Oil < 5MA 10MA
[DEBUG] 'chk_vobres_n_buy.py' 2026-06-02 11:52:07,763 : 조건검색 종목 수3
[INFO] 'chk_vobres_n_buy.py' 2026-06-02 11:52:08,774 : 하향추세 003670 포스코퓨처엠 < 5MA 10MA
[WARNING] 'chk_vobres_n_buy.py' 2026-06-02 11:52:08,774 :  Not found in last_ohlc.txt 005070 코스모신소재
[INFO] 'chk_vobres_n_buy.py' 2026-06-02 11:52:08,775 : 하향추세 005490 POSCO홀딩스 < 5MA 10MA
[INFO] 'chk_vobres_n_buy.py' 2026-06-02 11:52:08,775 : 하향추세 006400 삼성SDI < 5MA 10MA
[INFO] 'chk_vobres_n_buy.py' 2026-06-02 11:52:08,775 : 하향추세 012450 한화에어로스페이스 < 5MA 10MA
[INFO] 'chk_vobres_n_buy.py' 2026-06-02 11:52:08,776 : 하향추세 042700 한미반도체 < 5MA 10MA
[INFO] 'chk_vobres_n_buy.py' 2026-06-02 11:52:08,776 : 하향추세 047810 한국항공우주 < 5MA 10MA
[INFO] 'chk_vobres_n_buy.py' 2026-06-02 11:52:08,776 : 하향추세 064350 현대로템 < 5MA 10MA
[INFO] 'chk_vobres_n_buy.py' 2026-06-02 11:52:08,777 : 하향추세 079550 LIG디펜스앤에어로스 < 5MA 10MA
[INFO] 'chk_vobres_n_buy.py' 2026-06-02 11:52:08,777 : 하향추세 086520 에코프로 < 5MA 10MA
[INFO] 'chk_vobres_n_buy.py' 2026-06-02 11:52:08,777 : 하향추세 096770 SK이노베이션 < 5MA 10MA
[INFO] 'chk_vobres_n_buy.py' 2026-06-02 11:52:08,778 : 하향추세 247540 에코프로비엠 < 5MA 10MA
[INFO] 'chk_vobres_n_buy.py' 2026-06-02 11:52:08,778 : 하향추세 272210 한화시스템 < 5MA 10MA
[DEBUG] 'chk_vobres_n_buy.py' 2026-06-02 11:52:08,778 : 조건검색 종목 수18
[INFO] 'chk_vobres_n_buy.py' 2026-06-02 11:52:09,789 : 하향추세 010950 S-Oil < 5MA 10MA
[DEBUG] 'chk_vobres_n_buy.py' 2026-06-02 11:52:09,790 : 조건검색 종목 수3
[INFO] 'chk_vobres_n_buy.py' 2026-06-02 11:52:10,793 : 하향추세 003670 포스코퓨처엠 < 5MA 10MA
[WARNING] 'chk_vobres_n_buy.py' 2026-06-02 11:52:10,794 :  Not found in last_ohlc.txt 005070 코스모신소재
[INFO] 'chk_vobres_n_buy.py' 2026-06-02 11:52:10,794 : 하향추세 005490 POSCO홀딩스 < 5MA 10MA
[INFO] 'chk_vobres_n_buy.py' 2026-06-02 11:52:10,794 : 하향추세 006400 삼성SDI < 5MA 10MA
[INFO] 'chk_vobres_n_buy.py' 2026-06-02 11:52:10,795 : 하향추세 012450 한화에어로스페이스 < 5MA 10MA
[INFO] 'chk_vobres_n_buy.py' 2026-06-02 11:52:10,795 : 하향추세 042700 한미반도체 < 5MA 10MA
[INFO] 'chk_vobres_n_buy.py' 2026-06-02 11:52:10,795 : 하향추세 047810 한국항공우주 < 5MA 10MA
[INFO] 'chk_vobres_n_buy.py' 2026-06-02 11:52:10,796 : 하향추세 064350 현대로템 < 5MA 10MA
[INFO] 'chk_vobres_n_buy.py' 2026-06-02 11:52:10,796 : 하향추세 079550 LIG디펜스앤에어로스 < 5MA 10MA
[INFO] 'chk_vobres_n_buy.py' 2026-06-02 11:52:10,796 : 하향추세 086520 에코프로 < 5MA 10MA
[INFO] 'chk_vobres_n_buy.py' 2026-06-02 11:52:10,797 : 하향추세 096770 SK이노베이션 < 5MA 10MA
[INFO] 'chk_vobres_n_buy.py' 2026-06-02 11:52:10,797 : 하향추세 247540 에코프로비엠 < 5MA 10MA
[INFO] 'chk_vobres_n_buy.py' 2026-06-02 11:52:10,797 : 하향추세 272210 한화시스템 < 5MA 10MA
[DEBUG] 'chk_vobres_n_buy.py' 2026-06-02 11:52:10,798 : 조건검색 종목 수18
[INFO] 'chk_vobres_n_buy.py' 2026-06-02 11:52:11,814 : 하향추세 010950 S-Oil < 5MA 10MA
[DEBUG] 'chk_vobres_n_buy.py' 2026-06-02 11:52:11,815 : 조건검색 종목 수3
[INFO] 'chk_vobres_n_buy.py' 2026-06-02 11:52:12,830 : 하향추세 003670 포스코퓨처엠 < 5MA 10MA
[WARNING] 'chk_vobres_n_buy.py' 2026-06-02 11:52:12,831 :  Not found in last_ohlc.txt 005070 코스모신소재
[INFO] 'chk_vobres_n_buy.py' 2026-06-02 11:52:12,832 : 하향추세 005490 POSCO홀딩스 < 5MA 10MA
[INFO] 'chk_vobres_n_buy.py' 2026-06-02 11:52:12,832 : 하향추세 006400 삼성SDI < 5MA 10MA
[INFO] 'chk_vobres_n_buy.py' 2026-06-02 11:52:12,832 : 하향추세 012450 한화에어로스페이스 < 5MA 10MA
[INFO] 'chk_vobres_n_buy.py' 2026-06-02 11:52:12,833 : 하향추세 042700 한미반도체 < 5MA 10MA
[INFO] 'chk_vobres_n_buy.py' 2026-06-02 11:52:12,833 : 하향추세 047810 한국항공우주 < 5MA 10MA
[INFO] 'chk_vobres_n_buy.py' 2026-06-02 11:52:12,833 : 하향추세 064350 현대로템 < 5MA 10MA
[INFO] 'chk_vobres_n_buy.py' 2026-06-02 11:52:12,834 : 하향추세 079550 LIG디펜스앤에어로스 < 5MA 10MA
[INFO] 'chk_vobres_n_buy.py' 2026-06-02 11:52:12,834 : 하향추세 086520 에코프로 < 5MA 10MA
[INFO] 'chk_vobres_n_buy.py' 2026-06-02 11:52:12,834 : 하향추세 096770 SK이노베이션 < 5MA 10MA
[INFO] 'chk_vobres_n_buy.py' 2026-06-02 11:52:12,835 : 하향추세 247540 에코프로비엠 < 5MA 10MA
[INFO] 'chk_vobres_n_buy.py' 2026-06-02 11:52:12,835 : 하향추세 272210 한화시스템 < 5MA 10MA
[DEBUG] 'chk_vobres_n_buy.py' 2026-06-02 11:52:12,835 : 조건검색 종목 수18
[INFO] 'chk_vobres_n_buy.py' 2026-06-02 11:52:13,851 : 하향추세 010950 S-Oil < 5MA 10MA
[DEBUG] 'chk_vobres_n_buy.py' 2026-06-02 11:52:13,852 : 조건검색 종목 수3
[INFO] 'chk_vobres_n_buy.py' 2026-06-02 11:52:14,869 : 하향추세 003670 포스코퓨처엠 < 5MA 10MA
[WARNING] 'chk_vobres_n_buy.py' 2026-06-02 11:52:14,869 :  Not found in last_ohlc.txt 005070 코스모신소재
[INFO] 'chk_vobres_n_buy.py' 2026-06-02 11:52:14,869 : 하향추세 005490 POSCO홀딩스 < 5MA 10MA
[INFO] 'chk_vobres_n_buy.py' 2026-06-02 11:52:14,869 : 하향추세 006400 삼성SDI < 5MA 10MA
[INFO] 'chk_vobres_n_buy.py' 2026-06-02 11:52:14,870 : 하향추세 012450 한화에어로스페이스 < 5MA 10MA
[INFO] 'chk_vobres_n_buy.py' 2026-06-02 11:52:14,870 : 하향추세 042700 한미반도체 < 5MA 10MA
[INFO] 'chk_vobres_n_buy.py' 2026-06-02 11:52:14,870 : 하향추세 047810 한국항공우주 < 5MA 10MA
[INFO] 'chk_vobres_n_buy.py' 2026-06-02 11:52:14,870 : 하향추세 064350 현대로템 < 5MA 10MA
[INFO] 'chk_vobres_n_buy.py' 2026-06-02 11:52:14,870 : 하향추세 079550 LIG디펜스앤에어로스 < 5MA 10MA
[INFO] 'chk_vobres_n_buy.py' 2026-06-02 11:52:14,870 : 하향추세 086520 에코프로 < 5MA 10MA
[INFO] 'chk_vobres_n_buy.py' 2026-06-02 11:52:14,870 : 하향추세 096770 SK이노베이션 < 5MA 10MA
[INFO] 'chk_vobres_n_buy.py' 2026-06-02 11:52:14,870 : 하향추세 247540 에코프로비엠 < 5MA 10MA
[INFO] 'chk_vobres_n_buy.py' 2026-06-02 11:52:14,870 : 하향추세 272210 한화시스템 < 5MA 10MA
[DEBUG] 'chk_vobres_n_buy.py' 2026-06-02 11:52:14,871 : 조건검색 종목 수18
[INFO] 'chk_vobres_n_buy.py' 2026-06-02 11:52:15,885 : 하향추세 010950 S-Oil < 5MA 10MA
[DEBUG] 'chk_vobres_n_buy.py' 2026-06-02 11:52:15,886 : 조건검색 종목 수2
[INFO] 'chk_vobres_n_buy.py' 2026-06-02 11:52:16,892 : 하향추세 003670 포스코퓨처엠 < 5MA 10MA
[WARNING] 'chk_vobres_n_buy.py' 2026-06-02 11:52:16,892 :  Not found in last_ohlc.txt 005070 코스모신소재
[INFO] 'chk_vobres_n_buy.py' 2026-06-02 11:52:16,893 : 하향추세 005490 POSCO홀딩스 < 5MA 10MA
[INFO] 'chk_vobres_n_buy.py' 2026-06-02 11:52:16,893 : 하향추세 006400 삼성SDI < 5MA 10MA
[INFO] 'chk_vobres_n_buy.py' 2026-06-02 11:52:16,894 : 하향추세 012450 한화에어로스페이스 < 5MA 10MA
[INFO] 'chk_vobres_n_buy.py' 2026-06-02 11:52:16,894 : 하향추세 042700 한미반도체 < 5MA 10MA
[INFO] 'chk_vobres_n_buy.py' 2026-06-02 11:52:16,894 : 하향추세 047810 한국항공우주 < 5MA 10MA
[INFO] 'chk_vobres_n_buy.py' 2026-06-02 11:52:16,895 : 하향추세 064350 현대로템 < 5MA 10MA
[INFO] 'chk_vobres_n_buy.py' 2026-06-02 11:52:16,895 : 하향추세 079550 LIG디펜스앤에어로스 < 5MA 10MA
[INFO] 'chk_vobres_n_buy.py' 2026-06-02 11:52:16,896 : 하향추세 086520 에코프로 < 5MA 10MA
[INFO] 'chk_vobres_n_buy.py' 2026-06-02 11:52:16,896 : 하향추세 096770 SK이노베이션 < 5MA 10MA
[INFO] 'chk_vobres_n_buy.py' 2026-06-02 11:52:16,896 : 하향추세 247540 에코프로비엠 < 5MA 10MA
[INFO] 'chk_vobres_n_buy.py' 2026-06-02 11:52:16,896 : 하향추세 272210 한화시스템 < 5MA 10MA
[DEBUG] 'chk_vobres_n_buy.py' 2026-06-02 11:52:16,897 : 조건검색 종목 수18
[DEBUG] 'chk_vobres_n_buy.py' 2026-06-02 11:52:17,912 : 조건검색 종목 수1
[INFO] 'chk_vobres_n_buy.py' 2026-06-02 11:52:18,918 : 하향추세 003670 포스코퓨처엠 < 5MA 10MA
[WARNING] 'chk_vobres_n_buy.py' 2026-06-02 11:52:18,918 :  Not found in last_ohlc.txt 005070 코스모신소재
[INFO] 'chk_vobres_n_buy.py' 2026-06-02 11:52:18,918 : 하향추세 005490 POSCO홀딩스 < 5MA 10MA
[INFO] 'chk_vobres_n_buy.py' 2026-06-02 11:52:18,919 : 하향추세 006400 삼성SDI < 5MA 10MA
[INFO] 'chk_vobres_n_buy.py' 2026-06-02 11:52:18,919 : 하향추세 012450 한화에어로스페이스 < 5MA 10MA
[INFO] 'chk_vobres_n_buy.py' 2026-06-02 11:52:18,919 : 하향추세 042700 한미반도체 < 5MA 10MA
[INFO] 'chk_vobres_n_buy.py' 2026-06-02 11:52:18,920 : 하향추세 047810 한국항공우주 < 5MA 10MA
[INFO] 'chk_vobres_n_buy.py' 2026-06-02 11:52:18,920 : 하향추세 064350 현대로템 < 5MA 10MA
[INFO] 'chk_vobres_n_buy.py' 2026-06-02 11:52:18,920 : 하향추세 079550 LIG디펜스앤에어로스 < 5MA 10MA
[INFO] 'chk_vobres_n_buy.py' 2026-06-02 11:52:18,921 : 하향추세 086520 에코프로 < 5MA 10MA
[INFO] 'chk_vobres_n_buy.py' 2026-06-02 11:52:18,921 : 하향추세 096770 SK이노베이션 < 5MA 10MA
[INFO] 'chk_vobres_n_buy.py' 2026-06-02 11:52:18,921 : 하향추세 247540 에코프로비엠 < 5MA 10MA
[INFO] 'chk_vobres_n_buy.py' 2026-06-02 11:52:18,922 : 하향추세 272210 한화시스템 < 5MA 10MA
[DEBUG] 'chk_vobres_n_buy.py' 2026-06-02 11:52:18,922 : 조건검색 종목 수18
[DEBUG] 'chk_vobres_n_buy.py' 2026-06-02 11:52:19,939 : 조건검색 종목 수2
[INFO] 'chk_vobres_n_buy.py' 2026-06-02 11:52:20,944 : 하향추세 003670 포스코퓨처엠 < 5MA 10MA
[WARNING] 'chk_vobres_n_buy.py' 2026-06-02 11:52:20,945 :  Not found in last_ohlc.txt 005070 코스모신소재
[INFO] 'chk_vobres_n_buy.py' 2026-06-02 11:52:20,945 : 하향추세 005490 POSCO홀딩스 < 5MA 10MA
[INFO] 'chk_vobres_n_buy.py' 2026-06-02 11:52:20,945 : 하향추세 006400 삼성SDI < 5MA 10MA
[INFO] 'chk_vobres_n_buy.py' 2026-06-02 11:52:20,946 : 하향추세 012450 한화에어로스페이스 < 5MA 10MA
[INFO] 'chk_vobres_n_buy.py' 2026-06-02 11:52:20,946 : 하향추세 042700 한미반도체 < 5MA 10MA
[INFO] 'chk_vobres_n_buy.py' 2026-06-02 11:52:20,946 : 하향추세 047810 한국항공우주 < 5MA 10MA
[INFO] 'chk_vobres_n_buy.py' 2026-06-02 11:52:20,947 : 하향추세 064350 현대로템 < 5MA 10MA
[INFO] 'chk_vobres_n_buy.py' 2026-06-02 11:52:20,947 : 하향추세 079550 LIG디펜스앤에어로스 < 5MA 10MA
[INFO] 'chk_vobres_n_buy.py' 2026-06-02 11:52:20,947 : 하향추세 086520 에코프로 < 5MA 10MA
[INFO] 'chk_vobres_n_buy.py' 2026-06-02 11:52:20,948 : 하향추세 096770 SK이노베이션 < 5MA 10MA
[INFO] 'chk_vobres_n_buy.py' 2026-06-02 11:52:20,948 : 하향추세 247540 에코프로비엠 < 5MA 10MA
[INFO] 'chk_vobres_n_buy.py' 2026-06-02 11:52:20,948 : 하향추세 272210 한화시스템 < 5MA 10MA
[DEBUG] 'chk_vobres_n_buy.py' 2026-06-02 11:52:20,948 : 조건검색 종목 수18
[INFO] 'chk_vobres_n_buy.py' 2026-06-02 11:52:21,963 : 하향추세 010950 S-Oil < 5MA 10MA
[DEBUG] 'chk_vobres_n_buy.py' 2026-06-02 11:52:21,964 : 조건검색 종목 수2
[INFO] 'chk_vobres_n_buy.py' 2026-06-02 11:52:22,970 : 하향추세 003670 포스코퓨처엠 < 5MA 10MA
[WARNING] 'chk_vobres_n_buy.py' 2026-06-02 11:52:22,970 :  Not found in last_ohlc.txt 005070 코스모신소재
[INFO] 'chk_vobres_n_buy.py' 2026-06-02 11:52:22,971 : 하향추세 005490 POSCO홀딩스 < 5MA 10MA
[INFO] 'chk_vobres_n_buy.py' 2026-06-02 11:52:22,971 : 하향추세 006400 삼성SDI < 5MA 10MA
[INFO] 'chk_vobres_n_buy.py' 2026-06-02 11:52:22,971 : 하향추세 012450 한화에어로스페이스 < 5MA 10MA
[INFO] 'chk_vobres_n_buy.py' 2026-06-02 11:52:22,972 : 하향추세 042700 한미반도체 < 5MA 10MA
[INFO] 'chk_vobres_n_buy.py' 2026-06-02 11:52:22,972 : 하향추세 047810 한국항공우주 < 5MA 10MA
[INFO] 'chk_vobres_n_buy.py' 2026-06-02 11:52:22,972 : 하향추세 064350 현대로템 < 5MA 10MA
[INFO] 'chk_vobres_n_buy.py' 2026-06-02 11:52:22,973 : 하향추세 079550 LIG디펜스앤에어로스 < 5MA 10MA
[INFO] 'chk_vobres_n_buy.py' 2026-06-02 11:52:22,973 : 하향추세 086520 에코프로 < 5MA 10MA
[INFO] 'chk_vobres_n_buy.py' 2026-06-02 11:52:22,973 : 하향추세 096770 SK이노베이션 < 5MA 10MA
[INFO] 'chk_vobres_n_buy.py' 2026-06-02 11:52:22,974 : 하향추세 247540 에코프로비엠 < 5MA 10MA
[INFO] 'chk_vobres_n_buy.py' 2026-06-02 11:52:22,974 : 하향추세 272210 한화시스템 < 5MA 10MA
[DEBUG] 'chk_vobres_n_buy.py' 2026-06-02 11:52:22,974 : 조건검색 종목 수18
[INFO] 'chk_vobres_n_buy.py' 2026-06-02 11:52:23,989 : 하향추세 010950 S-Oil < 5MA 10MA
[DEBUG] 'chk_vobres_n_buy.py' 2026-06-02 11:52:23,990 : 조건검색 종목 수2
[INFO] 'chk_vobres_n_buy.py' 2026-06-02 11:52:24,996 : 하향추세 003670 포스코퓨처엠 < 5MA 10MA
[WARNING] 'chk_vobres_n_buy.py' 2026-06-02 11:52:24,996 :  Not found in last_ohlc.txt 005070 코스모신소재
[INFO] 'chk_vobres_n_buy.py' 2026-06-02 11:52:24,997 : 하향추세 005490 POSCO홀딩스 < 5MA 10MA
[INFO] 'chk_vobres_n_buy.py' 2026-06-02 11:52:24,997 : 하향추세 006400 삼성SDI < 5MA 10MA
[INFO] 'chk_vobres_n_buy.py' 2026-06-02 11:52:24,998 : 하향추세 012450 한화에어로스페이스 < 5MA 10MA
[INFO] 'chk_vobres_n_buy.py' 2026-06-02 11:52:24,998 : 하향추세 042700 한미반도체 < 5MA 10MA
[INFO] 'chk_vobres_n_buy.py' 2026-06-02 11:52:24,998 : 하향추세 047810 한국항공우주 < 5MA 10MA
[INFO] 'chk_vobres_n_buy.py' 2026-06-02 11:52:24,999 : 하향추세 064350 현대로템 < 5MA 10MA
[INFO] 'chk_vobres_n_buy.py' 2026-06-02 11:52:24,999 : 하향추세 079550 LIG디펜스앤에어로스 < 5MA 10MA
[INFO] 'chk_vobres_n_buy.py' 2026-06-02 11:52:24,999 : 하향추세 086520 에코프로 < 5MA 10MA
[INFO] 'chk_vobres_n_buy.py' 2026-06-02 11:52:25,000 : 하향추세 096770 SK이노베이션 < 5MA 10MA
[INFO] 'chk_vobres_n_buy.py' 2026-06-02 11:52:25,000 : 하향추세 247540 에코프로비엠 < 5MA 10MA
[INFO] 'chk_vobres_n_buy.py' 2026-06-02 11:52:25,000 : 하향추세 272210 한화시스템 < 5MA 10MA
[DEBUG] 'chk_vobres_n_buy.py' 2026-06-02 11:52:25,000 : 조건검색 종목 수18
[INFO] 'chk_vobres_n_buy.py' 2026-06-02 11:52:26,011 : 하향추세 010950 S-Oil < 5MA 10MA
[DEBUG] 'chk_vobres_n_buy.py' 2026-06-02 11:52:26,012 : 조건검색 종목 수2
[INFO] 'chk_vobres_n_buy.py' 2026-06-02 11:52:27,028 : 하향추세 003670 포스코퓨처엠 < 5MA 10MA
[WARNING] 'chk_vobres_n_buy.py' 2026-06-02 11:52:27,028 :  Not found in last_ohlc.txt 005070 코스모신소재
[INFO] 'chk_vobres_n_buy.py' 2026-06-02 11:52:27,029 : 하향추세 005490 POSCO홀딩스 < 5MA 10MA
[INFO] 'chk_vobres_n_buy.py' 2026-06-02 11:52:27,029 : 하향추세 006400 삼성SDI < 5MA 10MA
[INFO] 'chk_vobres_n_buy.py' 2026-06-02 11:52:27,029 : 하향추세 012450 한화에어로스페이스 < 5MA 10MA
[INFO] 'chk_vobres_n_buy.py' 2026-06-02 11:52:27,030 : 하향추세 042700 한미반도체 < 5MA 10MA
[INFO] 'chk_vobres_n_buy.py' 2026-06-02 11:52:27,030 : 하향추세 047810 한국항공우주 < 5MA 10MA
[INFO] 'chk_vobres_n_buy.py' 2026-06-02 11:52:27,030 : 하향추세 064350 현대로템 < 5MA 10MA
[INFO] 'chk_vobres_n_buy.py' 2026-06-02 11:52:27,031 : 하향추세 079550 LIG디펜스앤에어로스 < 5MA 10MA
[INFO] 'chk_vobres_n_buy.py' 2026-06-02 11:52:27,031 : 하향추세 086520 에코프로 < 5MA 10MA
[INFO] 'chk_vobres_n_buy.py' 2026-06-02 11:52:27,031 : 하향추세 096770 SK이노베이션 < 5MA 10MA
[INFO] 'chk_vobres_n_buy.py' 2026-06-02 11:52:27,032 : 하향추세 247540 에코프로비엠 < 5MA 10MA
[INFO] 'chk_vobres_n_buy.py' 2026-06-02 11:52:27,032 : 하향추세 272210 한화시스템 < 5MA 10MA
[DEBUG] 'chk_vobres_n_buy.py' 2026-06-02 11:52:27,032 : 조건검색 종목 수18
[INFO] 'chk_vobres_n_buy.py' 2026-06-02 11:52:28,045 : 하향추세 010950 S-Oil < 5MA 10MA
[DEBUG] 'chk_vobres_n_buy.py' 2026-06-02 11:52:28,046 : 조건검색 종목 수2
[INFO] 'chk_vobres_n_buy.py' 2026-06-02 11:52:29,061 : 하향추세 003670 포스코퓨처엠 < 5MA 10MA
[WARNING] 'chk_vobres_n_buy.py' 2026-06-02 11:52:29,061 :  Not found in last_ohlc.txt 005070 코스모신소재
[INFO] 'chk_vobres_n_buy.py' 2026-06-02 11:52:29,062 : 하향추세 005490 POSCO홀딩스 < 5MA 10MA
[INFO] 'chk_vobres_n_buy.py' 2026-06-02 11:52:29,062 : 하향추세 006400 삼성SDI < 5MA 10MA
[INFO] 'chk_vobres_n_buy.py' 2026-06-02 11:52:29,062 : 하향추세 012450 한화에어로스페이스 < 5MA 10MA
[INFO] 'chk_vobres_n_buy.py' 2026-06-02 11:52:29,063 : 하향추세 042700 한미반도체 < 5MA 10MA
[INFO] 'chk_vobres_n_buy.py' 2026-06-02 11:52:29,063 : 하향추세 047810 한국항공우주 < 5MA 10MA
[INFO] 'chk_vobres_n_buy.py' 2026-06-02 11:52:29,064 : 하향추세 064350 현대로템 < 5MA 10MA
[INFO] 'chk_vobres_n_buy.py' 2026-06-02 11:52:29,064 : 하향추세 079550 LIG디펜스앤에어로스 < 5MA 10MA
[INFO] 'chk_vobres_n_buy.py' 2026-06-02 11:52:29,064 : 하향추세 086520 에코프로 < 5MA 10MA
[INFO] 'chk_vobres_n_buy.py' 2026-06-02 11:52:29,065 : 하향추세 096770 SK이노베이션 < 5MA 10MA
[INFO] 'chk_vobres_n_buy.py' 2026-06-02 11:52:29,065 : 하향추세 247540 에코프로비엠 < 5MA 10MA
[INFO] 'chk_vobres_n_buy.py' 2026-06-02 11:52:29,065 : 하향추세 272210 한화시스템 < 5MA 10MA
[DEBUG] 'chk_vobres_n_buy.py' 2026-06-02 11:52:29,066 : 조건검색 종목 수18
[DEBUG] 'chk_vobres_n_buy.py' 2026-06-02 11:52:30,077 : 조건검색 종목 수1
[INFO] 'chk_vobres_n_buy.py' 2026-06-02 11:52:31,095 : 하향추세 003670 포스코퓨처엠 < 5MA 10MA
[WARNING] 'chk_vobres_n_buy.py' 2026-06-02 11:52:31,096 :  Not found in last_ohlc.txt 005070 코스모신소재
[INFO] 'chk_vobres_n_buy.py' 2026-06-02 11:52:31,096 : 하향추세 005490 POSCO홀딩스 < 5MA 10MA
[INFO] 'chk_vobres_n_buy.py' 2026-06-02 11:52:31,097 : 하향추세 006400 삼성SDI < 5MA 10MA
[INFO] 'chk_vobres_n_buy.py' 2026-06-02 11:52:31,097 : 하향추세 012450 한화에어로스페이스 < 5MA 10MA
[INFO] 'chk_vobres_n_buy.py' 2026-06-02 11:52:31,097 : 하향추세 042700 한미반도체 < 5MA 10MA
[INFO] 'chk_vobres_n_buy.py' 2026-06-02 11:52:31,098 : 하향추세 047810 한국항공우주 < 5MA 10MA
[INFO] 'chk_vobres_n_buy.py' 2026-06-02 11:52:31,098 : 하향추세 064350 현대로템 < 5MA 10MA
[INFO] 'chk_vobres_n_buy.py' 2026-06-02 11:52:31,099 : 하향추세 079550 LIG디펜스앤에어로스 < 5MA 10MA
[INFO] 'chk_vobres_n_buy.py' 2026-06-02 11:52:31,099 : 하향추세 086520 에코프로 < 5MA 10MA
[INFO] 'chk_vobres_n_buy.py' 2026-06-02 11:52:31,099 : 하향추세 096770 SK이노베이션 < 5MA 10MA
[INFO] 'chk_vobres_n_buy.py' 2026-06-02 11:52:31,099 : 하향추세 247540 에코프로비엠 < 5MA 10MA
[INFO] 'chk_vobres_n_buy.py' 2026-06-02 11:52:31,100 : 하향추세 272210 한화시스템 < 5MA 10MA
[DEBUG] 'chk_vobres_n_buy.py' 2026-06-02 11:52:31,100 : 조건검색 종목 수18
[DEBUG] 'chk_vobres_n_buy.py' 2026-06-02 11:52:32,116 : 조건검색 종목 수1
[INFO] 'chk_vobres_n_buy.py' 2026-06-02 11:52:33,128 : 하향추세 003670 포스코퓨처엠 < 5MA 10MA
[WARNING] 'chk_vobres_n_buy.py' 2026-06-02 11:52:33,129 :  Not found in last_ohlc.txt 005070 코스모신소재
[INFO] 'chk_vobres_n_buy.py' 2026-06-02 11:52:33,129 : 하향추세 005490 POSCO홀딩스 < 5MA 10MA
[INFO] 'chk_vobres_n_buy.py' 2026-06-02 11:52:33,129 : 하향추세 006400 삼성SDI < 5MA 10MA
[INFO] 'chk_vobres_n_buy.py' 2026-06-02 11:52:33,129 : 하향추세 012450 한화에어로스페이스 < 5MA 10MA
[INFO] 'chk_vobres_n_buy.py' 2026-06-02 11:52:33,129 : 하향추세 042700 한미반도체 < 5MA 10MA
[INFO] 'chk_vobres_n_buy.py' 2026-06-02 11:52:33,129 : 하향추세 047810 한국항공우주 < 5MA 10MA
[INFO] 'chk_vobres_n_buy.py' 2026-06-02 11:52:33,129 : 하향추세 064350 현대로템 < 5MA 10MA
[INFO] 'chk_vobres_n_buy.py' 2026-06-02 11:52:33,130 : 하향추세 079550 LIG디펜스앤에어로스 < 5MA 10MA
[INFO] 'chk_vobres_n_buy.py' 2026-06-02 11:52:33,130 : 하향추세 086520 에코프로 < 5MA 10MA
[INFO] 'chk_vobres_n_buy.py' 2026-06-02 11:52:33,130 : 하향추세 096770 SK이노베이션 < 5MA 10MA
[INFO] 'chk_vobres_n_buy.py' 2026-06-02 11:52:33,130 : 하향추세 247540 에코프로비엠 < 5MA 10MA
[INFO] 'chk_vobres_n_buy.py' 2026-06-02 11:52:33,130 : 하향추세 272210 한화시스템 < 5MA 10MA
[DEBUG] 'chk_vobres_n_buy.py' 2026-06-02 11:52:33,130 : 조건검색 종목 수18
[DEBUG] 'chk_vobres_n_buy.py' 2026-06-02 11:52:34,146 : 조건검색 종목 수1
[INFO] 'chk_vobres_n_buy.py' 2026-06-02 11:52:35,151 : 하향추세 003670 포스코퓨처엠 < 5MA 10MA
[WARNING] 'chk_vobres_n_buy.py' 2026-06-02 11:52:35,152 :  Not found in last_ohlc.txt 005070 코스모신소재
[INFO] 'chk_vobres_n_buy.py' 2026-06-02 11:52:35,152 : 하향추세 005490 POSCO홀딩스 < 5MA 10MA
[INFO] 'chk_vobres_n_buy.py' 2026-06-02 11:52:35,153 : 하향추세 006400 삼성SDI < 5MA 10MA
[INFO] 'chk_vobres_n_buy.py' 2026-06-02 11:52:35,153 : 하향추세 012450 한화에어로스페이스 < 5MA 10MA
[INFO] 'chk_vobres_n_buy.py' 2026-06-02 11:52:35,153 : 하향추세 042700 한미반도체 < 5MA 10MA
[INFO] 'chk_vobres_n_buy.py' 2026-06-02 11:52:35,154 : 하향추세 047810 한국항공우주 < 5MA 10MA
[INFO] 'chk_vobres_n_buy.py' 2026-06-02 11:52:35,154 : 하향추세 064350 현대로템 < 5MA 10MA
[INFO] 'chk_vobres_n_buy.py' 2026-06-02 11:52:35,154 : 하향추세 079550 LIG디펜스앤에어로스 < 5MA 10MA
[INFO] 'chk_vobres_n_buy.py' 2026-06-02 11:52:35,155 : 하향추세 086520 에코프로 < 5MA 10MA
[INFO] 'chk_vobres_n_buy.py' 2026-06-02 11:52:35,155 : 하향추세 096770 SK이노베이션 < 5MA 10MA
[INFO] 'chk_vobres_n_buy.py' 2026-06-02 11:52:35,155 : 하향추세 247540 에코프로비엠 < 5MA 10MA
[INFO] 'chk_vobres_n_buy.py' 2026-06-02 11:52:35,155 : 하향추세 272210 한화시스템 < 5MA 10MA
[DEBUG] 'chk_vobres_n_buy.py' 2026-06-02 11:52:35,156 : 조건검색 종목 수18
[DEBUG] 'chk_vobres_n_buy.py' 2026-06-02 11:52:36,169 : 조건검색 종목 수1
[INFO] 'chk_vobres_n_buy.py' 2026-06-02 11:52:37,174 : 하향추세 003670 포스코퓨처엠 < 5MA 10MA
[WARNING] 'chk_vobres_n_buy.py' 2026-06-02 11:52:37,175 :  Not found in last_ohlc.txt 005070 코스모신소재
[INFO] 'chk_vobres_n_buy.py' 2026-06-02 11:52:37,175 : 하향추세 005490 POSCO홀딩스 < 5MA 10MA
[INFO] 'chk_vobres_n_buy.py' 2026-06-02 11:52:37,175 : 하향추세 006400 삼성SDI < 5MA 10MA
[INFO] 'chk_vobres_n_buy.py' 2026-06-02 11:52:37,176 : 하향추세 012450 한화에어로스페이스 < 5MA 10MA
[INFO] 'chk_vobres_n_buy.py' 2026-06-02 11:52:37,176 : 하향추세 042700 한미반도체 < 5MA 10MA
[INFO] 'chk_vobres_n_buy.py' 2026-06-02 11:52:37,176 : 하향추세 047810 한국항공우주 < 5MA 10MA
[INFO] 'chk_vobres_n_buy.py' 2026-06-02 11:52:37,177 : 하향추세 064350 현대로템 < 5MA 10MA
[INFO] 'chk_vobres_n_buy.py' 2026-06-02 11:52:37,177 : 하향추세 079550 LIG디펜스앤에어로스 < 5MA 10MA
[INFO] 'chk_vobres_n_buy.py' 2026-06-02 11:52:37,177 : 하향추세 086520 에코프로 < 5MA 10MA
[INFO] 'chk_vobres_n_buy.py' 2026-06-02 11:52:37,178 : 하향추세 096770 SK이노베이션 < 5MA 10MA
[INFO] 'chk_vobres_n_buy.py' 2026-06-02 11:52:37,178 : 하향추세 247540 에코프로비엠 < 5MA 10MA
[INFO] 'chk_vobres_n_buy.py' 2026-06-02 11:52:37,178 : 하향추세 272210 한화시스템 < 5MA 10MA
[DEBUG] 'chk_vobres_n_buy.py' 2026-06-02 11:52:37,179 : 조건검색 종목 수18
[DEBUG] 'chk_vobres_n_buy.py' 2026-06-02 11:52:38,194 : 조건검색 종목 수1
[INFO] 'chk_vobres_n_buy.py' 2026-06-02 11:52:39,197 : 하향추세 003670 포스코퓨처엠 < 5MA 10MA
[WARNING] 'chk_vobres_n_buy.py' 2026-06-02 11:52:39,198 :  Not found in last_ohlc.txt 005070 코스모신소재
[INFO] 'chk_vobres_n_buy.py' 2026-06-02 11:52:39,199 : 하향추세 005490 POSCO홀딩스 < 5MA 10MA
[INFO] 'chk_vobres_n_buy.py' 2026-06-02 11:52:39,199 : 하향추세 006400 삼성SDI < 5MA 10MA
[INFO] 'chk_vobres_n_buy.py' 2026-06-02 11:52:39,199 : 하향추세 012450 한화에어로스페이스 < 5MA 10MA
[INFO] 'chk_vobres_n_buy.py' 2026-06-02 11:52:39,200 : 하향추세 042700 한미반도체 < 5MA 10MA
[INFO] 'chk_vobres_n_buy.py' 2026-06-02 11:52:39,200 : 하향추세 047810 한국항공우주 < 5MA 10MA
[INFO] 'chk_vobres_n_buy.py' 2026-06-02 11:52:39,201 : 하향추세 064350 현대로템 < 5MA 10MA
[INFO] 'chk_vobres_n_buy.py' 2026-06-02 11:52:39,201 : 하향추세 079550 LIG디펜스앤에어로스 < 5MA 10MA
[INFO] 'chk_vobres_n_buy.py' 2026-06-02 11:52:39,201 : 하향추세 086520 에코프로 < 5MA 10MA
[INFO] 'chk_vobres_n_buy.py' 2026-06-02 11:52:39,202 : 하향추세 096770 SK이노베이션 < 5MA 10MA
[INFO] 'chk_vobres_n_buy.py' 2026-06-02 11:52:39,202 : 하향추세 247540 에코프로비엠 < 5MA 10MA
[INFO] 'chk_vobres_n_buy.py' 2026-06-02 11:52:39,202 : 하향추세 272210 한화시스템 < 5MA 10MA
[DEBUG] 'chk_vobres_n_buy.py' 2026-06-02 11:52:39,203 : 조건검색 종목 수18
[INFO] 'chk_vobres_n_buy.py' 2026-06-02 11:52:40,213 : 하향추세 010950 S-Oil < 5MA 10MA
[DEBUG] 'chk_vobres_n_buy.py' 2026-06-02 11:52:40,214 : 조건검색 종목 수2
[INFO] 'chk_vobres_n_buy.py' 2026-06-02 11:52:41,218 : 하향추세 003670 포스코퓨처엠 < 5MA 10MA
[WARNING] 'chk_vobres_n_buy.py' 2026-06-02 11:52:41,218 :  Not found in last_ohlc.txt 005070 코스모신소재
[INFO] 'chk_vobres_n_buy.py' 2026-06-02 11:52:41,218 : 하향추세 005490 POSCO홀딩스 < 5MA 10MA
[INFO] 'chk_vobres_n_buy.py' 2026-06-02 11:52:41,219 : 하향추세 006400 삼성SDI < 5MA 10MA
[INFO] 'chk_vobres_n_buy.py' 2026-06-02 11:52:41,219 : 하향추세 012450 한화에어로스페이스 < 5MA 10MA
[INFO] 'chk_vobres_n_buy.py' 2026-06-02 11:52:41,220 : 하향추세 042700 한미반도체 < 5MA 10MA
[INFO] 'chk_vobres_n_buy.py' 2026-06-02 11:52:41,220 : 하향추세 047810 한국항공우주 < 5MA 10MA
[INFO] 'chk_vobres_n_buy.py' 2026-06-02 11:52:41,220 : 하향추세 064350 현대로템 < 5MA 10MA
[INFO] 'chk_vobres_n_buy.py' 2026-06-02 11:52:41,221 : 하향추세 079550 LIG디펜스앤에어로스 < 5MA 10MA
[INFO] 'chk_vobres_n_buy.py' 2026-06-02 11:52:41,221 : 하향추세 086520 에코프로 < 5MA 10MA
[INFO] 'chk_vobres_n_buy.py' 2026-06-02 11:52:41,221 : 하향추세 096770 SK이노베이션 < 5MA 10MA
[INFO] 'chk_vobres_n_buy.py' 2026-06-02 11:52:41,222 : 하향추세 247540 에코프로비엠 < 5MA 10MA
[INFO] 'chk_vobres_n_buy.py' 2026-06-02 11:52:41,222 : 하향추세 272210 한화시스템 < 5MA 10MA
[DEBUG] 'chk_vobres_n_buy.py' 2026-06-02 11:52:41,222 : 조건검색 종목 수18
[INFO] 'chk_vobres_n_buy.py' 2026-06-02 11:52:42,234 : 하향추세 010950 S-Oil < 5MA 10MA
[DEBUG] 'chk_vobres_n_buy.py' 2026-06-02 11:52:42,235 : 조건검색 종목 수2
[INFO] 'chk_vobres_n_buy.py' 2026-06-02 11:52:43,261 : 하향추세 003670 포스코퓨처엠 < 5MA 10MA
[WARNING] 'chk_vobres_n_buy.py' 2026-06-02 11:52:43,262 :  Not found in last_ohlc.txt 005070 코스모신소재
[INFO] 'chk_vobres_n_buy.py' 2026-06-02 11:52:43,262 : 하향추세 005490 POSCO홀딩스 < 5MA 10MA
[INFO] 'chk_vobres_n_buy.py' 2026-06-02 11:52:43,262 : 하향추세 006400 삼성SDI < 5MA 10MA
[INFO] 'chk_vobres_n_buy.py' 2026-06-02 11:52:43,262 : 하향추세 012450 한화에어로스페이스 < 5MA 10MA
[INFO] 'chk_vobres_n_buy.py' 2026-06-02 11:52:43,262 : 하향추세 042700 한미반도체 < 5MA 10MA
[INFO] 'chk_vobres_n_buy.py' 2026-06-02 11:52:43,262 : 하향추세 047810 한국항공우주 < 5MA 10MA
[INFO] 'chk_vobres_n_buy.py' 2026-06-02 11:52:43,262 : 하향추세 064350 현대로템 < 5MA 10MA
[INFO] 'chk_vobres_n_buy.py' 2026-06-02 11:52:43,262 : 하향추세 079550 LIG디펜스앤에어로스 < 5MA 10MA
[INFO] 'chk_vobres_n_buy.py' 2026-06-02 11:52:43,262 : 하향추세 086520 에코프로 < 5MA 10MA
[INFO] 'chk_vobres_n_buy.py' 2026-06-02 11:52:43,262 : 하향추세 096770 SK이노베이션 < 5MA 10MA
[INFO] 'chk_vobres_n_buy.py' 2026-06-02 11:52:43,263 : 하향추세 247540 에코프로비엠 < 5MA 10MA
[INFO] 'chk_vobres_n_buy.py' 2026-06-02 11:52:43,263 : 하향추세 272210 한화시스템 < 5MA 10MA
[DEBUG] 'chk_vobres_n_buy.py' 2026-06-02 11:52:43,263 : 조건검색 종목 수18
[INFO] 'chk_vobres_n_buy.py' 2026-06-02 11:52:44,268 : 하향추세 010950 S-Oil < 5MA 10MA
[DEBUG] 'chk_vobres_n_buy.py' 2026-06-02 11:52:44,268 : 조건검색 종목 수2
[INFO] 'chk_vobres_n_buy.py' 2026-06-02 11:52:45,285 : 하향추세 003670 포스코퓨처엠 < 5MA 10MA
[WARNING] 'chk_vobres_n_buy.py' 2026-06-02 11:52:45,285 :  Not found in last_ohlc.txt 005070 코스모신소재
[INFO] 'chk_vobres_n_buy.py' 2026-06-02 11:52:45,286 : 하향추세 005490 POSCO홀딩스 < 5MA 10MA
[INFO] 'chk_vobres_n_buy.py' 2026-06-02 11:52:45,286 : 하향추세 006400 삼성SDI < 5MA 10MA
[INFO] 'chk_vobres_n_buy.py' 2026-06-02 11:52:45,287 : 하향추세 012450 한화에어로스페이스 < 5MA 10MA
[INFO] 'chk_vobres_n_buy.py' 2026-06-02 11:52:45,287 : 하향추세 042700 한미반도체 < 5MA 10MA
[INFO] 'chk_vobres_n_buy.py' 2026-06-02 11:52:45,287 : 하향추세 047810 한국항공우주 < 5MA 10MA
[INFO] 'chk_vobres_n_buy.py' 2026-06-02 11:52:45,288 : 하향추세 064350 현대로템 < 5MA 10MA
[INFO] 'chk_vobres_n_buy.py' 2026-06-02 11:52:45,288 : 하향추세 079550 LIG디펜스앤에어로스 < 5MA 10MA
[INFO] 'chk_vobres_n_buy.py' 2026-06-02 11:52:45,288 : 하향추세 086520 에코프로 < 5MA 10MA
[INFO] 'chk_vobres_n_buy.py' 2026-06-02 11:52:45,289 : 하향추세 096770 SK이노베이션 < 5MA 10MA
[INFO] 'chk_vobres_n_buy.py' 2026-06-02 11:52:45,289 : 하향추세 247540 에코프로비엠 < 5MA 10MA
[INFO] 'chk_vobres_n_buy.py' 2026-06-02 11:52:45,289 : 하향추세 272210 한화시스템 < 5MA 10MA
[DEBUG] 'chk_vobres_n_buy.py' 2026-06-02 11:52:45,289 : 조건검색 종목 수18
[INFO] 'chk_vobres_n_buy.py' 2026-06-02 11:52:46,302 : 하향추세 010950 S-Oil < 5MA 10MA
[DEBUG] 'chk_vobres_n_buy.py' 2026-06-02 11:52:46,303 : 조건검색 종목 수2
[INFO] 'chk_vobres_n_buy.py' 2026-06-02 11:52:47,318 : 하향추세 003670 포스코퓨처엠 < 5MA 10MA
[WARNING] 'chk_vobres_n_buy.py' 2026-06-02 11:52:47,318 :  Not found in last_ohlc.txt 005070 코스모신소재
[INFO] 'chk_vobres_n_buy.py' 2026-06-02 11:52:47,319 : 하향추세 005490 POSCO홀딩스 < 5MA 10MA
[INFO] 'chk_vobres_n_buy.py' 2026-06-02 11:52:47,319 : 하향추세 006400 삼성SDI < 5MA 10MA
[INFO] 'chk_vobres_n_buy.py' 2026-06-02 11:52:47,320 : 하향추세 012450 한화에어로스페이스 < 5MA 10MA
[INFO] 'chk_vobres_n_buy.py' 2026-06-02 11:52:47,320 : 하향추세 042700 한미반도체 < 5MA 10MA
[INFO] 'chk_vobres_n_buy.py' 2026-06-02 11:52:47,320 : 하향추세 047810 한국항공우주 < 5MA 10MA
[INFO] 'chk_vobres_n_buy.py' 2026-06-02 11:52:47,321 : 하향추세 064350 현대로템 < 5MA 10MA
[INFO] 'chk_vobres_n_buy.py' 2026-06-02 11:52:47,321 : 하향추세 079550 LIG디펜스앤에어로스 < 5MA 10MA
[INFO] 'chk_vobres_n_buy.py' 2026-06-02 11:52:47,321 : 하향추세 086520 에코프로 < 5MA 10MA
[INFO] 'chk_vobres_n_buy.py' 2026-06-02 11:52:47,322 : 하향추세 096770 SK이노베이션 < 5MA 10MA
[INFO] 'chk_vobres_n_buy.py' 2026-06-02 11:52:47,322 : 하향추세 247540 에코프로비엠 < 5MA 10MA
[INFO] 'chk_vobres_n_buy.py' 2026-06-02 11:52:47,322 : 하향추세 272210 한화시스템 < 5MA 10MA
[DEBUG] 'chk_vobres_n_buy.py' 2026-06-02 11:52:47,323 : 조건검색 종목 수18
[INFO] 'chk_vobres_n_buy.py' 2026-06-02 11:52:48,330 : 하향추세 010950 S-Oil < 5MA 10MA
[DEBUG] 'chk_vobres_n_buy.py' 2026-06-02 11:52:48,331 : 조건검색 종목 수2
[INFO] 'chk_vobres_n_buy.py' 2026-06-02 11:52:49,347 : 하향추세 003670 포스코퓨처엠 < 5MA 10MA
[WARNING] 'chk_vobres_n_buy.py' 2026-06-02 11:52:49,348 :  Not found in last_ohlc.txt 005070 코스모신소재
[INFO] 'chk_vobres_n_buy.py' 2026-06-02 11:52:49,348 : 하향추세 005490 POSCO홀딩스 < 5MA 10MA
[INFO] 'chk_vobres_n_buy.py' 2026-06-02 11:52:49,349 : 하향추세 006400 삼성SDI < 5MA 10MA
[INFO] 'chk_vobres_n_buy.py' 2026-06-02 11:52:49,349 : 하향추세 012450 한화에어로스페이스 < 5MA 10MA
[INFO] 'chk_vobres_n_buy.py' 2026-06-02 11:52:49,349 : 하향추세 042700 한미반도체 < 5MA 10MA
[INFO] 'chk_vobres_n_buy.py' 2026-06-02 11:52:49,350 : 하향추세 047810 한국항공우주 < 5MA 10MA
[INFO] 'chk_vobres_n_buy.py' 2026-06-02 11:52:49,350 : 하향추세 064350 현대로템 < 5MA 10MA
[INFO] 'chk_vobres_n_buy.py' 2026-06-02 11:52:49,350 : 하향추세 079550 LIG디펜스앤에어로스 < 5MA 10MA
[INFO] 'chk_vobres_n_buy.py' 2026-06-02 11:52:49,351 : 하향추세 086520 에코프로 < 5MA 10MA
[INFO] 'chk_vobres_n_buy.py' 2026-06-02 11:52:49,351 : 하향추세 096770 SK이노베이션 < 5MA 10MA
[INFO] 'chk_vobres_n_buy.py' 2026-06-02 11:52:49,351 : 하향추세 247540 에코프로비엠 < 5MA 10MA
[INFO] 'chk_vobres_n_buy.py' 2026-06-02 11:52:49,352 : 하향추세 272210 한화시스템 < 5MA 10MA
[DEBUG] 'chk_vobres_n_buy.py' 2026-06-02 11:52:49,352 : 조건검색 종목 수18
[INFO] 'chk_vobres_n_buy.py' 2026-06-02 11:52:50,369 : 하향추세 010950 S-Oil < 5MA 10MA
[DEBUG] 'chk_vobres_n_buy.py' 2026-06-02 11:52:50,370 : 조건검색 종목 수2
[INFO] 'chk_vobres_n_buy.py' 2026-06-02 11:52:51,375 : 하향추세 003670 포스코퓨처엠 < 5MA 10MA
[WARNING] 'chk_vobres_n_buy.py' 2026-06-02 11:52:51,376 :  Not found in last_ohlc.txt 005070 코스모신소재
[INFO] 'chk_vobres_n_buy.py' 2026-06-02 11:52:51,376 : 하향추세 005490 POSCO홀딩스 < 5MA 10MA
[INFO] 'chk_vobres_n_buy.py' 2026-06-02 11:52:51,377 : 하향추세 006400 삼성SDI < 5MA 10MA
[INFO] 'chk_vobres_n_buy.py' 2026-06-02 11:52:51,377 : 하향추세 012450 한화에어로스페이스 < 5MA 10MA
[INFO] 'chk_vobres_n_buy.py' 2026-06-02 11:52:51,377 : 하향추세 042700 한미반도체 < 5MA 10MA
[INFO] 'chk_vobres_n_buy.py' 2026-06-02 11:52:51,378 : 하향추세 047810 한국항공우주 < 5MA 10MA
[INFO] 'chk_vobres_n_buy.py' 2026-06-02 11:52:51,378 : 하향추세 064350 현대로템 < 5MA 10MA
[INFO] 'chk_vobres_n_buy.py' 2026-06-02 11:52:51,379 : 하향추세 079550 LIG디펜스앤에어로스 < 5MA 10MA
[INFO] 'chk_vobres_n_buy.py' 2026-06-02 11:52:51,379 : 하향추세 086520 에코프로 < 5MA 10MA
[INFO] 'chk_vobres_n_buy.py' 2026-06-02 11:52:51,379 : 하향추세 096770 SK이노베이션 < 5MA 10MA
[INFO] 'chk_vobres_n_buy.py' 2026-06-02 11:52:51,380 : 하향추세 247540 에코프로비엠 < 5MA 10MA
[INFO] 'chk_vobres_n_buy.py' 2026-06-02 11:52:51,380 : 하향추세 272210 한화시스템 < 5MA 10MA
[DEBUG] 'chk_vobres_n_buy.py' 2026-06-02 11:52:51,380 : 조건검색 종목 수18
[INFO] 'chk_vobres_n_buy.py' 2026-06-02 11:52:52,385 : 하향추세 010950 S-Oil < 5MA 10MA
[DEBUG] 'chk_vobres_n_buy.py' 2026-06-02 11:52:52,385 : 조건검색 종목 수2
[INFO] 'chk_vobres_n_buy.py' 2026-06-02 11:52:53,402 : 하향추세 003670 포스코퓨처엠 < 5MA 10MA
[WARNING] 'chk_vobres_n_buy.py' 2026-06-02 11:52:53,402 :  Not found in last_ohlc.txt 005070 코스모신소재
[INFO] 'chk_vobres_n_buy.py' 2026-06-02 11:52:53,403 : 하향추세 005490 POSCO홀딩스 < 5MA 10MA
[INFO] 'chk_vobres_n_buy.py' 2026-06-02 11:52:53,403 : 하향추세 006400 삼성SDI < 5MA 10MA
[INFO] 'chk_vobres_n_buy.py' 2026-06-02 11:52:53,403 : 하향추세 012450 한화에어로스페이스 < 5MA 10MA
[INFO] 'chk_vobres_n_buy.py' 2026-06-02 11:52:53,404 : 하향추세 042700 한미반도체 < 5MA 10MA
[INFO] 'chk_vobres_n_buy.py' 2026-06-02 11:52:53,404 : 하향추세 047810 한국항공우주 < 5MA 10MA
[INFO] 'chk_vobres_n_buy.py' 2026-06-02 11:52:53,404 : 하향추세 064350 현대로템 < 5MA 10MA
[INFO] 'chk_vobres_n_buy.py' 2026-06-02 11:52:53,405 : 하향추세 079550 LIG디펜스앤에어로스 < 5MA 10MA
[INFO] 'chk_vobres_n_buy.py' 2026-06-02 11:52:53,405 : 하향추세 086520 에코프로 < 5MA 10MA
[INFO] 'chk_vobres_n_buy.py' 2026-06-02 11:52:53,405 : 하향추세 096770 SK이노베이션 < 5MA 10MA
[INFO] 'chk_vobres_n_buy.py' 2026-06-02 11:52:53,406 : 하향추세 247540 에코프로비엠 < 5MA 10MA
[INFO] 'chk_vobres_n_buy.py' 2026-06-02 11:52:53,406 : 하향추세 272210 한화시스템 < 5MA 10MA
[DEBUG] 'chk_vobres_n_buy.py' 2026-06-02 11:52:53,406 : 조건검색 종목 수18
[INFO] 'chk_vobres_n_buy.py' 2026-06-02 11:52:54,411 : 하향추세 010950 S-Oil < 5MA 10MA
[DEBUG] 'chk_vobres_n_buy.py' 2026-06-02 11:52:54,412 : 조건검색 종목 수2
[INFO] 'chk_vobres_n_buy.py' 2026-06-02 11:52:55,423 : 하향추세 003670 포스코퓨처엠 < 5MA 10MA
[WARNING] 'chk_vobres_n_buy.py' 2026-06-02 11:52:55,424 :  Not found in last_ohlc.txt 005070 코스모신소재
[INFO] 'chk_vobres_n_buy.py' 2026-06-02 11:52:55,425 : 하향추세 005490 POSCO홀딩스 < 5MA 10MA
[INFO] 'chk_vobres_n_buy.py' 2026-06-02 11:52:55,425 : 하향추세 006400 삼성SDI < 5MA 10MA
[INFO] 'chk_vobres_n_buy.py' 2026-06-02 11:52:55,425 : 하향추세 012450 한화에어로스페이스 < 5MA 10MA
[INFO] 'chk_vobres_n_buy.py' 2026-06-02 11:52:55,426 : 하향추세 042700 한미반도체 < 5MA 10MA
[INFO] 'chk_vobres_n_buy.py' 2026-06-02 11:52:55,426 : 하향추세 047810 한국항공우주 < 5MA 10MA
[INFO] 'chk_vobres_n_buy.py' 2026-06-02 11:52:55,426 : 하향추세 064350 현대로템 < 5MA 10MA
[INFO] 'chk_vobres_n_buy.py' 2026-06-02 11:52:55,427 : 하향추세 079550 LIG디펜스앤에어로스 < 5MA 10MA
[INFO] 'chk_vobres_n_buy.py' 2026-06-02 11:52:55,427 : 하향추세 086520 에코프로 < 5MA 10MA
[INFO] 'chk_vobres_n_buy.py' 2026-06-02 11:52:55,427 : 하향추세 096770 SK이노베이션 < 5MA 10MA
[INFO] 'chk_vobres_n_buy.py' 2026-06-02 11:52:55,428 : 하향추세 247540 에코프로비엠 < 5MA 10MA
[INFO] 'chk_vobres_n_buy.py' 2026-06-02 11:52:55,428 : 하향추세 272210 한화시스템 < 5MA 10MA
[DEBUG] 'chk_vobres_n_buy.py' 2026-06-02 11:52:55,428 : 조건검색 종목 수18
[INFO] 'chk_vobres_n_buy.py' 2026-06-02 11:52:56,437 : 하향추세 010950 S-Oil < 5MA 10MA
[DEBUG] 'chk_vobres_n_buy.py' 2026-06-02 11:52:56,438 : 조건검색 종목 수2
[INFO] 'chk_vobres_n_buy.py' 2026-06-02 11:52:57,443 : 하향추세 003670 포스코퓨처엠 < 5MA 10MA
[WARNING] 'chk_vobres_n_buy.py' 2026-06-02 11:52:57,444 :  Not found in last_ohlc.txt 005070 코스모신소재
[INFO] 'chk_vobres_n_buy.py' 2026-06-02 11:52:57,444 : 하향추세 005490 POSCO홀딩스 < 5MA 10MA
[INFO] 'chk_vobres_n_buy.py' 2026-06-02 11:52:57,444 : 하향추세 006400 삼성SDI < 5MA 10MA
[INFO] 'chk_vobres_n_buy.py' 2026-06-02 11:52:57,445 : 하향추세 012450 한화에어로스페이스 < 5MA 10MA
[INFO] 'chk_vobres_n_buy.py' 2026-06-02 11:52:57,445 : 하향추세 042700 한미반도체 < 5MA 10MA
[INFO] 'chk_vobres_n_buy.py' 2026-06-02 11:52:57,446 : 하향추세 047810 한국항공우주 < 5MA 10MA
[INFO] 'chk_vobres_n_buy.py' 2026-06-02 11:52:57,446 : 하향추세 064350 현대로템 < 5MA 10MA
[INFO] 'chk_vobres_n_buy.py' 2026-06-02 11:52:57,446 : 하향추세 079550 LIG디펜스앤에어로스 < 5MA 10MA
[INFO] 'chk_vobres_n_buy.py' 2026-06-02 11:52:57,447 : 하향추세 086520 에코프로 < 5MA 10MA
[INFO] 'chk_vobres_n_buy.py' 2026-06-02 11:52:57,447 : 하향추세 096770 SK이노베이션 < 5MA 10MA
[INFO] 'chk_vobres_n_buy.py' 2026-06-02 11:52:57,447 : 하향추세 247540 에코프로비엠 < 5MA 10MA
[INFO] 'chk_vobres_n_buy.py' 2026-06-02 11:52:57,447 : 하향추세 272210 한화시스템 < 5MA 10MA
[DEBUG] 'chk_vobres_n_buy.py' 2026-06-02 11:52:57,448 : 조건검색 종목 수18
[DEBUG] 'chk_vobres_n_buy.py' 2026-06-02 11:52:58,466 : 조건검색 종목 수1
[INFO] 'chk_vobres_n_buy.py' 2026-06-02 11:52:59,470 : 하향추세 003670 포스코퓨처엠 < 5MA 10MA
[WARNING] 'chk_vobres_n_buy.py' 2026-06-02 11:52:59,471 :  Not found in last_ohlc.txt 005070 코스모신소재
[INFO] 'chk_vobres_n_buy.py' 2026-06-02 11:52:59,471 : 하향추세 005490 POSCO홀딩스 < 5MA 10MA
[INFO] 'chk_vobres_n_buy.py' 2026-06-02 11:52:59,471 : 하향추세 006400 삼성SDI < 5MA 10MA
[INFO] 'chk_vobres_n_buy.py' 2026-06-02 11:52:59,472 : 하향추세 012450 한화에어로스페이스 < 5MA 10MA
[INFO] 'chk_vobres_n_buy.py' 2026-06-02 11:52:59,472 : 하향추세 042700 한미반도체 < 5MA 10MA
[INFO] 'chk_vobres_n_buy.py' 2026-06-02 11:52:59,472 : 하향추세 047810 한국항공우주 < 5MA 10MA
[INFO] 'chk_vobres_n_buy.py' 2026-06-02 11:52:59,473 : 하향추세 064350 현대로템 < 5MA 10MA
[INFO] 'chk_vobres_n_buy.py' 2026-06-02 11:52:59,473 : 하향추세 079550 LIG디펜스앤에어로스 < 5MA 10MA
[INFO] 'chk_vobres_n_buy.py' 2026-06-02 11:52:59,474 : 하향추세 086520 에코프로 < 5MA 10MA
[INFO] 'chk_vobres_n_buy.py' 2026-06-02 11:52:59,474 : 하향추세 096770 SK이노베이션 < 5MA 10MA
[INFO] 'chk_vobres_n_buy.py' 2026-06-02 11:52:59,474 : 하향추세 247540 에코프로비엠 < 5MA 10MA
[INFO] 'chk_vobres_n_buy.py' 2026-06-02 11:52:59,475 : 하향추세 272210 한화시스템 < 5MA 10MA
[DEBUG] 'chk_vobres_n_buy.py' 2026-06-02 11:52:59,475 : 조건검색 종목 수18
[DEBUG] 'chk_vobres_n_buy.py' 2026-06-02 11:53:00,477 : 조건검색 종목 수1
[INFO] 'chk_vobres_n_buy.py' 2026-06-02 11:53:01,482 : 하향추세 003670 포스코퓨처엠 < 5MA 10MA
[WARNING] 'chk_vobres_n_buy.py' 2026-06-02 11:53:01,483 :  Not found in last_ohlc.txt 005070 코스모신소재
[INFO] 'chk_vobres_n_buy.py' 2026-06-02 11:53:01,484 : 하향추세 005490 POSCO홀딩스 < 5MA 10MA
[INFO] 'chk_vobres_n_buy.py' 2026-06-02 11:53:01,484 : 하향추세 006400 삼성SDI < 5MA 10MA
[INFO] 'chk_vobres_n_buy.py' 2026-06-02 11:53:01,484 : 하향추세 012450 한화에어로스페이스 < 5MA 10MA
[INFO] 'chk_vobres_n_buy.py' 2026-06-02 11:53:01,485 : 하향추세 042700 한미반도체 < 5MA 10MA
[INFO] 'chk_vobres_n_buy.py' 2026-06-02 11:53:01,485 : 하향추세 047810 한국항공우주 < 5MA 10MA
[INFO] 'chk_vobres_n_buy.py' 2026-06-02 11:53:01,485 : 하향추세 064350 현대로템 < 5MA 10MA
[INFO] 'chk_vobres_n_buy.py' 2026-06-02 11:53:01,486 : 하향추세 079550 LIG디펜스앤에어로스 < 5MA 10MA
[INFO] 'chk_vobres_n_buy.py' 2026-06-02 11:53:01,486 : 하향추세 086520 에코프로 < 5MA 10MA
[INFO] 'chk_vobres_n_buy.py' 2026-06-02 11:53:01,486 : 하향추세 096770 SK이노베이션 < 5MA 10MA
[INFO] 'chk_vobres_n_buy.py' 2026-06-02 11:53:01,487 : 하향추세 247540 에코프로비엠 < 5MA 10MA
[INFO] 'chk_vobres_n_buy.py' 2026-06-02 11:53:01,487 : 하향추세 272210 한화시스템 < 5MA 10MA
[DEBUG] 'chk_vobres_n_buy.py' 2026-06-02 11:53:01,487 : 조건검색 종목 수18
[INFO] 'chk_vobres_n_buy.py' 2026-06-02 11:53:02,501 : 하향추세 010950 S-Oil < 5MA 10MA
[DEBUG] 'chk_vobres_n_buy.py' 2026-06-02 11:53:02,501 : 조건검색 종목 수2
[INFO] 'chk_vobres_n_buy.py' 2026-06-02 11:53:03,520 : 하향추세 003670 포스코퓨처엠 < 5MA 10MA
[WARNING] 'chk_vobres_n_buy.py' 2026-06-02 11:53:03,521 :  Not found in last_ohlc.txt 005070 코스모신소재
[INFO] 'chk_vobres_n_buy.py' 2026-06-02 11:53:03,521 : 하향추세 005490 POSCO홀딩스 < 5MA 10MA
[INFO] 'chk_vobres_n_buy.py' 2026-06-02 11:53:03,522 : 하향추세 006400 삼성SDI < 5MA 10MA
[INFO] 'chk_vobres_n_buy.py' 2026-06-02 11:53:03,522 : 하향추세 012450 한화에어로스페이스 < 5MA 10MA
[INFO] 'chk_vobres_n_buy.py' 2026-06-02 11:53:03,522 : 하향추세 042700 한미반도체 < 5MA 10MA
[INFO] 'chk_vobres_n_buy.py' 2026-06-02 11:53:03,523 : 하향추세 047810 한국항공우주 < 5MA 10MA
[INFO] 'chk_vobres_n_buy.py' 2026-06-02 11:53:03,523 : 하향추세 064350 현대로템 < 5MA 10MA
[INFO] 'chk_vobres_n_buy.py' 2026-06-02 11:53:03,523 : 하향추세 079550 LIG디펜스앤에어로스 < 5MA 10MA
[INFO] 'chk_vobres_n_buy.py' 2026-06-02 11:53:03,524 : 하향추세 086520 에코프로 < 5MA 10MA
[INFO] 'chk_vobres_n_buy.py' 2026-06-02 11:53:03,524 : 하향추세 096770 SK이노베이션 < 5MA 10MA
[INFO] 'chk_vobres_n_buy.py' 2026-06-02 11:53:03,524 : 하향추세 247540 에코프로비엠 < 5MA 10MA
[INFO] 'chk_vobres_n_buy.py' 2026-06-02 11:53:03,525 : 하향추세 272210 한화시스템 < 5MA 10MA
[DEBUG] 'chk_vobres_n_buy.py' 2026-06-02 11:53:03,525 : 조건검색 종목 수18
[INFO] 'chk_vobres_n_buy.py' 2026-06-02 11:53:04,541 : 하향추세 010950 S-Oil < 5MA 10MA
[DEBUG] 'chk_vobres_n_buy.py' 2026-06-02 11:53:04,541 : 조건검색 종목 수1
[INFO] 'chk_vobres_n_buy.py' 2026-06-02 11:53:05,557 : 하향추세 003670 포스코퓨처엠 < 5MA 10MA
[WARNING] 'chk_vobres_n_buy.py' 2026-06-02 11:53:05,558 :  Not found in last_ohlc.txt 005070 코스모신소재
[INFO] 'chk_vobres_n_buy.py' 2026-06-02 11:53:05,558 : 하향추세 005490 POSCO홀딩스 < 5MA 10MA
[INFO] 'chk_vobres_n_buy.py' 2026-06-02 11:53:05,558 : 하향추세 006400 삼성SDI < 5MA 10MA
[INFO] 'chk_vobres_n_buy.py' 2026-06-02 11:53:05,558 : 하향추세 012450 한화에어로스페이스 < 5MA 10MA
[INFO] 'chk_vobres_n_buy.py' 2026-06-02 11:53:05,558 : 하향추세 042700 한미반도체 < 5MA 10MA
[INFO] 'chk_vobres_n_buy.py' 2026-06-02 11:53:05,558 : 하향추세 047810 한국항공우주 < 5MA 10MA
[INFO] 'chk_vobres_n_buy.py' 2026-06-02 11:53:05,559 : 하향추세 064350 현대로템 < 5MA 10MA
[INFO] 'chk_vobres_n_buy.py' 2026-06-02 11:53:05,559 : 하향추세 079550 LIG디펜스앤에어로스 < 5MA 10MA
[INFO] 'chk_vobres_n_buy.py' 2026-06-02 11:53:05,559 : 하향추세 086520 에코프로 < 5MA 10MA
[INFO] 'chk_vobres_n_buy.py' 2026-06-02 11:53:05,559 : 하향추세 096770 SK이노베이션 < 5MA 10MA
[INFO] 'chk_vobres_n_buy.py' 2026-06-02 11:53:05,559 : 하향추세 247540 에코프로비엠 < 5MA 10MA
[INFO] 'chk_vobres_n_buy.py' 2026-06-02 11:53:05,559 : 하향추세 272210 한화시스템 < 5MA 10MA
[DEBUG] 'chk_vobres_n_buy.py' 2026-06-02 11:53:05,560 : 조건검색 종목 수18
[INFO] 'chk_vobres_n_buy.py' 2026-06-02 11:53:06,574 : 하향추세 010950 S-Oil < 5MA 10MA
[DEBUG] 'chk_vobres_n_buy.py' 2026-06-02 11:53:06,575 : 조건검색 종목 수1
[INFO] 'chk_vobres_n_buy.py' 2026-06-02 11:53:07,590 : 하향추세 003670 포스코퓨처엠 < 5MA 10MA
[WARNING] 'chk_vobres_n_buy.py' 2026-06-02 11:53:07,590 :  Not found in last_ohlc.txt 005070 코스모신소재
[INFO] 'chk_vobres_n_buy.py' 2026-06-02 11:53:07,591 : 하향추세 005490 POSCO홀딩스 < 5MA 10MA
[INFO] 'chk_vobres_n_buy.py' 2026-06-02 11:53:07,591 : 하향추세 006400 삼성SDI < 5MA 10MA
[INFO] 'chk_vobres_n_buy.py' 2026-06-02 11:53:07,591 : 하향추세 012450 한화에어로스페이스 < 5MA 10MA
[INFO] 'chk_vobres_n_buy.py' 2026-06-02 11:53:07,592 : 하향추세 042700 한미반도체 < 5MA 10MA
[INFO] 'chk_vobres_n_buy.py' 2026-06-02 11:53:07,592 : 하향추세 047810 한국항공우주 < 5MA 10MA
[INFO] 'chk_vobres_n_buy.py' 2026-06-02 11:53:07,592 : 하향추세 064350 현대로템 < 5MA 10MA
[INFO] 'chk_vobres_n_buy.py' 2026-06-02 11:53:07,593 : 하향추세 079550 LIG디펜스앤에어로스 < 5MA 10MA
[INFO] 'chk_vobres_n_buy.py' 2026-06-02 11:53:07,593 : 하향추세 086520 에코프로 < 5MA 10MA
[INFO] 'chk_vobres_n_buy.py' 2026-06-02 11:53:07,593 : 하향추세 096770 SK이노베이션 < 5MA 10MA
[INFO] 'chk_vobres_n_buy.py' 2026-06-02 11:53:07,594 : 하향추세 247540 에코프로비엠 < 5MA 10MA
[INFO] 'chk_vobres_n_buy.py' 2026-06-02 11:53:07,594 : 하향추세 272210 한화시스템 < 5MA 10MA
[DEBUG] 'chk_vobres_n_buy.py' 2026-06-02 11:53:07,594 : 조건검색 종목 수18
[INFO] 'chk_vobres_n_buy.py' 2026-06-02 11:53:09,618 : 하향추세 003670 포스코퓨처엠 < 5MA 10MA
[WARNING] 'chk_vobres_n_buy.py' 2026-06-02 11:53:09,619 :  Not found in last_ohlc.txt 005070 코스모신소재
[INFO] 'chk_vobres_n_buy.py' 2026-06-02 11:53:09,620 : 하향추세 005490 POSCO홀딩스 < 5MA 10MA
[INFO] 'chk_vobres_n_buy.py' 2026-06-02 11:53:09,620 : 하향추세 006400 삼성SDI < 5MA 10MA
[INFO] 'chk_vobres_n_buy.py' 2026-06-02 11:53:09,620 : 하향추세 012450 한화에어로스페이스 < 5MA 10MA
[INFO] 'chk_vobres_n_buy.py' 2026-06-02 11:53:09,621 : 하향추세 042700 한미반도체 < 5MA 10MA
[INFO] 'chk_vobres_n_buy.py' 2026-06-02 11:53:09,621 : 하향추세 047810 한국항공우주 < 5MA 10MA
[INFO] 'chk_vobres_n_buy.py' 2026-06-02 11:53:09,621 : 하향추세 064350 현대로템 < 5MA 10MA
[INFO] 'chk_vobres_n_buy.py' 2026-06-02 11:53:09,622 : 하향추세 079550 LIG디펜스앤에어로스 < 5MA 10MA
[INFO] 'chk_vobres_n_buy.py' 2026-06-02 11:53:09,622 : 하향추세 086520 에코프로 < 5MA 10MA
[INFO] 'chk_vobres_n_buy.py' 2026-06-02 11:53:09,622 : 하향추세 096770 SK이노베이션 < 5MA 10MA
[INFO] 'chk_vobres_n_buy.py' 2026-06-02 11:53:09,622 : 하향추세 247540 에코프로비엠 < 5MA 10MA
[INFO] 'chk_vobres_n_buy.py' 2026-06-02 11:53:09,623 : 하향추세 272210 한화시스템 < 5MA 10MA
[DEBUG] 'chk_vobres_n_buy.py' 2026-06-02 11:53:09,623 : 조건검색 종목 수18
[INFO] 'chk_vobres_n_buy.py' 2026-06-02 11:53:10,639 : 하향추세 010950 S-Oil < 5MA 10MA
[DEBUG] 'chk_vobres_n_buy.py' 2026-06-02 11:53:10,640 : 조건검색 종목 수2
[INFO] 'chk_vobres_n_buy.py' 2026-06-02 11:53:11,654 : 하향추세 003670 포스코퓨처엠 < 5MA 10MA
[WARNING] 'chk_vobres_n_buy.py' 2026-06-02 11:53:11,654 :  Not found in last_ohlc.txt 005070 코스모신소재
[INFO] 'chk_vobres_n_buy.py' 2026-06-02 11:53:11,655 : 하향추세 005490 POSCO홀딩스 < 5MA 10MA
[INFO] 'chk_vobres_n_buy.py' 2026-06-02 11:53:11,655 : 하향추세 006400 삼성SDI < 5MA 10MA
[INFO] 'chk_vobres_n_buy.py' 2026-06-02 11:53:11,655 : 하향추세 012450 한화에어로스페이스 < 5MA 10MA
[INFO] 'chk_vobres_n_buy.py' 2026-06-02 11:53:11,655 : 하향추세 042700 한미반도체 < 5MA 10MA
[INFO] 'chk_vobres_n_buy.py' 2026-06-02 11:53:11,655 : 하향추세 047810 한국항공우주 < 5MA 10MA
[INFO] 'chk_vobres_n_buy.py' 2026-06-02 11:53:11,655 : 하향추세 064350 현대로템 < 5MA 10MA
[INFO] 'chk_vobres_n_buy.py' 2026-06-02 11:53:11,655 : 하향추세 079550 LIG디펜스앤에어로스 < 5MA 10MA
[INFO] 'chk_vobres_n_buy.py' 2026-06-02 11:53:11,655 : 하향추세 086520 에코프로 < 5MA 10MA
[INFO] 'chk_vobres_n_buy.py' 2026-06-02 11:53:11,656 : 하향추세 096770 SK이노베이션 < 5MA 10MA
[INFO] 'chk_vobres_n_buy.py' 2026-06-02 11:53:11,656 : 하향추세 247540 에코프로비엠 < 5MA 10MA
[INFO] 'chk_vobres_n_buy.py' 2026-06-02 11:53:11,656 : 하향추세 272210 한화시스템 < 5MA 10MA
[DEBUG] 'chk_vobres_n_buy.py' 2026-06-02 11:53:11,656 : 조건검색 종목 수18
[INFO] 'chk_vobres_n_buy.py' 2026-06-02 11:53:12,665 : 하향추세 010950 S-Oil < 5MA 10MA
[DEBUG] 'chk_vobres_n_buy.py' 2026-06-02 11:53:12,665 : 조건검색 종목 수2
[INFO] 'chk_vobres_n_buy.py' 2026-06-02 11:53:13,671 : 하향추세 003670 포스코퓨처엠 < 5MA 10MA
[WARNING] 'chk_vobres_n_buy.py' 2026-06-02 11:53:13,672 :  Not found in last_ohlc.txt 005070 코스모신소재
[INFO] 'chk_vobres_n_buy.py' 2026-06-02 11:53:13,672 : 하향추세 005490 POSCO홀딩스 < 5MA 10MA
[INFO] 'chk_vobres_n_buy.py' 2026-06-02 11:53:13,673 : 하향추세 006400 삼성SDI < 5MA 10MA
[INFO] 'chk_vobres_n_buy.py' 2026-06-02 11:53:13,673 : 하향추세 012450 한화에어로스페이스 < 5MA 10MA
[INFO] 'chk_vobres_n_buy.py' 2026-06-02 11:53:13,673 : 하향추세 042700 한미반도체 < 5MA 10MA
[INFO] 'chk_vobres_n_buy.py' 2026-06-02 11:53:13,674 : 하향추세 047810 한국항공우주 < 5MA 10MA
[INFO] 'chk_vobres_n_buy.py' 2026-06-02 11:53:13,674 : 하향추세 064350 현대로템 < 5MA 10MA
[INFO] 'chk_vobres_n_buy.py' 2026-06-02 11:53:13,674 : 하향추세 079550 LIG디펜스앤에어로스 < 5MA 10MA
[INFO] 'chk_vobres_n_buy.py' 2026-06-02 11:53:13,675 : 하향추세 086520 에코프로 < 5MA 10MA
[INFO] 'chk_vobres_n_buy.py' 2026-06-02 11:53:13,675 : 하향추세 096770 SK이노베이션 < 5MA 10MA
[INFO] 'chk_vobres_n_buy.py' 2026-06-02 11:53:13,675 : 하향추세 247540 에코프로비엠 < 5MA 10MA
[INFO] 'chk_vobres_n_buy.py' 2026-06-02 11:53:13,676 : 하향추세 272210 한화시스템 < 5MA 10MA
[DEBUG] 'chk_vobres_n_buy.py' 2026-06-02 11:53:13,676 : 조건검색 종목 수18
[DEBUG] 'chk_vobres_n_buy.py' 2026-06-02 11:53:14,683 : 조건검색 종목 수1
[INFO] 'chk_vobres_n_buy.py' 2026-06-02 11:53:15,701 : 하향추세 003670 포스코퓨처엠 < 5MA 10MA
[WARNING] 'chk_vobres_n_buy.py' 2026-06-02 11:53:15,701 :  Not found in last_ohlc.txt 005070 코스모신소재
[INFO] 'chk_vobres_n_buy.py' 2026-06-02 11:53:15,702 : 하향추세 005490 POSCO홀딩스 < 5MA 10MA
[INFO] 'chk_vobres_n_buy.py' 2026-06-02 11:53:15,702 : 하향추세 006400 삼성SDI < 5MA 10MA
[INFO] 'chk_vobres_n_buy.py' 2026-06-02 11:53:15,703 : 하향추세 012450 한화에어로스페이스 < 5MA 10MA
[INFO] 'chk_vobres_n_buy.py' 2026-06-02 11:53:15,703 : 하향추세 042700 한미반도체 < 5MA 10MA
[INFO] 'chk_vobres_n_buy.py' 2026-06-02 11:53:15,703 : 하향추세 047810 한국항공우주 < 5MA 10MA
[INFO] 'chk_vobres_n_buy.py' 2026-06-02 11:53:15,704 : 하향추세 064350 현대로템 < 5MA 10MA
[INFO] 'chk_vobres_n_buy.py' 2026-06-02 11:53:15,704 : 하향추세 079550 LIG디펜스앤에어로스 < 5MA 10MA
[INFO] 'chk_vobres_n_buy.py' 2026-06-02 11:53:15,704 : 하향추세 086520 에코프로 < 5MA 10MA
[INFO] 'chk_vobres_n_buy.py' 2026-06-02 11:53:15,705 : 하향추세 096770 SK이노베이션 < 5MA 10MA
[INFO] 'chk_vobres_n_buy.py' 2026-06-02 11:53:15,705 : 하향추세 247540 에코프로비엠 < 5MA 10MA
[INFO] 'chk_vobres_n_buy.py' 2026-06-02 11:53:15,705 : 하향추세 272210 한화시스템 < 5MA 10MA
[DEBUG] 'chk_vobres_n_buy.py' 2026-06-02 11:53:15,706 : 조건검색 종목 수18
[DEBUG] 'chk_vobres_n_buy.py' 2026-06-02 11:53:16,723 : 조건검색 종목 수2
[INFO] 'chk_vobres_n_buy.py' 2026-06-02 11:53:17,726 : 하향추세 003670 포스코퓨처엠 < 5MA 10MA
[WARNING] 'chk_vobres_n_buy.py' 2026-06-02 11:53:17,726 :  Not found in last_ohlc.txt 005070 코스모신소재
[INFO] 'chk_vobres_n_buy.py' 2026-06-02 11:53:17,726 : 하향추세 005490 POSCO홀딩스 < 5MA 10MA
[INFO] 'chk_vobres_n_buy.py' 2026-06-02 11:53:17,726 : 하향추세 006400 삼성SDI < 5MA 10MA
[INFO] 'chk_vobres_n_buy.py' 2026-06-02 11:53:17,726 : 하향추세 012450 한화에어로스페이스 < 5MA 10MA
[INFO] 'chk_vobres_n_buy.py' 2026-06-02 11:53:17,726 : 하향추세 042700 한미반도체 < 5MA 10MA
[INFO] 'chk_vobres_n_buy.py' 2026-06-02 11:53:17,727 : 하향추세 047810 한국항공우주 < 5MA 10MA
[INFO] 'chk_vobres_n_buy.py' 2026-06-02 11:53:17,727 : 하향추세 064350 현대로템 < 5MA 10MA
[INFO] 'chk_vobres_n_buy.py' 2026-06-02 11:53:17,727 : 하향추세 079550 LIG디펜스앤에어로스 < 5MA 10MA
[INFO] 'chk_vobres_n_buy.py' 2026-06-02 11:53:17,727 : 하향추세 086520 에코프로 < 5MA 10MA
[INFO] 'chk_vobres_n_buy.py' 2026-06-02 11:53:17,727 : 하향추세 096770 SK이노베이션 < 5MA 10MA
[INFO] 'chk_vobres_n_buy.py' 2026-06-02 11:53:17,727 : 하향추세 247540 에코프로비엠 < 5MA 10MA
[INFO] 'chk_vobres_n_buy.py' 2026-06-02 11:53:17,727 : 하향추세 272210 한화시스템 < 5MA 10MA
[DEBUG] 'chk_vobres_n_buy.py' 2026-06-02 11:53:17,727 : 조건검색 종목 수18
[DEBUG] 'chk_vobres_n_buy.py' 2026-06-02 11:53:18,735 : 조건검색 종목 수2
[INFO] 'chk_vobres_n_buy.py' 2026-06-02 11:53:19,741 : 하향추세 003670 포스코퓨처엠 < 5MA 10MA
[WARNING] 'chk_vobres_n_buy.py' 2026-06-02 11:53:19,741 :  Not found in last_ohlc.txt 005070 코스모신소재
[INFO] 'chk_vobres_n_buy.py' 2026-06-02 11:53:19,742 : 하향추세 005490 POSCO홀딩스 < 5MA 10MA
[INFO] 'chk_vobres_n_buy.py' 2026-06-02 11:53:19,742 : 하향추세 006400 삼성SDI < 5MA 10MA
[INFO] 'chk_vobres_n_buy.py' 2026-06-02 11:53:19,742 : 하향추세 012450 한화에어로스페이스 < 5MA 10MA
[INFO] 'chk_vobres_n_buy.py' 2026-06-02 11:53:19,743 : 하향추세 042700 한미반도체 < 5MA 10MA
[INFO] 'chk_vobres_n_buy.py' 2026-06-02 11:53:19,743 : 하향추세 047810 한국항공우주 < 5MA 10MA
[INFO] 'chk_vobres_n_buy.py' 2026-06-02 11:53:19,743 : 하향추세 064350 현대로템 < 5MA 10MA
[INFO] 'chk_vobres_n_buy.py' 2026-06-02 11:53:19,744 : 하향추세 079550 LIG디펜스앤에어로스 < 5MA 10MA
[INFO] 'chk_vobres_n_buy.py' 2026-06-02 11:53:19,744 : 하향추세 086520 에코프로 < 5MA 10MA
[INFO] 'chk_vobres_n_buy.py' 2026-06-02 11:53:19,744 : 하향추세 096770 SK이노베이션 < 5MA 10MA
[INFO] 'chk_vobres_n_buy.py' 2026-06-02 11:53:19,744 : 하향추세 247540 에코프로비엠 < 5MA 10MA
[INFO] 'chk_vobres_n_buy.py' 2026-06-02 11:53:19,745 : 하향추세 272210 한화시스템 < 5MA 10MA
[DEBUG] 'chk_vobres_n_buy.py' 2026-06-02 11:53:19,745 : 조건검색 종목 수18
[DEBUG] 'chk_vobres_n_buy.py' 2026-06-02 11:53:20,761 : 조건검색 종목 수1
[INFO] 'chk_vobres_n_buy.py' 2026-06-02 11:53:21,776 : 하향추세 003670 포스코퓨처엠 < 5MA 10MA
[WARNING] 'chk_vobres_n_buy.py' 2026-06-02 11:53:21,777 :  Not found in last_ohlc.txt 005070 코스모신소재
[INFO] 'chk_vobres_n_buy.py' 2026-06-02 11:53:21,777 : 하향추세 005490 POSCO홀딩스 < 5MA 10MA
[INFO] 'chk_vobres_n_buy.py' 2026-06-02 11:53:21,778 : 하향추세 006400 삼성SDI < 5MA 10MA
[INFO] 'chk_vobres_n_buy.py' 2026-06-02 11:53:21,778 : 하향추세 012450 한화에어로스페이스 < 5MA 10MA
[INFO] 'chk_vobres_n_buy.py' 2026-06-02 11:53:21,778 : 하향추세 042700 한미반도체 < 5MA 10MA
[INFO] 'chk_vobres_n_buy.py' 2026-06-02 11:53:21,779 : 하향추세 047810 한국항공우주 < 5MA 10MA
[INFO] 'chk_vobres_n_buy.py' 2026-06-02 11:53:21,779 : 하향추세 064350 현대로템 < 5MA 10MA
[INFO] 'chk_vobres_n_buy.py' 2026-06-02 11:53:21,779 : 하향추세 079550 LIG디펜스앤에어로스 < 5MA 10MA
[INFO] 'chk_vobres_n_buy.py' 2026-06-02 11:53:21,780 : 하향추세 086520 에코프로 < 5MA 10MA
[INFO] 'chk_vobres_n_buy.py' 2026-06-02 11:53:21,780 : 하향추세 096770 SK이노베이션 < 5MA 10MA
[INFO] 'chk_vobres_n_buy.py' 2026-06-02 11:53:21,780 : 하향추세 247540 에코프로비엠 < 5MA 10MA
[INFO] 'chk_vobres_n_buy.py' 2026-06-02 11:53:21,780 : 하향추세 272210 한화시스템 < 5MA 10MA
[DEBUG] 'chk_vobres_n_buy.py' 2026-06-02 11:53:21,781 : 조건검색 종목 수18
[DEBUG] 'chk_vobres_n_buy.py' 2026-06-02 11:53:22,794 : 조건검색 종목 수1
[INFO] 'chk_vobres_n_buy.py' 2026-06-02 11:53:23,800 : 하향추세 003670 포스코퓨처엠 < 5MA 10MA
[WARNING] 'chk_vobres_n_buy.py' 2026-06-02 11:53:23,801 :  Not found in last_ohlc.txt 005070 코스모신소재
[INFO] 'chk_vobres_n_buy.py' 2026-06-02 11:53:23,801 : 하향추세 005490 POSCO홀딩스 < 5MA 10MA
[INFO] 'chk_vobres_n_buy.py' 2026-06-02 11:53:23,802 : 하향추세 006400 삼성SDI < 5MA 10MA
[INFO] 'chk_vobres_n_buy.py' 2026-06-02 11:53:23,802 : 하향추세 012450 한화에어로스페이스 < 5MA 10MA
[INFO] 'chk_vobres_n_buy.py' 2026-06-02 11:53:23,802 : 하향추세 042700 한미반도체 < 5MA 10MA
[INFO] 'chk_vobres_n_buy.py' 2026-06-02 11:53:23,803 : 하향추세 047810 한국항공우주 < 5MA 10MA
[INFO] 'chk_vobres_n_buy.py' 2026-06-02 11:53:23,803 : 하향추세 064350 현대로템 < 5MA 10MA
[INFO] 'chk_vobres_n_buy.py' 2026-06-02 11:53:23,803 : 하향추세 079550 LIG디펜스앤에어로스 < 5MA 10MA
[INFO] 'chk_vobres_n_buy.py' 2026-06-02 11:53:23,804 : 하향추세 086520 에코프로 < 5MA 10MA
[INFO] 'chk_vobres_n_buy.py' 2026-06-02 11:53:23,804 : 하향추세 096770 SK이노베이션 < 5MA 10MA
[INFO] 'chk_vobres_n_buy.py' 2026-06-02 11:53:23,804 : 하향추세 247540 에코프로비엠 < 5MA 10MA
[INFO] 'chk_vobres_n_buy.py' 2026-06-02 11:53:23,804 : 하향추세 272210 한화시스템 < 5MA 10MA
[DEBUG] 'chk_vobres_n_buy.py' 2026-06-02 11:53:23,805 : 조건검색 종목 수18
[DEBUG] 'chk_vobres_n_buy.py' 2026-06-02 11:53:24,823 : 조건검색 종목 수2
[INFO] 'chk_vobres_n_buy.py' 2026-06-02 11:53:25,828 : 하향추세 003670 포스코퓨처엠 < 5MA 10MA
[WARNING] 'chk_vobres_n_buy.py' 2026-06-02 11:53:25,829 :  Not found in last_ohlc.txt 005070 코스모신소재
[INFO] 'chk_vobres_n_buy.py' 2026-06-02 11:53:25,829 : 하향추세 005490 POSCO홀딩스 < 5MA 10MA
[INFO] 'chk_vobres_n_buy.py' 2026-06-02 11:53:25,829 : 하향추세 006400 삼성SDI < 5MA 10MA
[INFO] 'chk_vobres_n_buy.py' 2026-06-02 11:53:25,830 : 하향추세 012450 한화에어로스페이스 < 5MA 10MA
[INFO] 'chk_vobres_n_buy.py' 2026-06-02 11:53:25,830 : 하향추세 042700 한미반도체 < 5MA 10MA
[INFO] 'chk_vobres_n_buy.py' 2026-06-02 11:53:25,831 : 하향추세 047810 한국항공우주 < 5MA 10MA
[INFO] 'chk_vobres_n_buy.py' 2026-06-02 11:53:25,831 : 하향추세 064350 현대로템 < 5MA 10MA
[INFO] 'chk_vobres_n_buy.py' 2026-06-02 11:53:25,831 : 하향추세 079550 LIG디펜스앤에어로스 < 5MA 10MA
[INFO] 'chk_vobres_n_buy.py' 2026-06-02 11:53:25,832 : 하향추세 086520 에코프로 < 5MA 10MA
[INFO] 'chk_vobres_n_buy.py' 2026-06-02 11:53:25,832 : 하향추세 096770 SK이노베이션 < 5MA 10MA
[INFO] 'chk_vobres_n_buy.py' 2026-06-02 11:53:25,832 : 하향추세 247540 에코프로비엠 < 5MA 10MA
[INFO] 'chk_vobres_n_buy.py' 2026-06-02 11:53:25,833 : 하향추세 272210 한화시스템 < 5MA 10MA
[DEBUG] 'chk_vobres_n_buy.py' 2026-06-02 11:53:25,833 : 조건검색 종목 수18
[DEBUG] 'chk_vobres_n_buy.py' 2026-06-02 11:53:26,847 : 조건검색 종목 수2
[INFO] 'chk_vobres_n_buy.py' 2026-06-02 11:53:27,851 : 하향추세 003670 포스코퓨처엠 < 5MA 10MA
[WARNING] 'chk_vobres_n_buy.py' 2026-06-02 11:53:27,852 :  Not found in last_ohlc.txt 005070 코스모신소재
[INFO] 'chk_vobres_n_buy.py' 2026-06-02 11:53:27,853 : 하향추세 005490 POSCO홀딩스 < 5MA 10MA
[INFO] 'chk_vobres_n_buy.py' 2026-06-02 11:53:27,853 : 하향추세 006400 삼성SDI < 5MA 10MA
[INFO] 'chk_vobres_n_buy.py' 2026-06-02 11:53:27,853 : 하향추세 012450 한화에어로스페이스 < 5MA 10MA
[INFO] 'chk_vobres_n_buy.py' 2026-06-02 11:53:27,854 : 하향추세 042700 한미반도체 < 5MA 10MA
[INFO] 'chk_vobres_n_buy.py' 2026-06-02 11:53:27,854 : 하향추세 047810 한국항공우주 < 5MA 10MA
[INFO] 'chk_vobres_n_buy.py' 2026-06-02 11:53:27,854 : 하향추세 064350 현대로템 < 5MA 10MA
[INFO] 'chk_vobres_n_buy.py' 2026-06-02 11:53:27,855 : 하향추세 079550 LIG디펜스앤에어로스 < 5MA 10MA
[INFO] 'chk_vobres_n_buy.py' 2026-06-02 11:53:27,855 : 하향추세 086520 에코프로 < 5MA 10MA
[INFO] 'chk_vobres_n_buy.py' 2026-06-02 11:53:27,855 : 하향추세 096770 SK이노베이션 < 5MA 10MA
[INFO] 'chk_vobres_n_buy.py' 2026-06-02 11:53:27,856 : 하향추세 247540 에코프로비엠 < 5MA 10MA
[INFO] 'chk_vobres_n_buy.py' 2026-06-02 11:53:27,856 : 하향추세 272210 한화시스템 < 5MA 10MA
[DEBUG] 'chk_vobres_n_buy.py' 2026-06-02 11:53:27,856 : 조건검색 종목 수18
[DEBUG] 'chk_vobres_n_buy.py' 2026-06-02 11:53:28,871 : 조건검색 종목 수2
[INFO] 'chk_vobres_n_buy.py' 2026-06-02 11:53:29,873 : 하향추세 003670 포스코퓨처엠 < 5MA 10MA
[WARNING] 'chk_vobres_n_buy.py' 2026-06-02 11:53:29,874 :  Not found in last_ohlc.txt 005070 코스모신소재
[INFO] 'chk_vobres_n_buy.py' 2026-06-02 11:53:29,875 : 하향추세 005490 POSCO홀딩스 < 5MA 10MA
[INFO] 'chk_vobres_n_buy.py' 2026-06-02 11:53:29,875 : 하향추세 006400 삼성SDI < 5MA 10MA
[INFO] 'chk_vobres_n_buy.py' 2026-06-02 11:53:29,875 : 하향추세 012450 한화에어로스페이스 < 5MA 10MA
[INFO] 'chk_vobres_n_buy.py' 2026-06-02 11:53:29,876 : 하향추세 042700 한미반도체 < 5MA 10MA
[INFO] 'chk_vobres_n_buy.py' 2026-06-02 11:53:29,876 : 하향추세 047810 한국항공우주 < 5MA 10MA
[INFO] 'chk_vobres_n_buy.py' 2026-06-02 11:53:29,876 : 하향추세 064350 현대로템 < 5MA 10MA
[INFO] 'chk_vobres_n_buy.py' 2026-06-02 11:53:29,877 : 하향추세 079550 LIG디펜스앤에어로스 < 5MA 10MA
[INFO] 'chk_vobres_n_buy.py' 2026-06-02 11:53:29,877 : 하향추세 086520 에코프로 < 5MA 10MA
[INFO] 'chk_vobres_n_buy.py' 2026-06-02 11:53:29,877 : 하향추세 096770 SK이노베이션 < 5MA 10MA
[INFO] 'chk_vobres_n_buy.py' 2026-06-02 11:53:29,877 : 하향추세 247540 에코프로비엠 < 5MA 10MA
[INFO] 'chk_vobres_n_buy.py' 2026-06-02 11:53:29,878 : 하향추세 272210 한화시스템 < 5MA 10MA
[DEBUG] 'chk_vobres_n_buy.py' 2026-06-02 11:53:29,878 : 조건검색 종목 수18
[DEBUG] 'chk_vobres_n_buy.py' 2026-06-02 11:53:30,894 : 조건검색 종목 수2
[INFO] 'chk_vobres_n_buy.py' 2026-06-02 11:53:31,902 : 하향추세 003670 포스코퓨처엠 < 5MA 10MA
[WARNING] 'chk_vobres_n_buy.py' 2026-06-02 11:53:31,902 :  Not found in last_ohlc.txt 005070 코스모신소재
[INFO] 'chk_vobres_n_buy.py' 2026-06-02 11:53:31,902 : 하향추세 005490 POSCO홀딩스 < 5MA 10MA
[INFO] 'chk_vobres_n_buy.py' 2026-06-02 11:53:31,902 : 하향추세 006400 삼성SDI < 5MA 10MA
[INFO] 'chk_vobres_n_buy.py' 2026-06-02 11:53:31,903 : 하향추세 012450 한화에어로스페이스 < 5MA 10MA
[INFO] 'chk_vobres_n_buy.py' 2026-06-02 11:53:31,903 : 하향추세 042700 한미반도체 < 5MA 10MA
[INFO] 'chk_vobres_n_buy.py' 2026-06-02 11:53:31,903 : 하향추세 047810 한국항공우주 < 5MA 10MA
[INFO] 'chk_vobres_n_buy.py' 2026-06-02 11:53:31,903 : 하향추세 064350 현대로템 < 5MA 10MA
[INFO] 'chk_vobres_n_buy.py' 2026-06-02 11:53:31,904 : 하향추세 079550 LIG디펜스앤에어로스 < 5MA 10MA
[INFO] 'chk_vobres_n_buy.py' 2026-06-02 11:53:31,904 : 하향추세 086520 에코프로 < 5MA 10MA
[INFO] 'chk_vobres_n_buy.py' 2026-06-02 11:53:31,904 : 하향추세 096770 SK이노베이션 < 5MA 10MA
[INFO] 'chk_vobres_n_buy.py' 2026-06-02 11:53:31,904 : 하향추세 247540 에코프로비엠 < 5MA 10MA
[INFO] 'chk_vobres_n_buy.py' 2026-06-02 11:53:31,904 : 하향추세 272210 한화시스템 < 5MA 10MA
[DEBUG] 'chk_vobres_n_buy.py' 2026-06-02 11:53:31,905 : 조건검색 종목 수18
[DEBUG] 'chk_vobres_n_buy.py' 2026-06-02 11:53:32,907 : 조건검색 종목 수1
[INFO] 'chk_vobres_n_buy.py' 2026-06-02 11:53:33,920 : 하향추세 003670 포스코퓨처엠 < 5MA 10MA
[WARNING] 'chk_vobres_n_buy.py' 2026-06-02 11:53:33,920 :  Not found in last_ohlc.txt 005070 코스모신소재
[INFO] 'chk_vobres_n_buy.py' 2026-06-02 11:53:33,921 : 하향추세 005490 POSCO홀딩스 < 5MA 10MA
[INFO] 'chk_vobres_n_buy.py' 2026-06-02 11:53:33,921 : 하향추세 006400 삼성SDI < 5MA 10MA
[INFO] 'chk_vobres_n_buy.py' 2026-06-02 11:53:33,921 : 하향추세 012450 한화에어로스페이스 < 5MA 10MA
[INFO] 'chk_vobres_n_buy.py' 2026-06-02 11:53:33,922 : 하향추세 042700 한미반도체 < 5MA 10MA
[INFO] 'chk_vobres_n_buy.py' 2026-06-02 11:53:33,922 : 하향추세 047810 한국항공우주 < 5MA 10MA
[INFO] 'chk_vobres_n_buy.py' 2026-06-02 11:53:33,922 : 하향추세 064350 현대로템 < 5MA 10MA
[INFO] 'chk_vobres_n_buy.py' 2026-06-02 11:53:33,923 : 하향추세 079550 LIG디펜스앤에어로스 < 5MA 10MA
[INFO] 'chk_vobres_n_buy.py' 2026-06-02 11:53:33,923 : 하향추세 086520 에코프로 < 5MA 10MA
[INFO] 'chk_vobres_n_buy.py' 2026-06-02 11:53:33,923 : 하향추세 096770 SK이노베이션 < 5MA 10MA
[INFO] 'chk_vobres_n_buy.py' 2026-06-02 11:53:33,924 : 하향추세 247540 에코프로비엠 < 5MA 10MA
[INFO] 'chk_vobres_n_buy.py' 2026-06-02 11:53:33,924 : 하향추세 272210 한화시스템 < 5MA 10MA
[DEBUG] 'chk_vobres_n_buy.py' 2026-06-02 11:53:33,924 : 조건검색 종목 수18
[DEBUG] 'chk_vobres_n_buy.py' 2026-06-02 11:53:34,938 : 조건검색 종목 수1
[INFO] 'chk_vobres_n_buy.py' 2026-06-02 11:53:35,975 : 하향추세 003670 포스코퓨처엠 < 5MA 10MA
[WARNING] 'chk_vobres_n_buy.py' 2026-06-02 11:53:35,975 :  Not found in last_ohlc.txt 005070 코스모신소재
[INFO] 'chk_vobres_n_buy.py' 2026-06-02 11:53:35,975 : 하향추세 005490 POSCO홀딩스 < 5MA 10MA
[INFO] 'chk_vobres_n_buy.py' 2026-06-02 11:53:35,975 : 하향추세 006400 삼성SDI < 5MA 10MA
[INFO] 'chk_vobres_n_buy.py' 2026-06-02 11:53:35,976 : 하향추세 012450 한화에어로스페이스 < 5MA 10MA
[INFO] 'chk_vobres_n_buy.py' 2026-06-02 11:53:35,976 : 하향추세 042700 한미반도체 < 5MA 10MA
[INFO] 'chk_vobres_n_buy.py' 2026-06-02 11:53:35,976 : 하향추세 047810 한국항공우주 < 5MA 10MA
[INFO] 'chk_vobres_n_buy.py' 2026-06-02 11:53:35,976 : 하향추세 064350 현대로템 < 5MA 10MA
[INFO] 'chk_vobres_n_buy.py' 2026-06-02 11:53:35,976 : 하향추세 079550 LIG디펜스앤에어로스 < 5MA 10MA
[INFO] 'chk_vobres_n_buy.py' 2026-06-02 11:53:35,976 : 하향추세 086520 에코프로 < 5MA 10MA
[INFO] 'chk_vobres_n_buy.py' 2026-06-02 11:53:35,977 : 하향추세 096770 SK이노베이션 < 5MA 10MA
[INFO] 'chk_vobres_n_buy.py' 2026-06-02 11:53:35,977 : 하향추세 247540 에코프로비엠 < 5MA 10MA
[INFO] 'chk_vobres_n_buy.py' 2026-06-02 11:53:35,977 : 하향추세 272210 한화시스템 < 5MA 10MA
[DEBUG] 'chk_vobres_n_buy.py' 2026-06-02 11:53:35,977 : 조건검색 종목 수18
[DEBUG] 'chk_vobres_n_buy.py' 2026-06-02 11:53:36,998 : 조건검색 종목 수1
[INFO] 'chk_vobres_n_buy.py' 2026-06-02 11:53:38,034 : 하향추세 003670 포스코퓨처엠 < 5MA 10MA
[WARNING] 'chk_vobres_n_buy.py' 2026-06-02 11:53:38,034 :  Not found in last_ohlc.txt 005070 코스모신소재
[INFO] 'chk_vobres_n_buy.py' 2026-06-02 11:53:38,034 : 하향추세 005490 POSCO홀딩스 < 5MA 10MA
[INFO] 'chk_vobres_n_buy.py' 2026-06-02 11:53:38,035 : 하향추세 006400 삼성SDI < 5MA 10MA
[INFO] 'chk_vobres_n_buy.py' 2026-06-02 11:53:38,035 : 하향추세 012450 한화에어로스페이스 < 5MA 10MA
[INFO] 'chk_vobres_n_buy.py' 2026-06-02 11:53:38,035 : 하향추세 042700 한미반도체 < 5MA 10MA
[INFO] 'chk_vobres_n_buy.py' 2026-06-02 11:53:38,035 : 하향추세 047810 한국항공우주 < 5MA 10MA
[INFO] 'chk_vobres_n_buy.py' 2026-06-02 11:53:38,036 : 하향추세 064350 현대로템 < 5MA 10MA
[INFO] 'chk_vobres_n_buy.py' 2026-06-02 11:53:38,036 : 하향추세 079550 LIG디펜스앤에어로스 < 5MA 10MA
[INFO] 'chk_vobres_n_buy.py' 2026-06-02 11:53:38,037 : 하향추세 086520 에코프로 < 5MA 10MA
[INFO] 'chk_vobres_n_buy.py' 2026-06-02 11:53:38,037 : 하향추세 096770 SK이노베이션 < 5MA 10MA
[INFO] 'chk_vobres_n_buy.py' 2026-06-02 11:53:38,037 : 하향추세 247540 에코프로비엠 < 5MA 10MA
[INFO] 'chk_vobres_n_buy.py' 2026-06-02 11:53:38,037 : 하향추세 272210 한화시스템 < 5MA 10MA
[DEBUG] 'chk_vobres_n_buy.py' 2026-06-02 11:53:38,038 : 조건검색 종목 수18
[DEBUG] 'chk_vobres_n_buy.py' 2026-06-02 11:53:39,046 : 조건검색 종목 수1
[INFO] 'chk_vobres_n_buy.py' 2026-06-02 11:53:40,066 : 하향추세 003670 포스코퓨처엠 < 5MA 10MA
[WARNING] 'chk_vobres_n_buy.py' 2026-06-02 11:53:40,067 :  Not found in last_ohlc.txt 005070 코스모신소재
[INFO] 'chk_vobres_n_buy.py' 2026-06-02 11:53:40,067 : 하향추세 005490 POSCO홀딩스 < 5MA 10MA
[INFO] 'chk_vobres_n_buy.py' 2026-06-02 11:53:40,068 : 하향추세 006400 삼성SDI < 5MA 10MA
[INFO] 'chk_vobres_n_buy.py' 2026-06-02 11:53:40,068 : 하향추세 012450 한화에어로스페이스 < 5MA 10MA
[INFO] 'chk_vobres_n_buy.py' 2026-06-02 11:53:40,068 : 하향추세 042700 한미반도체 < 5MA 10MA
[INFO] 'chk_vobres_n_buy.py' 2026-06-02 11:53:40,069 : 하향추세 047810 한국항공우주 < 5MA 10MA
[INFO] 'chk_vobres_n_buy.py' 2026-06-02 11:53:40,069 : 하향추세 064350 현대로템 < 5MA 10MA
[INFO] 'chk_vobres_n_buy.py' 2026-06-02 11:53:40,070 : 하향추세 079550 LIG디펜스앤에어로스 < 5MA 10MA
[INFO] 'chk_vobres_n_buy.py' 2026-06-02 11:53:40,070 : 하향추세 086520 에코프로 < 5MA 10MA
[INFO] 'chk_vobres_n_buy.py' 2026-06-02 11:53:40,070 : 하향추세 096770 SK이노베이션 < 5MA 10MA
[INFO] 'chk_vobres_n_buy.py' 2026-06-02 11:53:40,071 : 하향추세 247540 에코프로비엠 < 5MA 10MA
[INFO] 'chk_vobres_n_buy.py' 2026-06-02 11:53:40,071 : 하향추세 272210 한화시스템 < 5MA 10MA
[DEBUG] 'chk_vobres_n_buy.py' 2026-06-02 11:53:40,071 : 조건검색 종목 수18
[DEBUG] 'chk_vobres_n_buy.py' 2026-06-02 11:53:41,087 : 조건검색 종목 수1
[INFO] 'chk_vobres_n_buy.py' 2026-06-02 11:53:42,097 : 하향추세 003670 포스코퓨처엠 < 5MA 10MA
[WARNING] 'chk_vobres_n_buy.py' 2026-06-02 11:53:42,098 :  Not found in last_ohlc.txt 005070 코스모신소재
[INFO] 'chk_vobres_n_buy.py' 2026-06-02 11:53:42,098 : 하향추세 005490 POSCO홀딩스 < 5MA 10MA
[INFO] 'chk_vobres_n_buy.py' 2026-06-02 11:53:42,099 : 하향추세 006400 삼성SDI < 5MA 10MA
[INFO] 'chk_vobres_n_buy.py' 2026-06-02 11:53:42,099 : 하향추세 012450 한화에어로스페이스 < 5MA 10MA
[INFO] 'chk_vobres_n_buy.py' 2026-06-02 11:53:42,099 : 하향추세 042700 한미반도체 < 5MA 10MA
[INFO] 'chk_vobres_n_buy.py' 2026-06-02 11:53:42,100 : 하향추세 047810 한국항공우주 < 5MA 10MA
[INFO] 'chk_vobres_n_buy.py' 2026-06-02 11:53:42,101 : 하향추세 064350 현대로템 < 5MA 10MA
[INFO] 'chk_vobres_n_buy.py' 2026-06-02 11:53:42,101 : 하향추세 079550 LIG디펜스앤에어로스 < 5MA 10MA
[INFO] 'chk_vobres_n_buy.py' 2026-06-02 11:53:42,102 : 하향추세 086520 에코프로 < 5MA 10MA
[INFO] 'chk_vobres_n_buy.py' 2026-06-02 11:53:42,102 : 하향추세 096770 SK이노베이션 < 5MA 10MA
[INFO] 'chk_vobres_n_buy.py' 2026-06-02 11:53:42,102 : 하향추세 247540 에코프로비엠 < 5MA 10MA
[INFO] 'chk_vobres_n_buy.py' 2026-06-02 11:53:42,102 : 하향추세 272210 한화시스템 < 5MA 10MA
[DEBUG] 'chk_vobres_n_buy.py' 2026-06-02 11:53:42,103 : 조건검색 종목 수18
[DEBUG] 'chk_vobres_n_buy.py' 2026-06-02 11:53:43,115 : 조건검색 종목 수1
[INFO] 'chk_vobres_n_buy.py' 2026-06-02 11:53:44,132 : 하향추세 003670 포스코퓨처엠 < 5MA 10MA
[WARNING] 'chk_vobres_n_buy.py' 2026-06-02 11:53:44,132 :  Not found in last_ohlc.txt 005070 코스모신소재
[INFO] 'chk_vobres_n_buy.py' 2026-06-02 11:53:44,133 : 하향추세 005490 POSCO홀딩스 < 5MA 10MA
[INFO] 'chk_vobres_n_buy.py' 2026-06-02 11:53:44,133 : 하향추세 006400 삼성SDI < 5MA 10MA
[INFO] 'chk_vobres_n_buy.py' 2026-06-02 11:53:44,133 : 하향추세 012450 한화에어로스페이스 < 5MA 10MA
[INFO] 'chk_vobres_n_buy.py' 2026-06-02 11:53:44,134 : 하향추세 042700 한미반도체 < 5MA 10MA
[INFO] 'chk_vobres_n_buy.py' 2026-06-02 11:53:44,134 : 하향추세 047810 한국항공우주 < 5MA 10MA
[INFO] 'chk_vobres_n_buy.py' 2026-06-02 11:53:44,134 : 하향추세 064350 현대로템 < 5MA 10MA
[INFO] 'chk_vobres_n_buy.py' 2026-06-02 11:53:44,135 : 하향추세 079550 LIG디펜스앤에어로스 < 5MA 10MA
[INFO] 'chk_vobres_n_buy.py' 2026-06-02 11:53:44,135 : 하향추세 086520 에코프로 < 5MA 10MA
[INFO] 'chk_vobres_n_buy.py' 2026-06-02 11:53:44,135 : 하향추세 096770 SK이노베이션 < 5MA 10MA
[INFO] 'chk_vobres_n_buy.py' 2026-06-02 11:53:44,136 : 하향추세 247540 에코프로비엠 < 5MA 10MA
[INFO] 'chk_vobres_n_buy.py' 2026-06-02 11:53:44,136 : 하향추세 272210 한화시스템 < 5MA 10MA
[DEBUG] 'chk_vobres_n_buy.py' 2026-06-02 11:53:44,136 : 조건검색 종목 수18
[DEBUG] 'chk_vobres_n_buy.py' 2026-06-02 11:53:45,149 : 조건검색 종목 수1
[INFO] 'chk_vobres_n_buy.py' 2026-06-02 11:53:46,167 : 하향추세 003670 포스코퓨처엠 < 5MA 10MA
[WARNING] 'chk_vobres_n_buy.py' 2026-06-02 11:53:46,167 :  Not found in last_ohlc.txt 005070 코스모신소재
[INFO] 'chk_vobres_n_buy.py' 2026-06-02 11:53:46,167 : 하향추세 005490 POSCO홀딩스 < 5MA 10MA
[INFO] 'chk_vobres_n_buy.py' 2026-06-02 11:53:46,168 : 하향추세 006400 삼성SDI < 5MA 10MA
[INFO] 'chk_vobres_n_buy.py' 2026-06-02 11:53:46,168 : 하향추세 012450 한화에어로스페이스 < 5MA 10MA
[INFO] 'chk_vobres_n_buy.py' 2026-06-02 11:53:46,168 : 하향추세 042700 한미반도체 < 5MA 10MA
[INFO] 'chk_vobres_n_buy.py' 2026-06-02 11:53:46,168 : 하향추세 047810 한국항공우주 < 5MA 10MA
[INFO] 'chk_vobres_n_buy.py' 2026-06-02 11:53:46,169 : 하향추세 064350 현대로템 < 5MA 10MA
[INFO] 'chk_vobres_n_buy.py' 2026-06-02 11:53:46,169 : 하향추세 079550 LIG디펜스앤에어로스 < 5MA 10MA
[INFO] 'chk_vobres_n_buy.py' 2026-06-02 11:53:46,169 : 하향추세 086520 에코프로 < 5MA 10MA
[INFO] 'chk_vobres_n_buy.py' 2026-06-02 11:53:46,169 : 하향추세 096770 SK이노베이션 < 5MA 10MA
[INFO] 'chk_vobres_n_buy.py' 2026-06-02 11:53:46,170 : 하향추세 247540 에코프로비엠 < 5MA 10MA
[INFO] 'chk_vobres_n_buy.py' 2026-06-02 11:53:46,170 : 하향추세 272210 한화시스템 < 5MA 10MA
[DEBUG] 'chk_vobres_n_buy.py' 2026-06-02 11:53:46,170 : 조건검색 종목 수18
[DEBUG] 'chk_vobres_n_buy.py' 2026-06-02 11:53:47,182 : 조건검색 종목 수1
[INFO] 'chk_vobres_n_buy.py' 2026-06-02 11:53:48,187 : 하향추세 003670 포스코퓨처엠 < 5MA 10MA
[WARNING] 'chk_vobres_n_buy.py' 2026-06-02 11:53:48,187 :  Not found in last_ohlc.txt 005070 코스모신소재
[INFO] 'chk_vobres_n_buy.py' 2026-06-02 11:53:48,187 : 하향추세 005490 POSCO홀딩스 < 5MA 10MA
[INFO] 'chk_vobres_n_buy.py' 2026-06-02 11:53:48,191 : 하향추세 006400 삼성SDI < 5MA 10MA
[INFO] 'chk_vobres_n_buy.py' 2026-06-02 11:53:48,191 : 하향추세 012450 한화에어로스페이스 < 5MA 10MA
[INFO] 'chk_vobres_n_buy.py' 2026-06-02 11:53:48,191 : 하향추세 042700 한미반도체 < 5MA 10MA
[INFO] 'chk_vobres_n_buy.py' 2026-06-02 11:53:48,192 : 하향추세 047810 한국항공우주 < 5MA 10MA
[INFO] 'chk_vobres_n_buy.py' 2026-06-02 11:53:48,192 : 하향추세 064350 현대로템 < 5MA 10MA
[INFO] 'chk_vobres_n_buy.py' 2026-06-02 11:53:48,192 : 하향추세 079550 LIG디펜스앤에어로스 < 5MA 10MA
[INFO] 'chk_vobres_n_buy.py' 2026-06-02 11:53:48,193 : 하향추세 086520 에코프로 < 5MA 10MA
[INFO] 'chk_vobres_n_buy.py' 2026-06-02 11:53:48,193 : 하향추세 096770 SK이노베이션 < 5MA 10MA
[INFO] 'chk_vobres_n_buy.py' 2026-06-02 11:53:48,193 : 하향추세 247540 에코프로비엠 < 5MA 10MA
[INFO] 'chk_vobres_n_buy.py' 2026-06-02 11:53:48,193 : 하향추세 272210 한화시스템 < 5MA 10MA
[DEBUG] 'chk_vobres_n_buy.py' 2026-06-02 11:53:48,194 : 조건검색 종목 수18
[DEBUG] 'chk_vobres_n_buy.py' 2026-06-02 11:53:49,202 : 조건검색 종목 수1
[INFO] 'chk_vobres_n_buy.py' 2026-06-02 11:53:50,218 : 하향추세 003670 포스코퓨처엠 < 5MA 10MA
[WARNING] 'chk_vobres_n_buy.py' 2026-06-02 11:53:50,218 :  Not found in last_ohlc.txt 005070 코스모신소재
[INFO] 'chk_vobres_n_buy.py' 2026-06-02 11:53:50,219 : 하향추세 005490 POSCO홀딩스 < 5MA 10MA
[INFO] 'chk_vobres_n_buy.py' 2026-06-02 11:53:50,219 : 하향추세 006400 삼성SDI < 5MA 10MA
[INFO] 'chk_vobres_n_buy.py' 2026-06-02 11:53:50,219 : 하향추세 012450 한화에어로스페이스 < 5MA 10MA
[INFO] 'chk_vobres_n_buy.py' 2026-06-02 11:53:50,220 : 하향추세 042700 한미반도체 < 5MA 10MA
[INFO] 'chk_vobres_n_buy.py' 2026-06-02 11:53:50,220 : 하향추세 047810 한국항공우주 < 5MA 10MA
[INFO] 'chk_vobres_n_buy.py' 2026-06-02 11:53:50,221 : 하향추세 064350 현대로템 < 5MA 10MA
[INFO] 'chk_vobres_n_buy.py' 2026-06-02 11:53:50,221 : 하향추세 079550 LIG디펜스앤에어로스 < 5MA 10MA
[INFO] 'chk_vobres_n_buy.py' 2026-06-02 11:53:50,221 : 하향추세 086520 에코프로 < 5MA 10MA
[INFO] 'chk_vobres_n_buy.py' 2026-06-02 11:53:50,222 : 하향추세 096770 SK이노베이션 < 5MA 10MA
[INFO] 'chk_vobres_n_buy.py' 2026-06-02 11:53:50,222 : 하향추세 247540 에코프로비엠 < 5MA 10MA
[INFO] 'chk_vobres_n_buy.py' 2026-06-02 11:53:50,222 : 하향추세 272210 한화시스템 < 5MA 10MA
[DEBUG] 'chk_vobres_n_buy.py' 2026-06-02 11:53:50,223 : 조건검색 종목 수18
[DEBUG] 'chk_vobres_n_buy.py' 2026-06-02 11:53:51,232 : 조건검색 종목 수1
[INFO] 'chk_vobres_n_buy.py' 2026-06-02 11:53:52,237 : 하향추세 003670 포스코퓨처엠 < 5MA 10MA
[WARNING] 'chk_vobres_n_buy.py' 2026-06-02 11:53:52,238 :  Not found in last_ohlc.txt 005070 코스모신소재
[INFO] 'chk_vobres_n_buy.py' 2026-06-02 11:53:52,238 : 하향추세 005490 POSCO홀딩스 < 5MA 10MA
[INFO] 'chk_vobres_n_buy.py' 2026-06-02 11:53:52,239 : 하향추세 006400 삼성SDI < 5MA 10MA
[INFO] 'chk_vobres_n_buy.py' 2026-06-02 11:53:52,239 : 하향추세 012450 한화에어로스페이스 < 5MA 10MA
[INFO] 'chk_vobres_n_buy.py' 2026-06-02 11:53:52,239 : 하향추세 042700 한미반도체 < 5MA 10MA
[INFO] 'chk_vobres_n_buy.py' 2026-06-02 11:53:52,240 : 하향추세 047810 한국항공우주 < 5MA 10MA
[INFO] 'chk_vobres_n_buy.py' 2026-06-02 11:53:52,240 : 하향추세 064350 현대로템 < 5MA 10MA
[INFO] 'chk_vobres_n_buy.py' 2026-06-02 11:53:52,240 : 하향추세 079550 LIG디펜스앤에어로스 < 5MA 10MA
[INFO] 'chk_vobres_n_buy.py' 2026-06-02 11:53:52,241 : 하향추세 086520 에코프로 < 5MA 10MA
[INFO] 'chk_vobres_n_buy.py' 2026-06-02 11:53:52,241 : 하향추세 096770 SK이노베이션 < 5MA 10MA
[INFO] 'chk_vobres_n_buy.py' 2026-06-02 11:53:52,241 : 하향추세 247540 에코프로비엠 < 5MA 10MA
[INFO] 'chk_vobres_n_buy.py' 2026-06-02 11:53:52,242 : 하향추세 272210 한화시스템 < 5MA 10MA
[DEBUG] 'chk_vobres_n_buy.py' 2026-06-02 11:53:52,242 : 조건검색 종목 수18
[DEBUG] 'chk_vobres_n_buy.py' 2026-06-02 11:53:53,257 : 조건검색 종목 수1
[INFO] 'chk_vobres_n_buy.py' 2026-06-02 11:53:54,263 : 하향추세 003670 포스코퓨처엠 < 5MA 10MA
[WARNING] 'chk_vobres_n_buy.py' 2026-06-02 11:53:54,263 :  Not found in last_ohlc.txt 005070 코스모신소재
[INFO] 'chk_vobres_n_buy.py' 2026-06-02 11:53:54,263 : 하향추세 005490 POSCO홀딩스 < 5MA 10MA
[INFO] 'chk_vobres_n_buy.py' 2026-06-02 11:53:54,264 : 하향추세 006400 삼성SDI < 5MA 10MA
[INFO] 'chk_vobres_n_buy.py' 2026-06-02 11:53:54,264 : 하향추세 012450 한화에어로스페이스 < 5MA 10MA
[INFO] 'chk_vobres_n_buy.py' 2026-06-02 11:53:54,264 : 하향추세 042700 한미반도체 < 5MA 10MA
[INFO] 'chk_vobres_n_buy.py' 2026-06-02 11:53:54,265 : 하향추세 047810 한국항공우주 < 5MA 10MA
[INFO] 'chk_vobres_n_buy.py' 2026-06-02 11:53:54,265 : 하향추세 064350 현대로템 < 5MA 10MA
[INFO] 'chk_vobres_n_buy.py' 2026-06-02 11:53:54,265 : 하향추세 079550 LIG디펜스앤에어로스 < 5MA 10MA
[INFO] 'chk_vobres_n_buy.py' 2026-06-02 11:53:54,266 : 하향추세 086520 에코프로 < 5MA 10MA
[INFO] 'chk_vobres_n_buy.py' 2026-06-02 11:53:54,266 : 하향추세 096770 SK이노베이션 < 5MA 10MA
[INFO] 'chk_vobres_n_buy.py' 2026-06-02 11:53:54,266 : 하향추세 247540 에코프로비엠 < 5MA 10MA
[INFO] 'chk_vobres_n_buy.py' 2026-06-02 11:53:54,267 : 하향추세 272210 한화시스템 < 5MA 10MA
[DEBUG] 'chk_vobres_n_buy.py' 2026-06-02 11:53:54,267 : 조건검색 종목 수18
[DEBUG] 'chk_vobres_n_buy.py' 2026-06-02 11:53:55,284 : 조건검색 종목 수1
[INFO] 'chk_vobres_n_buy.py' 2026-06-02 11:53:56,300 : 하향추세 003670 포스코퓨처엠 < 5MA 10MA
[WARNING] 'chk_vobres_n_buy.py' 2026-06-02 11:53:56,301 :  Not found in last_ohlc.txt 005070 코스모신소재
[INFO] 'chk_vobres_n_buy.py' 2026-06-02 11:53:56,301 : 하향추세 005490 POSCO홀딩스 < 5MA 10MA
[INFO] 'chk_vobres_n_buy.py' 2026-06-02 11:53:56,302 : 하향추세 006400 삼성SDI < 5MA 10MA
[INFO] 'chk_vobres_n_buy.py' 2026-06-02 11:53:56,302 : 하향추세 012450 한화에어로스페이스 < 5MA 10MA
[INFO] 'chk_vobres_n_buy.py' 2026-06-02 11:53:56,302 : 하향추세 042700 한미반도체 < 5MA 10MA
[INFO] 'chk_vobres_n_buy.py' 2026-06-02 11:53:56,303 : 하향추세 047810 한국항공우주 < 5MA 10MA
[INFO] 'chk_vobres_n_buy.py' 2026-06-02 11:53:56,303 : 하향추세 064350 현대로템 < 5MA 10MA
[INFO] 'chk_vobres_n_buy.py' 2026-06-02 11:53:56,303 : 하향추세 079550 LIG디펜스앤에어로스 < 5MA 10MA
[INFO] 'chk_vobres_n_buy.py' 2026-06-02 11:53:56,304 : 하향추세 086520 에코프로 < 5MA 10MA
[INFO] 'chk_vobres_n_buy.py' 2026-06-02 11:53:56,304 : 하향추세 096770 SK이노베이션 < 5MA 10MA
[INFO] 'chk_vobres_n_buy.py' 2026-06-02 11:53:56,304 : 하향추세 247540 에코프로비엠 < 5MA 10MA
[INFO] 'chk_vobres_n_buy.py' 2026-06-02 11:53:56,305 : 하향추세 272210 한화시스템 < 5MA 10MA
[DEBUG] 'chk_vobres_n_buy.py' 2026-06-02 11:53:56,305 : 조건검색 종목 수18
[DEBUG] 'chk_vobres_n_buy.py' 2026-06-02 11:53:57,317 : 조건검색 종목 수1
[INFO] 'chk_vobres_n_buy.py' 2026-06-02 11:53:58,320 : 하향추세 003670 포스코퓨처엠 < 5MA 10MA
[WARNING] 'chk_vobres_n_buy.py' 2026-06-02 11:53:58,321 :  Not found in last_ohlc.txt 005070 코스모신소재
[INFO] 'chk_vobres_n_buy.py' 2026-06-02 11:53:58,321 : 하향추세 005490 POSCO홀딩스 < 5MA 10MA
[INFO] 'chk_vobres_n_buy.py' 2026-06-02 11:53:58,322 : 하향추세 006400 삼성SDI < 5MA 10MA
[INFO] 'chk_vobres_n_buy.py' 2026-06-02 11:53:58,322 : 하향추세 012450 한화에어로스페이스 < 5MA 10MA
[INFO] 'chk_vobres_n_buy.py' 2026-06-02 11:53:58,322 : 하향추세 042700 한미반도체 < 5MA 10MA
[INFO] 'chk_vobres_n_buy.py' 2026-06-02 11:53:58,323 : 하향추세 047810 한국항공우주 < 5MA 10MA
[INFO] 'chk_vobres_n_buy.py' 2026-06-02 11:53:58,323 : 하향추세 064350 현대로템 < 5MA 10MA
[INFO] 'chk_vobres_n_buy.py' 2026-06-02 11:53:58,323 : 하향추세 079550 LIG디펜스앤에어로스 < 5MA 10MA
[INFO] 'chk_vobres_n_buy.py' 2026-06-02 11:53:58,324 : 하향추세 086520 에코프로 < 5MA 10MA
[INFO] 'chk_vobres_n_buy.py' 2026-06-02 11:53:58,324 : 하향추세 096770 SK이노베이션 < 5MA 10MA
[INFO] 'chk_vobres_n_buy.py' 2026-06-02 11:53:58,324 : 하향추세 247540 에코프로비엠 < 5MA 10MA
[INFO] 'chk_vobres_n_buy.py' 2026-06-02 11:53:58,324 : 하향추세 272210 한화시스템 < 5MA 10MA
[DEBUG] 'chk_vobres_n_buy.py' 2026-06-02 11:53:58,325 : 조건검색 종목 수18
[DEBUG] 'chk_vobres_n_buy.py' 2026-06-02 11:53:59,336 : 조건검색 종목 수1
[INFO] 'chk_vobres_n_buy.py' 2026-06-02 11:54:00,343 : 하향추세 003670 포스코퓨처엠 < 5MA 10MA
[WARNING] 'chk_vobres_n_buy.py' 2026-06-02 11:54:00,343 :  Not found in last_ohlc.txt 005070 코스모신소재
[INFO] 'chk_vobres_n_buy.py' 2026-06-02 11:54:00,344 : 하향추세 005490 POSCO홀딩스 < 5MA 10MA
[INFO] 'chk_vobres_n_buy.py' 2026-06-02 11:54:00,344 : 하향추세 006400 삼성SDI < 5MA 10MA
[INFO] 'chk_vobres_n_buy.py' 2026-06-02 11:54:00,345 : 하향추세 012450 한화에어로스페이스 < 5MA 10MA
[INFO] 'chk_vobres_n_buy.py' 2026-06-02 11:54:00,345 : 하향추세 042700 한미반도체 < 5MA 10MA
[INFO] 'chk_vobres_n_buy.py' 2026-06-02 11:54:00,345 : 하향추세 047810 한국항공우주 < 5MA 10MA
[INFO] 'chk_vobres_n_buy.py' 2026-06-02 11:54:00,345 : 하향추세 064350 현대로템 < 5MA 10MA
[INFO] 'chk_vobres_n_buy.py' 2026-06-02 11:54:00,346 : 하향추세 079550 LIG디펜스앤에어로스 < 5MA 10MA
[INFO] 'chk_vobres_n_buy.py' 2026-06-02 11:54:00,346 : 하향추세 086520 에코프로 < 5MA 10MA
[INFO] 'chk_vobres_n_buy.py' 2026-06-02 11:54:00,346 : 하향추세 096770 SK이노베이션 < 5MA 10MA
[INFO] 'chk_vobres_n_buy.py' 2026-06-02 11:54:00,347 : 하향추세 247540 에코프로비엠 < 5MA 10MA
[INFO] 'chk_vobres_n_buy.py' 2026-06-02 11:54:00,347 : 하향추세 272210 한화시스템 < 5MA 10MA
[DEBUG] 'chk_vobres_n_buy.py' 2026-06-02 11:54:00,347 : 조건검색 종목 수18
[DEBUG] 'chk_vobres_n_buy.py' 2026-06-02 11:54:01,366 : 조건검색 종목 수1
[INFO] 'chk_vobres_n_buy.py' 2026-06-02 11:54:02,382 : 하향추세 003670 포스코퓨처엠 < 5MA 10MA
[WARNING] 'chk_vobres_n_buy.py' 2026-06-02 11:54:02,383 :  Not found in last_ohlc.txt 005070 코스모신소재
[INFO] 'chk_vobres_n_buy.py' 2026-06-02 11:54:02,384 : 하향추세 005490 POSCO홀딩스 < 5MA 10MA
[INFO] 'chk_vobres_n_buy.py' 2026-06-02 11:54:02,384 : 하향추세 006400 삼성SDI < 5MA 10MA
[INFO] 'chk_vobres_n_buy.py' 2026-06-02 11:54:02,384 : 하향추세 012450 한화에어로스페이스 < 5MA 10MA
[INFO] 'chk_vobres_n_buy.py' 2026-06-02 11:54:02,385 : 하향추세 042700 한미반도체 < 5MA 10MA
[INFO] 'chk_vobres_n_buy.py' 2026-06-02 11:54:02,385 : 하향추세 047810 한국항공우주 < 5MA 10MA
[INFO] 'chk_vobres_n_buy.py' 2026-06-02 11:54:02,385 : 하향추세 064350 현대로템 < 5MA 10MA
[INFO] 'chk_vobres_n_buy.py' 2026-06-02 11:54:02,386 : 하향추세 079550 LIG디펜스앤에어로스 < 5MA 10MA
[INFO] 'chk_vobres_n_buy.py' 2026-06-02 11:54:02,386 : 하향추세 086520 에코프로 < 5MA 10MA
[INFO] 'chk_vobres_n_buy.py' 2026-06-02 11:54:02,386 : 하향추세 096770 SK이노베이션 < 5MA 10MA
[INFO] 'chk_vobres_n_buy.py' 2026-06-02 11:54:02,386 : 하향추세 247540 에코프로비엠 < 5MA 10MA
[INFO] 'chk_vobres_n_buy.py' 2026-06-02 11:54:02,387 : 하향추세 272210 한화시스템 < 5MA 10MA
[DEBUG] 'chk_vobres_n_buy.py' 2026-06-02 11:54:02,387 : 조건검색 종목 수18
[DEBUG] 'chk_vobres_n_buy.py' 2026-06-02 11:54:03,399 : 조건검색 종목 수2
[INFO] 'chk_vobres_n_buy.py' 2026-06-02 11:54:04,414 : 하향추세 003670 포스코퓨처엠 < 5MA 10MA
[WARNING] 'chk_vobres_n_buy.py' 2026-06-02 11:54:04,414 :  Not found in last_ohlc.txt 005070 코스모신소재
[INFO] 'chk_vobres_n_buy.py' 2026-06-02 11:54:04,414 : 하향추세 005490 POSCO홀딩스 < 5MA 10MA
[INFO] 'chk_vobres_n_buy.py' 2026-06-02 11:54:04,414 : 하향추세 006400 삼성SDI < 5MA 10MA
[INFO] 'chk_vobres_n_buy.py' 2026-06-02 11:54:04,414 : 하향추세 012450 한화에어로스페이스 < 5MA 10MA
[INFO] 'chk_vobres_n_buy.py' 2026-06-02 11:54:04,415 : 하향추세 042700 한미반도체 < 5MA 10MA
[INFO] 'chk_vobres_n_buy.py' 2026-06-02 11:54:04,415 : 하향추세 047810 한국항공우주 < 5MA 10MA
[INFO] 'chk_vobres_n_buy.py' 2026-06-02 11:54:04,415 : 하향추세 064350 현대로템 < 5MA 10MA
[INFO] 'chk_vobres_n_buy.py' 2026-06-02 11:54:04,415 : 하향추세 079550 LIG디펜스앤에어로스 < 5MA 10MA
[INFO] 'chk_vobres_n_buy.py' 2026-06-02 11:54:04,415 : 하향추세 086520 에코프로 < 5MA 10MA
[INFO] 'chk_vobres_n_buy.py' 2026-06-02 11:54:04,415 : 하향추세 096770 SK이노베이션 < 5MA 10MA
[INFO] 'chk_vobres_n_buy.py' 2026-06-02 11:54:04,415 : 하향추세 247540 에코프로비엠 < 5MA 10MA
[INFO] 'chk_vobres_n_buy.py' 2026-06-02 11:54:04,415 : 하향추세 272210 한화시스템 < 5MA 10MA
[DEBUG] 'chk_vobres_n_buy.py' 2026-06-02 11:54:04,415 : 조건검색 종목 수18
[DEBUG] 'chk_vobres_n_buy.py' 2026-06-02 11:54:05,432 : 조건검색 종목 수2
[INFO] 'chk_vobres_n_buy.py' 2026-06-02 11:54:06,451 : 하향추세 003670 포스코퓨처엠 < 5MA 10MA
[WARNING] 'chk_vobres_n_buy.py' 2026-06-02 11:54:06,451 :  Not found in last_ohlc.txt 005070 코스모신소재
[INFO] 'chk_vobres_n_buy.py' 2026-06-02 11:54:06,452 : 하향추세 005490 POSCO홀딩스 < 5MA 10MA
[INFO] 'chk_vobres_n_buy.py' 2026-06-02 11:54:06,452 : 하향추세 006400 삼성SDI < 5MA 10MA
[INFO] 'chk_vobres_n_buy.py' 2026-06-02 11:54:06,452 : 하향추세 012450 한화에어로스페이스 < 5MA 10MA
[INFO] 'chk_vobres_n_buy.py' 2026-06-02 11:54:06,453 : 하향추세 042700 한미반도체 < 5MA 10MA
[INFO] 'chk_vobres_n_buy.py' 2026-06-02 11:54:06,453 : 하향추세 047810 한국항공우주 < 5MA 10MA
[INFO] 'chk_vobres_n_buy.py' 2026-06-02 11:54:06,454 : 하향추세 064350 현대로템 < 5MA 10MA
[INFO] 'chk_vobres_n_buy.py' 2026-06-02 11:54:06,454 : 하향추세 079550 LIG디펜스앤에어로스 < 5MA 10MA
[INFO] 'chk_vobres_n_buy.py' 2026-06-02 11:54:06,454 : 하향추세 086520 에코프로 < 5MA 10MA
[INFO] 'chk_vobres_n_buy.py' 2026-06-02 11:54:06,455 : 하향추세 096770 SK이노베이션 < 5MA 10MA
[INFO] 'chk_vobres_n_buy.py' 2026-06-02 11:54:06,455 : 하향추세 247540 에코프로비엠 < 5MA 10MA
[INFO] 'chk_vobres_n_buy.py' 2026-06-02 11:54:06,455 : 하향추세 272210 한화시스템 < 5MA 10MA
[DEBUG] 'chk_vobres_n_buy.py' 2026-06-02 11:54:06,456 : 조건검색 종목 수18
[DEBUG] 'chk_vobres_n_buy.py' 2026-06-02 11:54:07,472 : 조건검색 종목 수2
[INFO] 'chk_vobres_n_buy.py' 2026-06-02 11:54:08,478 : 하향추세 003670 포스코퓨처엠 < 5MA 10MA
[WARNING] 'chk_vobres_n_buy.py' 2026-06-02 11:54:08,478 :  Not found in last_ohlc.txt 005070 코스모신소재
[INFO] 'chk_vobres_n_buy.py' 2026-06-02 11:54:08,479 : 하향추세 005490 POSCO홀딩스 < 5MA 10MA
[INFO] 'chk_vobres_n_buy.py' 2026-06-02 11:54:08,479 : 하향추세 006400 삼성SDI < 5MA 10MA
[INFO] 'chk_vobres_n_buy.py' 2026-06-02 11:54:08,480 : 하향추세 012450 한화에어로스페이스 < 5MA 10MA
[INFO] 'chk_vobres_n_buy.py' 2026-06-02 11:54:08,480 : 하향추세 042700 한미반도체 < 5MA 10MA
[INFO] 'chk_vobres_n_buy.py' 2026-06-02 11:54:08,480 : 하향추세 047810 한국항공우주 < 5MA 10MA
[INFO] 'chk_vobres_n_buy.py' 2026-06-02 11:54:08,481 : 하향추세 064350 현대로템 < 5MA 10MA
[INFO] 'chk_vobres_n_buy.py' 2026-06-02 11:54:08,481 : 하향추세 079550 LIG디펜스앤에어로스 < 5MA 10MA
[INFO] 'chk_vobres_n_buy.py' 2026-06-02 11:54:08,481 : 하향추세 086520 에코프로 < 5MA 10MA
[INFO] 'chk_vobres_n_buy.py' 2026-06-02 11:54:08,482 : 하향추세 096770 SK이노베이션 < 5MA 10MA
[INFO] 'chk_vobres_n_buy.py' 2026-06-02 11:54:08,482 : 하향추세 247540 에코프로비엠 < 5MA 10MA
[INFO] 'chk_vobres_n_buy.py' 2026-06-02 11:54:08,482 : 하향추세 272210 한화시스템 < 5MA 10MA
[DEBUG] 'chk_vobres_n_buy.py' 2026-06-02 11:54:08,483 : 조건검색 종목 수18
[DEBUG] 'chk_vobres_n_buy.py' 2026-06-02 11:54:09,488 : 조건검색 종목 수2
[INFO] 'chk_vobres_n_buy.py' 2026-06-02 11:54:10,505 : 하향추세 003670 포스코퓨처엠 < 5MA 10MA
[WARNING] 'chk_vobres_n_buy.py' 2026-06-02 11:54:10,505 :  Not found in last_ohlc.txt 005070 코스모신소재
[INFO] 'chk_vobres_n_buy.py' 2026-06-02 11:54:10,506 : 하향추세 005490 POSCO홀딩스 < 5MA 10MA
[INFO] 'chk_vobres_n_buy.py' 2026-06-02 11:54:10,506 : 하향추세 006400 삼성SDI < 5MA 10MA
[INFO] 'chk_vobres_n_buy.py' 2026-06-02 11:54:10,507 : 하향추세 012450 한화에어로스페이스 < 5MA 10MA
[INFO] 'chk_vobres_n_buy.py' 2026-06-02 11:54:10,507 : 하향추세 042700 한미반도체 < 5MA 10MA
[INFO] 'chk_vobres_n_buy.py' 2026-06-02 11:54:10,507 : 하향추세 047810 한국항공우주 < 5MA 10MA
[INFO] 'chk_vobres_n_buy.py' 2026-06-02 11:54:10,508 : 하향추세 064350 현대로템 < 5MA 10MA
[INFO] 'chk_vobres_n_buy.py' 2026-06-02 11:54:10,508 : 하향추세 079550 LIG디펜스앤에어로스 < 5MA 10MA
[INFO] 'chk_vobres_n_buy.py' 2026-06-02 11:54:10,508 : 하향추세 086520 에코프로 < 5MA 10MA
[INFO] 'chk_vobres_n_buy.py' 2026-06-02 11:54:10,509 : 하향추세 096770 SK이노베이션 < 5MA 10MA
[INFO] 'chk_vobres_n_buy.py' 2026-06-02 11:54:10,509 : 하향추세 247540 에코프로비엠 < 5MA 10MA
[INFO] 'chk_vobres_n_buy.py' 2026-06-02 11:54:10,509 : 하향추세 272210 한화시스템 < 5MA 10MA
[DEBUG] 'chk_vobres_n_buy.py' 2026-06-02 11:54:10,510 : 조건검색 종목 수18
[DEBUG] 'chk_vobres_n_buy.py' 2026-06-02 11:54:11,526 : 조건검색 종목 수3
[INFO] 'chk_vobres_n_buy.py' 2026-06-02 11:54:12,542 : 하향추세 003670 포스코퓨처엠 < 5MA 10MA
[WARNING] 'chk_vobres_n_buy.py' 2026-06-02 11:54:12,542 :  Not found in last_ohlc.txt 005070 코스모신소재
[INFO] 'chk_vobres_n_buy.py' 2026-06-02 11:54:12,542 : 하향추세 005490 POSCO홀딩스 < 5MA 10MA
[INFO] 'chk_vobres_n_buy.py' 2026-06-02 11:54:12,542 : 하향추세 006400 삼성SDI < 5MA 10MA
[INFO] 'chk_vobres_n_buy.py' 2026-06-02 11:54:12,543 : 하향추세 012450 한화에어로스페이스 < 5MA 10MA
[INFO] 'chk_vobres_n_buy.py' 2026-06-02 11:54:12,543 : 하향추세 042700 한미반도체 < 5MA 10MA
[INFO] 'chk_vobres_n_buy.py' 2026-06-02 11:54:12,543 : 하향추세 047810 한국항공우주 < 5MA 10MA
[INFO] 'chk_vobres_n_buy.py' 2026-06-02 11:54:12,543 : 하향추세 064350 현대로템 < 5MA 10MA
[INFO] 'chk_vobres_n_buy.py' 2026-06-02 11:54:12,543 : 하향추세 079550 LIG디펜스앤에어로스 < 5MA 10MA
[INFO] 'chk_vobres_n_buy.py' 2026-06-02 11:54:12,543 : 하향추세 086520 에코프로 < 5MA 10MA
[INFO] 'chk_vobres_n_buy.py' 2026-06-02 11:54:12,543 : 하향추세 096770 SK이노베이션 < 5MA 10MA
[INFO] 'chk_vobres_n_buy.py' 2026-06-02 11:54:12,544 : 하향추세 247540 에코프로비엠 < 5MA 10MA
[INFO] 'chk_vobres_n_buy.py' 2026-06-02 11:54:12,544 : 하향추세 272210 한화시스템 < 5MA 10MA
[DEBUG] 'chk_vobres_n_buy.py' 2026-06-02 11:54:12,544 : 조건검색 종목 수18
[DEBUG] 'chk_vobres_n_buy.py' 2026-06-02 11:54:13,551 : 조건검색 종목 수2
[INFO] 'chk_vobres_n_buy.py' 2026-06-02 11:54:14,559 : 하향추세 003670 포스코퓨처엠 < 5MA 10MA
[WARNING] 'chk_vobres_n_buy.py' 2026-06-02 11:54:14,560 :  Not found in last_ohlc.txt 005070 코스모신소재
[INFO] 'chk_vobres_n_buy.py' 2026-06-02 11:54:14,560 : 하향추세 005490 POSCO홀딩스 < 5MA 10MA
[INFO] 'chk_vobres_n_buy.py' 2026-06-02 11:54:14,560 : 하향추세 006400 삼성SDI < 5MA 10MA
[INFO] 'chk_vobres_n_buy.py' 2026-06-02 11:54:14,560 : 하향추세 012450 한화에어로스페이스 < 5MA 10MA
[INFO] 'chk_vobres_n_buy.py' 2026-06-02 11:54:14,560 : 하향추세 042700 한미반도체 < 5MA 10MA
[INFO] 'chk_vobres_n_buy.py' 2026-06-02 11:54:14,560 : 하향추세 047810 한국항공우주 < 5MA 10MA
[INFO] 'chk_vobres_n_buy.py' 2026-06-02 11:54:14,560 : 하향추세 064350 현대로템 < 5MA 10MA
[INFO] 'chk_vobres_n_buy.py' 2026-06-02 11:54:14,560 : 하향추세 079550 LIG디펜스앤에어로스 < 5MA 10MA
[INFO] 'chk_vobres_n_buy.py' 2026-06-02 11:54:14,560 : 하향추세 086520 에코프로 < 5MA 10MA
[INFO] 'chk_vobres_n_buy.py' 2026-06-02 11:54:14,560 : 하향추세 096770 SK이노베이션 < 5MA 10MA
[INFO] 'chk_vobres_n_buy.py' 2026-06-02 11:54:14,560 : 하향추세 247540 에코프로비엠 < 5MA 10MA
[INFO] 'chk_vobres_n_buy.py' 2026-06-02 11:54:14,560 : 하향추세 272210 한화시스템 < 5MA 10MA
[DEBUG] 'chk_vobres_n_buy.py' 2026-06-02 11:54:14,561 : 조건검색 종목 수18
[DEBUG] 'chk_vobres_n_buy.py' 2026-06-02 11:54:15,569 : 조건검색 종목 수2
[INFO] 'chk_vobres_n_buy.py' 2026-06-02 11:54:16,586 : 하향추세 003670 포스코퓨처엠 < 5MA 10MA
[WARNING] 'chk_vobres_n_buy.py' 2026-06-02 11:54:16,586 :  Not found in last_ohlc.txt 005070 코스모신소재
[INFO] 'chk_vobres_n_buy.py' 2026-06-02 11:54:16,587 : 하향추세 005490 POSCO홀딩스 < 5MA 10MA
[INFO] 'chk_vobres_n_buy.py' 2026-06-02 11:54:16,587 : 하향추세 006400 삼성SDI < 5MA 10MA
[INFO] 'chk_vobres_n_buy.py' 2026-06-02 11:54:16,588 : 하향추세 012450 한화에어로스페이스 < 5MA 10MA
[INFO] 'chk_vobres_n_buy.py' 2026-06-02 11:54:16,588 : 하향추세 042700 한미반도체 < 5MA 10MA
[INFO] 'chk_vobres_n_buy.py' 2026-06-02 11:54:16,588 : 하향추세 047810 한국항공우주 < 5MA 10MA
[INFO] 'chk_vobres_n_buy.py' 2026-06-02 11:54:16,589 : 하향추세 064350 현대로템 < 5MA 10MA
[INFO] 'chk_vobres_n_buy.py' 2026-06-02 11:54:16,589 : 하향추세 079550 LIG디펜스앤에어로스 < 5MA 10MA
[INFO] 'chk_vobres_n_buy.py' 2026-06-02 11:54:16,589 : 하향추세 086520 에코프로 < 5MA 10MA
[INFO] 'chk_vobres_n_buy.py' 2026-06-02 11:54:16,590 : 하향추세 096770 SK이노베이션 < 5MA 10MA
[INFO] 'chk_vobres_n_buy.py' 2026-06-02 11:54:16,590 : 하향추세 247540 에코프로비엠 < 5MA 10MA
[INFO] 'chk_vobres_n_buy.py' 2026-06-02 11:54:16,590 : 하향추세 272210 한화시스템 < 5MA 10MA
[DEBUG] 'chk_vobres_n_buy.py' 2026-06-02 11:54:16,591 : 조건검색 종목 수18
[DEBUG] 'chk_vobres_n_buy.py' 2026-06-02 11:54:17,598 : 조건검색 종목 수2
[INFO] 'chk_vobres_n_buy.py' 2026-06-02 11:54:18,617 : 하향추세 003670 포스코퓨처엠 < 5MA 10MA
[WARNING] 'chk_vobres_n_buy.py' 2026-06-02 11:54:18,617 :  Not found in last_ohlc.txt 005070 코스모신소재
[INFO] 'chk_vobres_n_buy.py' 2026-06-02 11:54:18,618 : 하향추세 005490 POSCO홀딩스 < 5MA 10MA
[INFO] 'chk_vobres_n_buy.py' 2026-06-02 11:54:18,618 : 하향추세 006400 삼성SDI < 5MA 10MA
[INFO] 'chk_vobres_n_buy.py' 2026-06-02 11:54:18,618 : 하향추세 012450 한화에어로스페이스 < 5MA 10MA
[INFO] 'chk_vobres_n_buy.py' 2026-06-02 11:54:18,619 : 하향추세 042700 한미반도체 < 5MA 10MA
[INFO] 'chk_vobres_n_buy.py' 2026-06-02 11:54:18,619 : 하향추세 047810 한국항공우주 < 5MA 10MA
[INFO] 'chk_vobres_n_buy.py' 2026-06-02 11:54:18,619 : 하향추세 064350 현대로템 < 5MA 10MA
[INFO] 'chk_vobres_n_buy.py' 2026-06-02 11:54:18,620 : 하향추세 079550 LIG디펜스앤에어로스 < 5MA 10MA
[INFO] 'chk_vobres_n_buy.py' 2026-06-02 11:54:18,620 : 하향추세 086520 에코프로 < 5MA 10MA
[INFO] 'chk_vobres_n_buy.py' 2026-06-02 11:54:18,620 : 하향추세 096770 SK이노베이션 < 5MA 10MA
[INFO] 'chk_vobres_n_buy.py' 2026-06-02 11:54:18,621 : 하향추세 247540 에코프로비엠 < 5MA 10MA
[INFO] 'chk_vobres_n_buy.py' 2026-06-02 11:54:18,621 : 하향추세 272210 한화시스템 < 5MA 10MA
[DEBUG] 'chk_vobres_n_buy.py' 2026-06-02 11:54:18,621 : 조건검색 종목 수18
[DEBUG] 'chk_vobres_n_buy.py' 2026-06-02 11:54:19,636 : 조건검색 종목 수2
[INFO] 'chk_vobres_n_buy.py' 2026-06-02 11:54:20,642 : 하향추세 003670 포스코퓨처엠 < 5MA 10MA
[WARNING] 'chk_vobres_n_buy.py' 2026-06-02 11:54:20,642 :  Not found in last_ohlc.txt 005070 코스모신소재
[INFO] 'chk_vobres_n_buy.py' 2026-06-02 11:54:20,643 : 하향추세 005490 POSCO홀딩스 < 5MA 10MA
[INFO] 'chk_vobres_n_buy.py' 2026-06-02 11:54:20,643 : 하향추세 006400 삼성SDI < 5MA 10MA
[INFO] 'chk_vobres_n_buy.py' 2026-06-02 11:54:20,643 : 하향추세 012450 한화에어로스페이스 < 5MA 10MA
[INFO] 'chk_vobres_n_buy.py' 2026-06-02 11:54:20,644 : 하향추세 042700 한미반도체 < 5MA 10MA
[INFO] 'chk_vobres_n_buy.py' 2026-06-02 11:54:20,644 : 하향추세 047810 한국항공우주 < 5MA 10MA
[INFO] 'chk_vobres_n_buy.py' 2026-06-02 11:54:20,644 : 하향추세 064350 현대로템 < 5MA 10MA
[INFO] 'chk_vobres_n_buy.py' 2026-06-02 11:54:20,645 : 하향추세 079550 LIG디펜스앤에어로스 < 5MA 10MA
[INFO] 'chk_vobres_n_buy.py' 2026-06-02 11:54:20,645 : 하향추세 086520 에코프로 < 5MA 10MA
[INFO] 'chk_vobres_n_buy.py' 2026-06-02 11:54:20,645 : 하향추세 096770 SK이노베이션 < 5MA 10MA
[INFO] 'chk_vobres_n_buy.py' 2026-06-02 11:54:20,646 : 하향추세 247540 에코프로비엠 < 5MA 10MA
[INFO] 'chk_vobres_n_buy.py' 2026-06-02 11:54:20,646 : 하향추세 272210 한화시스템 < 5MA 10MA
[DEBUG] 'chk_vobres_n_buy.py' 2026-06-02 11:54:20,646 : 조건검색 종목 수18
[DEBUG] 'chk_vobres_n_buy.py' 2026-06-02 11:54:21,662 : 조건검색 종목 수2
[INFO] 'chk_vobres_n_buy.py' 2026-06-02 11:54:22,677 : 하향추세 003670 포스코퓨처엠 < 5MA 10MA
[WARNING] 'chk_vobres_n_buy.py' 2026-06-02 11:54:22,677 :  Not found in last_ohlc.txt 005070 코스모신소재
[INFO] 'chk_vobres_n_buy.py' 2026-06-02 11:54:22,677 : 하향추세 005490 POSCO홀딩스 < 5MA 10MA
[INFO] 'chk_vobres_n_buy.py' 2026-06-02 11:54:22,678 : 하향추세 006400 삼성SDI < 5MA 10MA
[INFO] 'chk_vobres_n_buy.py' 2026-06-02 11:54:22,678 : 하향추세 012450 한화에어로스페이스 < 5MA 10MA
[INFO] 'chk_vobres_n_buy.py' 2026-06-02 11:54:22,678 : 하향추세 042700 한미반도체 < 5MA 10MA
[INFO] 'chk_vobres_n_buy.py' 2026-06-02 11:54:22,678 : 하향추세 047810 한국항공우주 < 5MA 10MA
[INFO] 'chk_vobres_n_buy.py' 2026-06-02 11:54:22,678 : 하향추세 064350 현대로템 < 5MA 10MA
[INFO] 'chk_vobres_n_buy.py' 2026-06-02 11:54:22,679 : 하향추세 079550 LIG디펜스앤에어로스 < 5MA 10MA
[INFO] 'chk_vobres_n_buy.py' 2026-06-02 11:54:22,679 : 하향추세 086520 에코프로 < 5MA 10MA
[INFO] 'chk_vobres_n_buy.py' 2026-06-02 11:54:22,679 : 하향추세 096770 SK이노베이션 < 5MA 10MA
[INFO] 'chk_vobres_n_buy.py' 2026-06-02 11:54:22,679 : 하향추세 247540 에코프로비엠 < 5MA 10MA
[INFO] 'chk_vobres_n_buy.py' 2026-06-02 11:54:22,679 : 하향추세 272210 한화시스템 < 5MA 10MA
[DEBUG] 'chk_vobres_n_buy.py' 2026-06-02 11:54:22,679 : 조건검색 종목 수18
[DEBUG] 'chk_vobres_n_buy.py' 2026-06-02 11:54:23,695 : 조건검색 종목 수1
[INFO] 'chk_vobres_n_buy.py' 2026-06-02 11:54:24,699 : 하향추세 003670 포스코퓨처엠 < 5MA 10MA
[WARNING] 'chk_vobres_n_buy.py' 2026-06-02 11:54:24,699 :  Not found in last_ohlc.txt 005070 코스모신소재
[INFO] 'chk_vobres_n_buy.py' 2026-06-02 11:54:24,699 : 하향추세 005490 POSCO홀딩스 < 5MA 10MA
[INFO] 'chk_vobres_n_buy.py' 2026-06-02 11:54:24,700 : 하향추세 006400 삼성SDI < 5MA 10MA
[INFO] 'chk_vobres_n_buy.py' 2026-06-02 11:54:24,700 : 하향추세 012450 한화에어로스페이스 < 5MA 10MA
[INFO] 'chk_vobres_n_buy.py' 2026-06-02 11:54:24,700 : 하향추세 042700 한미반도체 < 5MA 10MA
[INFO] 'chk_vobres_n_buy.py' 2026-06-02 11:54:24,700 : 하향추세 047810 한국항공우주 < 5MA 10MA
[INFO] 'chk_vobres_n_buy.py' 2026-06-02 11:54:24,700 : 하향추세 064350 현대로템 < 5MA 10MA
[INFO] 'chk_vobres_n_buy.py' 2026-06-02 11:54:24,700 : 하향추세 079550 LIG디펜스앤에어로스 < 5MA 10MA
[INFO] 'chk_vobres_n_buy.py' 2026-06-02 11:54:24,700 : 하향추세 086520 에코프로 < 5MA 10MA
[INFO] 'chk_vobres_n_buy.py' 2026-06-02 11:54:24,700 : 하향추세 096770 SK이노베이션 < 5MA 10MA
[INFO] 'chk_vobres_n_buy.py' 2026-06-02 11:54:24,701 : 하향추세 247540 에코프로비엠 < 5MA 10MA
[INFO] 'chk_vobres_n_buy.py' 2026-06-02 11:54:24,701 : 하향추세 272210 한화시스템 < 5MA 10MA
[DEBUG] 'chk_vobres_n_buy.py' 2026-06-02 11:54:24,701 : 조건검색 종목 수18
[DEBUG] 'chk_vobres_n_buy.py' 2026-06-02 11:54:25,709 : 조건검색 종목 수1
[INFO] 'chk_vobres_n_buy.py' 2026-06-02 11:54:26,723 : 하향추세 003670 포스코퓨처엠 < 5MA 10MA
[WARNING] 'chk_vobres_n_buy.py' 2026-06-02 11:54:26,724 :  Not found in last_ohlc.txt 005070 코스모신소재
[INFO] 'chk_vobres_n_buy.py' 2026-06-02 11:54:26,724 : 하향추세 005490 POSCO홀딩스 < 5MA 10MA
[INFO] 'chk_vobres_n_buy.py' 2026-06-02 11:54:26,724 : 하향추세 006400 삼성SDI < 5MA 10MA
[INFO] 'chk_vobres_n_buy.py' 2026-06-02 11:54:26,724 : 하향추세 012450 한화에어로스페이스 < 5MA 10MA
[INFO] 'chk_vobres_n_buy.py' 2026-06-02 11:54:26,724 : 하향추세 042700 한미반도체 < 5MA 10MA
[INFO] 'chk_vobres_n_buy.py' 2026-06-02 11:54:26,724 : 하향추세 047810 한국항공우주 < 5MA 10MA
[INFO] 'chk_vobres_n_buy.py' 2026-06-02 11:54:26,724 : 하향추세 064350 현대로템 < 5MA 10MA
[INFO] 'chk_vobres_n_buy.py' 2026-06-02 11:54:26,724 : 하향추세 079550 LIG디펜스앤에어로스 < 5MA 10MA
[INFO] 'chk_vobres_n_buy.py' 2026-06-02 11:54:26,724 : 하향추세 086520 에코프로 < 5MA 10MA
[INFO] 'chk_vobres_n_buy.py' 2026-06-02 11:54:26,724 : 하향추세 096770 SK이노베이션 < 5MA 10MA
[INFO] 'chk_vobres_n_buy.py' 2026-06-02 11:54:26,724 : 하향추세 247540 에코프로비엠 < 5MA 10MA
[INFO] 'chk_vobres_n_buy.py' 2026-06-02 11:54:26,725 : 하향추세 272210 한화시스템 < 5MA 10MA
[DEBUG] 'chk_vobres_n_buy.py' 2026-06-02 11:54:26,725 : 조건검색 종목 수18
[DEBUG] 'chk_vobres_n_buy.py' 2026-06-02 11:54:27,734 : 조건검색 종목 수1
[INFO] 'chk_vobres_n_buy.py' 2026-06-02 11:54:28,751 : 하향추세 003670 포스코퓨처엠 < 5MA 10MA
[WARNING] 'chk_vobres_n_buy.py' 2026-06-02 11:54:28,752 :  Not found in last_ohlc.txt 005070 코스모신소재
[INFO] 'chk_vobres_n_buy.py' 2026-06-02 11:54:28,752 : 하향추세 005490 POSCO홀딩스 < 5MA 10MA
[INFO] 'chk_vobres_n_buy.py' 2026-06-02 11:54:28,752 : 하향추세 006400 삼성SDI < 5MA 10MA
[INFO] 'chk_vobres_n_buy.py' 2026-06-02 11:54:28,752 : 하향추세 012450 한화에어로스페이스 < 5MA 10MA
[INFO] 'chk_vobres_n_buy.py' 2026-06-02 11:54:28,753 : 하향추세 042700 한미반도체 < 5MA 10MA
[INFO] 'chk_vobres_n_buy.py' 2026-06-02 11:54:28,753 : 하향추세 047810 한국항공우주 < 5MA 10MA
[INFO] 'chk_vobres_n_buy.py' 2026-06-02 11:54:28,753 : 하향추세 064350 현대로템 < 5MA 10MA
[INFO] 'chk_vobres_n_buy.py' 2026-06-02 11:54:28,753 : 하향추세 079550 LIG디펜스앤에어로스 < 5MA 10MA
[INFO] 'chk_vobres_n_buy.py' 2026-06-02 11:54:28,753 : 하향추세 086520 에코프로 < 5MA 10MA
[INFO] 'chk_vobres_n_buy.py' 2026-06-02 11:54:28,753 : 하향추세 096770 SK이노베이션 < 5MA 10MA
[INFO] 'chk_vobres_n_buy.py' 2026-06-02 11:54:28,754 : 하향추세 247540 에코프로비엠 < 5MA 10MA
[INFO] 'chk_vobres_n_buy.py' 2026-06-02 11:54:28,754 : 하향추세 272210 한화시스템 < 5MA 10MA
[DEBUG] 'chk_vobres_n_buy.py' 2026-06-02 11:54:28,754 : 조건검색 종목 수18
[DEBUG] 'chk_vobres_n_buy.py' 2026-06-02 11:54:29,770 : 조건검색 종목 수1
[INFO] 'chk_vobres_n_buy.py' 2026-06-02 11:54:30,773 : 하향추세 003670 포스코퓨처엠 < 5MA 10MA
[WARNING] 'chk_vobres_n_buy.py' 2026-06-02 11:54:30,774 :  Not found in last_ohlc.txt 005070 코스모신소재
[INFO] 'chk_vobres_n_buy.py' 2026-06-02 11:54:30,774 : 하향추세 005490 POSCO홀딩스 < 5MA 10MA
[INFO] 'chk_vobres_n_buy.py' 2026-06-02 11:54:30,774 : 하향추세 006400 삼성SDI < 5MA 10MA
[INFO] 'chk_vobres_n_buy.py' 2026-06-02 11:54:30,774 : 하향추세 012450 한화에어로스페이스 < 5MA 10MA
[INFO] 'chk_vobres_n_buy.py' 2026-06-02 11:54:30,774 : 하향추세 042700 한미반도체 < 5MA 10MA
[INFO] 'chk_vobres_n_buy.py' 2026-06-02 11:54:30,774 : 하향추세 047810 한국항공우주 < 5MA 10MA
[INFO] 'chk_vobres_n_buy.py' 2026-06-02 11:54:30,774 : 하향추세 064350 현대로템 < 5MA 10MA
[INFO] 'chk_vobres_n_buy.py' 2026-06-02 11:54:30,774 : 하향추세 079550 LIG디펜스앤에어로스 < 5MA 10MA
[INFO] 'chk_vobres_n_buy.py' 2026-06-02 11:54:30,775 : 하향추세 086520 에코프로 < 5MA 10MA
[INFO] 'chk_vobres_n_buy.py' 2026-06-02 11:54:30,775 : 하향추세 096770 SK이노베이션 < 5MA 10MA
[INFO] 'chk_vobres_n_buy.py' 2026-06-02 11:54:30,775 : 하향추세 247540 에코프로비엠 < 5MA 10MA
[INFO] 'chk_vobres_n_buy.py' 2026-06-02 11:54:30,775 : 하향추세 272210 한화시스템 < 5MA 10MA
[DEBUG] 'chk_vobres_n_buy.py' 2026-06-02 11:54:30,775 : 조건검색 종목 수18
[DEBUG] 'chk_vobres_n_buy.py' 2026-06-02 11:54:31,779 : 조건검색 종목 수2
[INFO] 'chk_vobres_n_buy.py' 2026-06-02 11:54:32,799 : 하향추세 003670 포스코퓨처엠 < 5MA 10MA
[WARNING] 'chk_vobres_n_buy.py' 2026-06-02 11:54:32,800 :  Not found in last_ohlc.txt 005070 코스모신소재
[INFO] 'chk_vobres_n_buy.py' 2026-06-02 11:54:32,800 : 하향추세 005490 POSCO홀딩스 < 5MA 10MA
[INFO] 'chk_vobres_n_buy.py' 2026-06-02 11:54:32,801 : 하향추세 006400 삼성SDI < 5MA 10MA
[INFO] 'chk_vobres_n_buy.py' 2026-06-02 11:54:32,801 : 하향추세 012450 한화에어로스페이스 < 5MA 10MA
[INFO] 'chk_vobres_n_buy.py' 2026-06-02 11:54:32,801 : 하향추세 042700 한미반도체 < 5MA 10MA
[INFO] 'chk_vobres_n_buy.py' 2026-06-02 11:54:32,802 : 하향추세 047810 한국항공우주 < 5MA 10MA
[INFO] 'chk_vobres_n_buy.py' 2026-06-02 11:54:32,802 : 하향추세 064350 현대로템 < 5MA 10MA
[INFO] 'chk_vobres_n_buy.py' 2026-06-02 11:54:32,802 : 하향추세 079550 LIG디펜스앤에어로스 < 5MA 10MA
[INFO] 'chk_vobres_n_buy.py' 2026-06-02 11:54:32,803 : 하향추세 086520 에코프로 < 5MA 10MA
[INFO] 'chk_vobres_n_buy.py' 2026-06-02 11:54:32,803 : 하향추세 096770 SK이노베이션 < 5MA 10MA
[INFO] 'chk_vobres_n_buy.py' 2026-06-02 11:54:32,803 : 하향추세 247540 에코프로비엠 < 5MA 10MA
[INFO] 'chk_vobres_n_buy.py' 2026-06-02 11:54:32,803 : 하향추세 272210 한화시스템 < 5MA 10MA
[DEBUG] 'chk_vobres_n_buy.py' 2026-06-02 11:54:32,804 : 조건검색 종목 수18
[DEBUG] 'chk_vobres_n_buy.py' 2026-06-02 11:54:33,818 : 조건검색 종목 수1
[INFO] 'chk_vobres_n_buy.py' 2026-06-02 11:54:34,830 : 하향추세 003670 포스코퓨처엠 < 5MA 10MA
[WARNING] 'chk_vobres_n_buy.py' 2026-06-02 11:54:34,830 :  Not found in last_ohlc.txt 005070 코스모신소재
[INFO] 'chk_vobres_n_buy.py' 2026-06-02 11:54:34,830 : 하향추세 005490 POSCO홀딩스 < 5MA 10MA
[INFO] 'chk_vobres_n_buy.py' 2026-06-02 11:54:34,830 : 하향추세 006400 삼성SDI < 5MA 10MA
[INFO] 'chk_vobres_n_buy.py' 2026-06-02 11:54:34,830 : 하향추세 012450 한화에어로스페이스 < 5MA 10MA
[INFO] 'chk_vobres_n_buy.py' 2026-06-02 11:54:34,831 : 하향추세 042700 한미반도체 < 5MA 10MA
[INFO] 'chk_vobres_n_buy.py' 2026-06-02 11:54:34,831 : 하향추세 047810 한국항공우주 < 5MA 10MA
[INFO] 'chk_vobres_n_buy.py' 2026-06-02 11:54:34,831 : 하향추세 064350 현대로템 < 5MA 10MA
[INFO] 'chk_vobres_n_buy.py' 2026-06-02 11:54:34,831 : 하향추세 079550 LIG디펜스앤에어로스 < 5MA 10MA
[INFO] 'chk_vobres_n_buy.py' 2026-06-02 11:54:34,831 : 하향추세 086520 에코프로 < 5MA 10MA
[INFO] 'chk_vobres_n_buy.py' 2026-06-02 11:54:34,831 : 하향추세 096770 SK이노베이션 < 5MA 10MA
[INFO] 'chk_vobres_n_buy.py' 2026-06-02 11:54:34,831 : 하향추세 247540 에코프로비엠 < 5MA 10MA
[INFO] 'chk_vobres_n_buy.py' 2026-06-02 11:54:34,831 : 하향추세 272210 한화시스템 < 5MA 10MA
[DEBUG] 'chk_vobres_n_buy.py' 2026-06-02 11:54:34,832 : 조건검색 종목 수18
[DEBUG] 'chk_vobres_n_buy.py' 2026-06-02 11:54:35,847 : 조건검색 종목 수1
[INFO] 'chk_vobres_n_buy.py' 2026-06-02 11:54:36,860 : 하향추세 003670 포스코퓨처엠 < 5MA 10MA
[WARNING] 'chk_vobres_n_buy.py' 2026-06-02 11:54:36,861 :  Not found in last_ohlc.txt 005070 코스모신소재
[INFO] 'chk_vobres_n_buy.py' 2026-06-02 11:54:36,861 : 하향추세 005490 POSCO홀딩스 < 5MA 10MA
[INFO] 'chk_vobres_n_buy.py' 2026-06-02 11:54:36,861 : 하향추세 006400 삼성SDI < 5MA 10MA
[INFO] 'chk_vobres_n_buy.py' 2026-06-02 11:54:36,862 : 하향추세 012450 한화에어로스페이스 < 5MA 10MA
[INFO] 'chk_vobres_n_buy.py' 2026-06-02 11:54:36,862 : 하향추세 042700 한미반도체 < 5MA 10MA
[INFO] 'chk_vobres_n_buy.py' 2026-06-02 11:54:36,862 : 하향추세 047810 한국항공우주 < 5MA 10MA
[INFO] 'chk_vobres_n_buy.py' 2026-06-02 11:54:36,863 : 하향추세 064350 현대로템 < 5MA 10MA
[INFO] 'chk_vobres_n_buy.py' 2026-06-02 11:54:36,863 : 하향추세 079550 LIG디펜스앤에어로스 < 5MA 10MA
[INFO] 'chk_vobres_n_buy.py' 2026-06-02 11:54:36,864 : 하향추세 086520 에코프로 < 5MA 10MA
[INFO] 'chk_vobres_n_buy.py' 2026-06-02 11:54:36,864 : 하향추세 096770 SK이노베이션 < 5MA 10MA
[INFO] 'chk_vobres_n_buy.py' 2026-06-02 11:54:36,864 : 하향추세 247540 에코프로비엠 < 5MA 10MA
[INFO] 'chk_vobres_n_buy.py' 2026-06-02 11:54:36,865 : 하향추세 272210 한화시스템 < 5MA 10MA
[DEBUG] 'chk_vobres_n_buy.py' 2026-06-02 11:54:36,865 : 조건검색 종목 수18
[DEBUG] 'chk_vobres_n_buy.py' 2026-06-02 11:54:37,870 : 조건검색 종목 수1
[INFO] 'chk_vobres_n_buy.py' 2026-06-02 11:54:38,875 : 하향추세 003670 포스코퓨처엠 < 5MA 10MA
[WARNING] 'chk_vobres_n_buy.py' 2026-06-02 11:54:38,875 :  Not found in last_ohlc.txt 005070 코스모신소재
[INFO] 'chk_vobres_n_buy.py' 2026-06-02 11:54:38,875 : 하향추세 005490 POSCO홀딩스 < 5MA 10MA
[INFO] 'chk_vobres_n_buy.py' 2026-06-02 11:54:38,875 : 하향추세 006400 삼성SDI < 5MA 10MA
[INFO] 'chk_vobres_n_buy.py' 2026-06-02 11:54:38,875 : 하향추세 012450 한화에어로스페이스 < 5MA 10MA
[INFO] 'chk_vobres_n_buy.py' 2026-06-02 11:54:38,875 : 하향추세 042700 한미반도체 < 5MA 10MA
[INFO] 'chk_vobres_n_buy.py' 2026-06-02 11:54:38,875 : 하향추세 047810 한국항공우주 < 5MA 10MA
[INFO] 'chk_vobres_n_buy.py' 2026-06-02 11:54:38,876 : 하향추세 064350 현대로템 < 5MA 10MA
[INFO] 'chk_vobres_n_buy.py' 2026-06-02 11:54:38,876 : 하향추세 079550 LIG디펜스앤에어로스 < 5MA 10MA
[INFO] 'chk_vobres_n_buy.py' 2026-06-02 11:54:38,876 : 하향추세 086520 에코프로 < 5MA 10MA
[INFO] 'chk_vobres_n_buy.py' 2026-06-02 11:54:38,876 : 하향추세 096770 SK이노베이션 < 5MA 10MA
[INFO] 'chk_vobres_n_buy.py' 2026-06-02 11:54:38,876 : 하향추세 247540 에코프로비엠 < 5MA 10MA
[INFO] 'chk_vobres_n_buy.py' 2026-06-02 11:54:38,876 : 하향추세 272210 한화시스템 < 5MA 10MA
[DEBUG] 'chk_vobres_n_buy.py' 2026-06-02 11:54:38,876 : 조건검색 종목 수18
[DEBUG] 'chk_vobres_n_buy.py' 2026-06-02 11:54:39,882 : 조건검색 종목 수1
[INFO] 'chk_vobres_n_buy.py' 2026-06-02 11:54:40,904 : 하향추세 003670 포스코퓨처엠 < 5MA 10MA
[WARNING] 'chk_vobres_n_buy.py' 2026-06-02 11:54:40,906 :  Not found in last_ohlc.txt 005070 코스모신소재
[INFO] 'chk_vobres_n_buy.py' 2026-06-02 11:54:40,906 : 하향추세 005490 POSCO홀딩스 < 5MA 10MA
[INFO] 'chk_vobres_n_buy.py' 2026-06-02 11:54:40,910 : 하향추세 006400 삼성SDI < 5MA 10MA
[INFO] 'chk_vobres_n_buy.py' 2026-06-02 11:54:40,910 : 하향추세 012450 한화에어로스페이스 < 5MA 10MA
[INFO] 'chk_vobres_n_buy.py' 2026-06-02 11:54:40,910 : 하향추세 042700 한미반도체 < 5MA 10MA
[INFO] 'chk_vobres_n_buy.py' 2026-06-02 11:54:40,910 : 하향추세 047810 한국항공우주 < 5MA 10MA
[INFO] 'chk_vobres_n_buy.py' 2026-06-02 11:54:40,910 : 하향추세 064350 현대로템 < 5MA 10MA
[INFO] 'chk_vobres_n_buy.py' 2026-06-02 11:54:40,910 : 하향추세 079550 LIG디펜스앤에어로스 < 5MA 10MA
[INFO] 'chk_vobres_n_buy.py' 2026-06-02 11:54:40,911 : 하향추세 086520 에코프로 < 5MA 10MA
[INFO] 'chk_vobres_n_buy.py' 2026-06-02 11:54:40,911 : 하향추세 096770 SK이노베이션 < 5MA 10MA
[INFO] 'chk_vobres_n_buy.py' 2026-06-02 11:54:40,911 : 하향추세 247540 에코프로비엠 < 5MA 10MA
[INFO] 'chk_vobres_n_buy.py' 2026-06-02 11:54:40,911 : 하향추세 272210 한화시스템 < 5MA 10MA
[DEBUG] 'chk_vobres_n_buy.py' 2026-06-02 11:54:40,911 : 조건검색 종목 수18
[DEBUG] 'chk_vobres_n_buy.py' 2026-06-02 11:54:41,918 : 조건검색 종목 수2
[INFO] 'chk_vobres_n_buy.py' 2026-06-02 11:54:42,927 : 하향추세 003670 포스코퓨처엠 < 5MA 10MA
[WARNING] 'chk_vobres_n_buy.py' 2026-06-02 11:54:42,928 :  Not found in last_ohlc.txt 005070 코스모신소재
[INFO] 'chk_vobres_n_buy.py' 2026-06-02 11:54:42,928 : 하향추세 005490 POSCO홀딩스 < 5MA 10MA
[INFO] 'chk_vobres_n_buy.py' 2026-06-02 11:54:42,928 : 하향추세 006400 삼성SDI < 5MA 10MA
[INFO] 'chk_vobres_n_buy.py' 2026-06-02 11:54:42,929 : 하향추세 012450 한화에어로스페이스 < 5MA 10MA
[INFO] 'chk_vobres_n_buy.py' 2026-06-02 11:54:42,929 : 하향추세 042700 한미반도체 < 5MA 10MA
[INFO] 'chk_vobres_n_buy.py' 2026-06-02 11:54:42,929 : 하향추세 047810 한국항공우주 < 5MA 10MA
[INFO] 'chk_vobres_n_buy.py' 2026-06-02 11:54:42,930 : 하향추세 064350 현대로템 < 5MA 10MA
[INFO] 'chk_vobres_n_buy.py' 2026-06-02 11:54:42,930 : 하향추세 079550 LIG디펜스앤에어로스 < 5MA 10MA
[INFO] 'chk_vobres_n_buy.py' 2026-06-02 11:54:42,930 : 하향추세 086520 에코프로 < 5MA 10MA
[INFO] 'chk_vobres_n_buy.py' 2026-06-02 11:54:42,931 : 하향추세 096770 SK이노베이션 < 5MA 10MA
[INFO] 'chk_vobres_n_buy.py' 2026-06-02 11:54:42,931 : 하향추세 247540 에코프로비엠 < 5MA 10MA
[INFO] 'chk_vobres_n_buy.py' 2026-06-02 11:54:42,931 : 하향추세 272210 한화시스템 < 5MA 10MA
[DEBUG] 'chk_vobres_n_buy.py' 2026-06-02 11:54:42,932 : 조건검색 종목 수18
[DEBUG] 'chk_vobres_n_buy.py' 2026-06-02 11:54:43,947 : 조건검색 종목 수1
[INFO] 'chk_vobres_n_buy.py' 2026-06-02 11:54:44,952 : 하향추세 003670 포스코퓨처엠 < 5MA 10MA
[WARNING] 'chk_vobres_n_buy.py' 2026-06-02 11:54:44,952 :  Not found in last_ohlc.txt 005070 코스모신소재
[INFO] 'chk_vobres_n_buy.py' 2026-06-02 11:54:44,952 : 하향추세 005490 POSCO홀딩스 < 5MA 10MA
[INFO] 'chk_vobres_n_buy.py' 2026-06-02 11:54:44,952 : 하향추세 006400 삼성SDI < 5MA 10MA
[INFO] 'chk_vobres_n_buy.py' 2026-06-02 11:54:44,952 : 하향추세 012450 한화에어로스페이스 < 5MA 10MA
[INFO] 'chk_vobres_n_buy.py' 2026-06-02 11:54:44,952 : 하향추세 042700 한미반도체 < 5MA 10MA
[INFO] 'chk_vobres_n_buy.py' 2026-06-02 11:54:44,952 : 하향추세 047810 한국항공우주 < 5MA 10MA
[INFO] 'chk_vobres_n_buy.py' 2026-06-02 11:54:44,952 : 하향추세 064350 현대로템 < 5MA 10MA
[INFO] 'chk_vobres_n_buy.py' 2026-06-02 11:54:44,952 : 하향추세 079550 LIG디펜스앤에어로스 < 5MA 10MA
[INFO] 'chk_vobres_n_buy.py' 2026-06-02 11:54:44,953 : 하향추세 086520 에코프로 < 5MA 10MA
[INFO] 'chk_vobres_n_buy.py' 2026-06-02 11:54:44,953 : 하향추세 096770 SK이노베이션 < 5MA 10MA
[INFO] 'chk_vobres_n_buy.py' 2026-06-02 11:54:44,953 : 하향추세 247540 에코프로비엠 < 5MA 10MA
[INFO] 'chk_vobres_n_buy.py' 2026-06-02 11:54:44,953 : 하향추세 272210 한화시스템 < 5MA 10MA
[DEBUG] 'chk_vobres_n_buy.py' 2026-06-02 11:54:44,953 : 조건검색 종목 수18
[DEBUG] 'chk_vobres_n_buy.py' 2026-06-02 11:54:45,960 : 조건검색 종목 수2
[INFO] 'chk_vobres_n_buy.py' 2026-06-02 11:54:46,967 : 하향추세 003670 포스코퓨처엠 < 5MA 10MA
[WARNING] 'chk_vobres_n_buy.py' 2026-06-02 11:54:46,967 :  Not found in last_ohlc.txt 005070 코스모신소재
[INFO] 'chk_vobres_n_buy.py' 2026-06-02 11:54:46,967 : 하향추세 005490 POSCO홀딩스 < 5MA 10MA
[INFO] 'chk_vobres_n_buy.py' 2026-06-02 11:54:46,968 : 하향추세 006400 삼성SDI < 5MA 10MA
[INFO] 'chk_vobres_n_buy.py' 2026-06-02 11:54:46,968 : 하향추세 012450 한화에어로스페이스 < 5MA 10MA
[INFO] 'chk_vobres_n_buy.py' 2026-06-02 11:54:46,968 : 하향추세 042700 한미반도체 < 5MA 10MA
[INFO] 'chk_vobres_n_buy.py' 2026-06-02 11:54:46,968 : 하향추세 047810 한국항공우주 < 5MA 10MA
[INFO] 'chk_vobres_n_buy.py' 2026-06-02 11:54:46,968 : 하향추세 064350 현대로템 < 5MA 10MA
[INFO] 'chk_vobres_n_buy.py' 2026-06-02 11:54:46,968 : 하향추세 079550 LIG디펜스앤에어로스 < 5MA 10MA
[INFO] 'chk_vobres_n_buy.py' 2026-06-02 11:54:46,968 : 하향추세 086520 에코프로 < 5MA 10MA
[INFO] 'chk_vobres_n_buy.py' 2026-06-02 11:54:46,968 : 하향추세 096770 SK이노베이션 < 5MA 10MA
[INFO] 'chk_vobres_n_buy.py' 2026-06-02 11:54:46,968 : 하향추세 247540 에코프로비엠 < 5MA 10MA
[INFO] 'chk_vobres_n_buy.py' 2026-06-02 11:54:46,968 : 하향추세 272210 한화시스템 < 5MA 10MA
[DEBUG] 'chk_vobres_n_buy.py' 2026-06-02 11:54:46,968 : 조건검색 종목 수18
[DEBUG] 'chk_vobres_n_buy.py' 2026-06-02 11:54:47,972 : 조건검색 종목 수2
[INFO] 'chk_vobres_n_buy.py' 2026-06-02 11:54:48,976 : 하향추세 003670 포스코퓨처엠 < 5MA 10MA
[WARNING] 'chk_vobres_n_buy.py' 2026-06-02 11:54:48,976 :  Not found in last_ohlc.txt 005070 코스모신소재
[INFO] 'chk_vobres_n_buy.py' 2026-06-02 11:54:48,976 : 하향추세 005490 POSCO홀딩스 < 5MA 10MA
[INFO] 'chk_vobres_n_buy.py' 2026-06-02 11:54:48,977 : 하향추세 006400 삼성SDI < 5MA 10MA
[INFO] 'chk_vobres_n_buy.py' 2026-06-02 11:54:48,977 : 하향추세 012450 한화에어로스페이스 < 5MA 10MA
[INFO] 'chk_vobres_n_buy.py' 2026-06-02 11:54:48,977 : 하향추세 042700 한미반도체 < 5MA 10MA
[INFO] 'chk_vobres_n_buy.py' 2026-06-02 11:54:48,978 : 하향추세 047810 한국항공우주 < 5MA 10MA
[INFO] 'chk_vobres_n_buy.py' 2026-06-02 11:54:48,978 : 하향추세 064350 현대로템 < 5MA 10MA
[INFO] 'chk_vobres_n_buy.py' 2026-06-02 11:54:48,978 : 하향추세 079550 LIG디펜스앤에어로스 < 5MA 10MA
[INFO] 'chk_vobres_n_buy.py' 2026-06-02 11:54:48,978 : 하향추세 086520 에코프로 < 5MA 10MA
[INFO] 'chk_vobres_n_buy.py' 2026-06-02 11:54:48,979 : 하향추세 096770 SK이노베이션 < 5MA 10MA
[INFO] 'chk_vobres_n_buy.py' 2026-06-02 11:54:48,979 : 하향추세 247540 에코프로비엠 < 5MA 10MA
[INFO] 'chk_vobres_n_buy.py' 2026-06-02 11:54:48,979 : 하향추세 272210 한화시스템 < 5MA 10MA
[DEBUG] 'chk_vobres_n_buy.py' 2026-06-02 11:54:48,979 : 조건검색 종목 수18
[DEBUG] 'chk_vobres_n_buy.py' 2026-06-02 11:54:49,993 : 조건검색 종목 수1
[INFO] 'chk_vobres_n_buy.py' 2026-06-02 11:54:50,999 : 하향추세 003670 포스코퓨처엠 < 5MA 10MA
[WARNING] 'chk_vobres_n_buy.py' 2026-06-02 11:54:50,999 :  Not found in last_ohlc.txt 005070 코스모신소재
[INFO] 'chk_vobres_n_buy.py' 2026-06-02 11:54:51,000 : 하향추세 005490 POSCO홀딩스 < 5MA 10MA
[INFO] 'chk_vobres_n_buy.py' 2026-06-02 11:54:51,000 : 하향추세 006400 삼성SDI < 5MA 10MA
[INFO] 'chk_vobres_n_buy.py' 2026-06-02 11:54:51,000 : 하향추세 012450 한화에어로스페이스 < 5MA 10MA
[INFO] 'chk_vobres_n_buy.py' 2026-06-02 11:54:51,000 : 하향추세 042700 한미반도체 < 5MA 10MA
[INFO] 'chk_vobres_n_buy.py' 2026-06-02 11:54:51,000 : 하향추세 047810 한국항공우주 < 5MA 10MA
[INFO] 'chk_vobres_n_buy.py' 2026-06-02 11:54:51,000 : 하향추세 064350 현대로템 < 5MA 10MA
[INFO] 'chk_vobres_n_buy.py' 2026-06-02 11:54:51,001 : 하향추세 079550 LIG디펜스앤에어로스 < 5MA 10MA
[INFO] 'chk_vobres_n_buy.py' 2026-06-02 11:54:51,001 : 하향추세 086520 에코프로 < 5MA 10MA
[INFO] 'chk_vobres_n_buy.py' 2026-06-02 11:54:51,001 : 하향추세 096770 SK이노베이션 < 5MA 10MA
[INFO] 'chk_vobres_n_buy.py' 2026-06-02 11:54:51,001 : 하향추세 247540 에코프로비엠 < 5MA 10MA
[INFO] 'chk_vobres_n_buy.py' 2026-06-02 11:54:51,001 : 하향추세 272210 한화시스템 < 5MA 10MA
[DEBUG] 'chk_vobres_n_buy.py' 2026-06-02 11:54:51,001 : 조건검색 종목 수18
[DEBUG] 'chk_vobres_n_buy.py' 2026-06-02 11:54:52,013 : 조건검색 종목 수1
[INFO] 'chk_vobres_n_buy.py' 2026-06-02 11:54:53,035 : 하향추세 003670 포스코퓨처엠 < 5MA 10MA
[WARNING] 'chk_vobres_n_buy.py' 2026-06-02 11:54:53,036 :  Not found in last_ohlc.txt 005070 코스모신소재
[INFO] 'chk_vobres_n_buy.py' 2026-06-02 11:54:53,036 : 하향추세 005490 POSCO홀딩스 < 5MA 10MA
[INFO] 'chk_vobres_n_buy.py' 2026-06-02 11:54:53,037 : 하향추세 006400 삼성SDI < 5MA 10MA
[INFO] 'chk_vobres_n_buy.py' 2026-06-02 11:54:53,037 : 하향추세 012450 한화에어로스페이스 < 5MA 10MA
[INFO] 'chk_vobres_n_buy.py' 2026-06-02 11:54:53,037 : 하향추세 042700 한미반도체 < 5MA 10MA
[INFO] 'chk_vobres_n_buy.py' 2026-06-02 11:54:53,037 : 하향추세 047810 한국항공우주 < 5MA 10MA
[INFO] 'chk_vobres_n_buy.py' 2026-06-02 11:54:53,037 : 하향추세 064350 현대로템 < 5MA 10MA
[INFO] 'chk_vobres_n_buy.py' 2026-06-02 11:54:53,038 : 하향추세 079550 LIG디펜스앤에어로스 < 5MA 10MA
[INFO] 'chk_vobres_n_buy.py' 2026-06-02 11:54:53,038 : 하향추세 086520 에코프로 < 5MA 10MA
[INFO] 'chk_vobres_n_buy.py' 2026-06-02 11:54:53,038 : 하향추세 096770 SK이노베이션 < 5MA 10MA
[INFO] 'chk_vobres_n_buy.py' 2026-06-02 11:54:53,038 : 하향추세 247540 에코프로비엠 < 5MA 10MA
[INFO] 'chk_vobres_n_buy.py' 2026-06-02 11:54:53,039 : 하향추세 272210 한화시스템 < 5MA 10MA
[DEBUG] 'chk_vobres_n_buy.py' 2026-06-02 11:54:53,039 : 조건검색 종목 수18
[DEBUG] 'chk_vobres_n_buy.py' 2026-06-02 11:54:54,046 : 조건검색 종목 수1
[INFO] 'chk_vobres_n_buy.py' 2026-06-02 11:54:55,053 : 하향추세 003670 포스코퓨처엠 < 5MA 10MA
[WARNING] 'chk_vobres_n_buy.py' 2026-06-02 11:54:55,056 :  Not found in last_ohlc.txt 005070 코스모신소재
[INFO] 'chk_vobres_n_buy.py' 2026-06-02 11:54:55,056 : 하향추세 005490 POSCO홀딩스 < 5MA 10MA
[INFO] 'chk_vobres_n_buy.py' 2026-06-02 11:54:55,056 : 하향추세 006400 삼성SDI < 5MA 10MA
[INFO] 'chk_vobres_n_buy.py' 2026-06-02 11:54:55,056 : 하향추세 012450 한화에어로스페이스 < 5MA 10MA
[INFO] 'chk_vobres_n_buy.py' 2026-06-02 11:54:55,057 : 하향추세 042700 한미반도체 < 5MA 10MA
[INFO] 'chk_vobres_n_buy.py' 2026-06-02 11:54:55,062 : 하향추세 047810 한국항공우주 < 5MA 10MA
[INFO] 'chk_vobres_n_buy.py' 2026-06-02 11:54:55,062 : 하향추세 064350 현대로템 < 5MA 10MA
[INFO] 'chk_vobres_n_buy.py' 2026-06-02 11:54:55,063 : 하향추세 079550 LIG디펜스앤에어로스 < 5MA 10MA
[INFO] 'chk_vobres_n_buy.py' 2026-06-02 11:54:55,064 : 하향추세 086520 에코프로 < 5MA 10MA
[INFO] 'chk_vobres_n_buy.py' 2026-06-02 11:54:55,064 : 하향추세 096770 SK이노베이션 < 5MA 10MA
[INFO] 'chk_vobres_n_buy.py' 2026-06-02 11:54:55,066 : 하향추세 247540 에코프로비엠 < 5MA 10MA
[INFO] 'chk_vobres_n_buy.py' 2026-06-02 11:54:55,066 : 하향추세 272210 한화시스템 < 5MA 10MA
[DEBUG] 'chk_vobres_n_buy.py' 2026-06-02 11:54:55,067 : 조건검색 종목 수18
[DEBUG] 'chk_vobres_n_buy.py' 2026-06-02 11:54:56,107 : 조건검색 종목 수2
[INFO] 'chk_vobres_n_buy.py' 2026-06-02 11:54:57,117 : 하향추세 003670 포스코퓨처엠 < 5MA 10MA
[WARNING] 'chk_vobres_n_buy.py' 2026-06-02 11:54:57,117 :  Not found in last_ohlc.txt 005070 코스모신소재
[INFO] 'chk_vobres_n_buy.py' 2026-06-02 11:54:57,117 : 하향추세 005490 POSCO홀딩스 < 5MA 10MA
[INFO] 'chk_vobres_n_buy.py' 2026-06-02 11:54:57,117 : 하향추세 006400 삼성SDI < 5MA 10MA
[INFO] 'chk_vobres_n_buy.py' 2026-06-02 11:54:57,118 : 하향추세 012450 한화에어로스페이스 < 5MA 10MA
[INFO] 'chk_vobres_n_buy.py' 2026-06-02 11:54:57,118 : 하향추세 042700 한미반도체 < 5MA 10MA
[INFO] 'chk_vobres_n_buy.py' 2026-06-02 11:54:57,118 : 하향추세 047810 한국항공우주 < 5MA 10MA
[INFO] 'chk_vobres_n_buy.py' 2026-06-02 11:54:57,118 : 하향추세 064350 현대로템 < 5MA 10MA
[INFO] 'chk_vobres_n_buy.py' 2026-06-02 11:54:57,119 : 하향추세 079550 LIG디펜스앤에어로스 < 5MA 10MA
[INFO] 'chk_vobres_n_buy.py' 2026-06-02 11:54:57,119 : 하향추세 086520 에코프로 < 5MA 10MA
[INFO] 'chk_vobres_n_buy.py' 2026-06-02 11:54:57,119 : 하향추세 096770 SK이노베이션 < 5MA 10MA
[INFO] 'chk_vobres_n_buy.py' 2026-06-02 11:54:57,119 : 하향추세 247540 에코프로비엠 < 5MA 10MA
[INFO] 'chk_vobres_n_buy.py' 2026-06-02 11:54:57,120 : 하향추세 272210 한화시스템 < 5MA 10MA
[DEBUG] 'chk_vobres_n_buy.py' 2026-06-02 11:54:57,120 : 조건검색 종목 수18
[DEBUG] 'chk_vobres_n_buy.py' 2026-06-02 11:54:58,122 : 조건검색 종목 수2
[INFO] 'chk_vobres_n_buy.py' 2026-06-02 11:54:59,133 : 하향추세 003670 포스코퓨처엠 < 5MA 10MA
[WARNING] 'chk_vobres_n_buy.py' 2026-06-02 11:54:59,133 :  Not found in last_ohlc.txt 005070 코스모신소재
[INFO] 'chk_vobres_n_buy.py' 2026-06-02 11:54:59,134 : 하향추세 005490 POSCO홀딩스 < 5MA 10MA
[INFO] 'chk_vobres_n_buy.py' 2026-06-02 11:54:59,134 : 하향추세 006400 삼성SDI < 5MA 10MA
[INFO] 'chk_vobres_n_buy.py' 2026-06-02 11:54:59,135 : 하향추세 012450 한화에어로스페이스 < 5MA 10MA
[INFO] 'chk_vobres_n_buy.py' 2026-06-02 11:54:59,135 : 하향추세 042700 한미반도체 < 5MA 10MA
[INFO] 'chk_vobres_n_buy.py' 2026-06-02 11:54:59,135 : 하향추세 047810 한국항공우주 < 5MA 10MA
[INFO] 'chk_vobres_n_buy.py' 2026-06-02 11:54:59,136 : 하향추세 064350 현대로템 < 5MA 10MA
[INFO] 'chk_vobres_n_buy.py' 2026-06-02 11:54:59,136 : 하향추세 079550 LIG디펜스앤에어로스 < 5MA 10MA
[INFO] 'chk_vobres_n_buy.py' 2026-06-02 11:54:59,137 : 하향추세 086520 에코프로 < 5MA 10MA
[INFO] 'chk_vobres_n_buy.py' 2026-06-02 11:54:59,137 : 하향추세 096770 SK이노베이션 < 5MA 10MA
[INFO] 'chk_vobres_n_buy.py' 2026-06-02 11:54:59,137 : 하향추세 247540 에코프로비엠 < 5MA 10MA
[INFO] 'chk_vobres_n_buy.py' 2026-06-02 11:54:59,137 : 하향추세 272210 한화시스템 < 5MA 10MA
[DEBUG] 'chk_vobres_n_buy.py' 2026-06-02 11:54:59,138 : 조건검색 종목 수18
[DEBUG] 'chk_vobres_n_buy.py' 2026-06-02 11:55:00,152 : 조건검색 종목 수2
[INFO] 'chk_vobres_n_buy.py' 2026-06-02 11:55:01,160 : 하향추세 003670 포스코퓨처엠 < 5MA 10MA
[WARNING] 'chk_vobres_n_buy.py' 2026-06-02 11:55:01,160 :  Not found in last_ohlc.txt 005070 코스모신소재
[INFO] 'chk_vobres_n_buy.py' 2026-06-02 11:55:01,160 : 하향추세 005490 POSCO홀딩스 < 5MA 10MA
[INFO] 'chk_vobres_n_buy.py' 2026-06-02 11:55:01,160 : 하향추세 006400 삼성SDI < 5MA 10MA
[INFO] 'chk_vobres_n_buy.py' 2026-06-02 11:55:01,161 : 하향추세 012450 한화에어로스페이스 < 5MA 10MA
[INFO] 'chk_vobres_n_buy.py' 2026-06-02 11:55:01,161 : 하향추세 042700 한미반도체 < 5MA 10MA
[INFO] 'chk_vobres_n_buy.py' 2026-06-02 11:55:01,161 : 하향추세 047810 한국항공우주 < 5MA 10MA
[INFO] 'chk_vobres_n_buy.py' 2026-06-02 11:55:01,161 : 하향추세 064350 현대로템 < 5MA 10MA
[INFO] 'chk_vobres_n_buy.py' 2026-06-02 11:55:01,161 : 하향추세 079550 LIG디펜스앤에어로스 < 5MA 10MA
[INFO] 'chk_vobres_n_buy.py' 2026-06-02 11:55:01,161 : 하향추세 086520 에코프로 < 5MA 10MA
[INFO] 'chk_vobres_n_buy.py' 2026-06-02 11:55:01,161 : 하향추세 096770 SK이노베이션 < 5MA 10MA
[INFO] 'chk_vobres_n_buy.py' 2026-06-02 11:55:01,161 : 하향추세 247540 에코프로비엠 < 5MA 10MA
[INFO] 'chk_vobres_n_buy.py' 2026-06-02 11:55:01,161 : 하향추세 272210 한화시스템 < 5MA 10MA
[DEBUG] 'chk_vobres_n_buy.py' 2026-06-02 11:55:01,161 : 조건검색 종목 수18
[DEBUG] 'chk_vobres_n_buy.py' 2026-06-02 11:55:02,167 : 조건검색 종목 수2
[INFO] 'chk_vobres_n_buy.py' 2026-06-02 11:55:03,172 : 하향추세 003670 포스코퓨처엠 < 5MA 10MA
[WARNING] 'chk_vobres_n_buy.py' 2026-06-02 11:55:03,173 :  Not found in last_ohlc.txt 005070 코스모신소재
[INFO] 'chk_vobres_n_buy.py' 2026-06-02 11:55:03,173 : 하향추세 005490 POSCO홀딩스 < 5MA 10MA
[INFO] 'chk_vobres_n_buy.py' 2026-06-02 11:55:03,173 : 하향추세 006400 삼성SDI < 5MA 10MA
[INFO] 'chk_vobres_n_buy.py' 2026-06-02 11:55:03,174 : 하향추세 012450 한화에어로스페이스 < 5MA 10MA
[INFO] 'chk_vobres_n_buy.py' 2026-06-02 11:55:03,174 : 하향추세 042700 한미반도체 < 5MA 10MA
[INFO] 'chk_vobres_n_buy.py' 2026-06-02 11:55:03,174 : 하향추세 047810 한국항공우주 < 5MA 10MA
[INFO] 'chk_vobres_n_buy.py' 2026-06-02 11:55:03,175 : 하향추세 064350 현대로템 < 5MA 10MA
[INFO] 'chk_vobres_n_buy.py' 2026-06-02 11:55:03,175 : 하향추세 079550 LIG디펜스앤에어로스 < 5MA 10MA
[INFO] 'chk_vobres_n_buy.py' 2026-06-02 11:55:03,175 : 하향추세 086520 에코프로 < 5MA 10MA
[INFO] 'chk_vobres_n_buy.py' 2026-06-02 11:55:03,176 : 하향추세 096770 SK이노베이션 < 5MA 10MA
[INFO] 'chk_vobres_n_buy.py' 2026-06-02 11:55:03,176 : 하향추세 247540 에코프로비엠 < 5MA 10MA
[INFO] 'chk_vobres_n_buy.py' 2026-06-02 11:55:03,176 : 하향추세 272210 한화시스템 < 5MA 10MA
[DEBUG] 'chk_vobres_n_buy.py' 2026-06-02 11:55:03,177 : 조건검색 종목 수18
[DEBUG] 'chk_vobres_n_buy.py' 2026-06-02 11:55:04,191 : 조건검색 종목 수2
[INFO] 'chk_vobres_n_buy.py' 2026-06-02 11:55:05,197 : 하향추세 003670 포스코퓨처엠 < 5MA 10MA
[WARNING] 'chk_vobres_n_buy.py' 2026-06-02 11:55:05,198 :  Not found in last_ohlc.txt 005070 코스모신소재
[INFO] 'chk_vobres_n_buy.py' 2026-06-02 11:55:05,198 : 하향추세 005490 POSCO홀딩스 < 5MA 10MA
[INFO] 'chk_vobres_n_buy.py' 2026-06-02 11:55:05,199 : 하향추세 006400 삼성SDI < 5MA 10MA
[INFO] 'chk_vobres_n_buy.py' 2026-06-02 11:55:05,199 : 하향추세 012450 한화에어로스페이스 < 5MA 10MA
[INFO] 'chk_vobres_n_buy.py' 2026-06-02 11:55:05,199 : 하향추세 042700 한미반도체 < 5MA 10MA
[INFO] 'chk_vobres_n_buy.py' 2026-06-02 11:55:05,199 : 하향추세 047810 한국항공우주 < 5MA 10MA
[INFO] 'chk_vobres_n_buy.py' 2026-06-02 11:55:05,200 : 하향추세 064350 현대로템 < 5MA 10MA
[INFO] 'chk_vobres_n_buy.py' 2026-06-02 11:55:05,200 : 하향추세 079550 LIG디펜스앤에어로스 < 5MA 10MA
[INFO] 'chk_vobres_n_buy.py' 2026-06-02 11:55:05,200 : 하향추세 086520 에코프로 < 5MA 10MA
[INFO] 'chk_vobres_n_buy.py' 2026-06-02 11:55:05,200 : 하향추세 096770 SK이노베이션 < 5MA 10MA
[INFO] 'chk_vobres_n_buy.py' 2026-06-02 11:55:05,201 : 하향추세 247540 에코프로비엠 < 5MA 10MA
[INFO] 'chk_vobres_n_buy.py' 2026-06-02 11:55:05,201 : 하향추세 272210 한화시스템 < 5MA 10MA
[DEBUG] 'chk_vobres_n_buy.py' 2026-06-02 11:55:05,201 : 조건검색 종목 수18
[DEBUG] 'chk_vobres_n_buy.py' 2026-06-02 11:55:06,206 : 조건검색 종목 수2
[INFO] 'chk_vobres_n_buy.py' 2026-06-02 11:55:07,211 : 하향추세 003670 포스코퓨처엠 < 5MA 10MA
[WARNING] 'chk_vobres_n_buy.py' 2026-06-02 11:55:07,211 :  Not found in last_ohlc.txt 005070 코스모신소재
[INFO] 'chk_vobres_n_buy.py' 2026-06-02 11:55:07,211 : 하향추세 005490 POSCO홀딩스 < 5MA 10MA
[INFO] 'chk_vobres_n_buy.py' 2026-06-02 11:55:07,211 : 하향추세 006400 삼성SDI < 5MA 10MA
[INFO] 'chk_vobres_n_buy.py' 2026-06-02 11:55:07,212 : 하향추세 012450 한화에어로스페이스 < 5MA 10MA
[INFO] 'chk_vobres_n_buy.py' 2026-06-02 11:55:07,212 : 하향추세 042700 한미반도체 < 5MA 10MA
[INFO] 'chk_vobres_n_buy.py' 2026-06-02 11:55:07,212 : 하향추세 047810 한국항공우주 < 5MA 10MA
[INFO] 'chk_vobres_n_buy.py' 2026-06-02 11:55:07,212 : 하향추세 064350 현대로템 < 5MA 10MA
[INFO] 'chk_vobres_n_buy.py' 2026-06-02 11:55:07,212 : 하향추세 079550 LIG디펜스앤에어로스 < 5MA 10MA
[INFO] 'chk_vobres_n_buy.py' 2026-06-02 11:55:07,212 : 하향추세 086520 에코프로 < 5MA 10MA
[INFO] 'chk_vobres_n_buy.py' 2026-06-02 11:55:07,212 : 하향추세 096770 SK이노베이션 < 5MA 10MA
[INFO] 'chk_vobres_n_buy.py' 2026-06-02 11:55:07,212 : 하향추세 247540 에코프로비엠 < 5MA 10MA
[INFO] 'chk_vobres_n_buy.py' 2026-06-02 11:55:07,212 : 하향추세 272210 한화시스템 < 5MA 10MA
[DEBUG] 'chk_vobres_n_buy.py' 2026-06-02 11:55:07,212 : 조건검색 종목 수18
[DEBUG] 'chk_vobres_n_buy.py' 2026-06-02 11:55:08,216 : 조건검색 종목 수2
[INFO] 'chk_vobres_n_buy.py' 2026-06-02 11:55:09,223 : 하향추세 003670 포스코퓨처엠 < 5MA 10MA
[WARNING] 'chk_vobres_n_buy.py' 2026-06-02 11:55:09,224 :  Not found in last_ohlc.txt 005070 코스모신소재
[INFO] 'chk_vobres_n_buy.py' 2026-06-02 11:55:09,224 : 하향추세 005490 POSCO홀딩스 < 5MA 10MA
[INFO] 'chk_vobres_n_buy.py' 2026-06-02 11:55:09,224 : 하향추세 006400 삼성SDI < 5MA 10MA
[INFO] 'chk_vobres_n_buy.py' 2026-06-02 11:55:09,225 : 하향추세 012450 한화에어로스페이스 < 5MA 10MA
[INFO] 'chk_vobres_n_buy.py' 2026-06-02 11:55:09,225 : 하향추세 042700 한미반도체 < 5MA 10MA
[INFO] 'chk_vobres_n_buy.py' 2026-06-02 11:55:09,225 : 하향추세 047810 한국항공우주 < 5MA 10MA
[INFO] 'chk_vobres_n_buy.py' 2026-06-02 11:55:09,225 : 하향추세 064350 현대로템 < 5MA 10MA
[INFO] 'chk_vobres_n_buy.py' 2026-06-02 11:55:09,226 : 하향추세 079550 LIG디펜스앤에어로스 < 5MA 10MA
[INFO] 'chk_vobres_n_buy.py' 2026-06-02 11:55:09,226 : 하향추세 086520 에코프로 < 5MA 10MA
[INFO] 'chk_vobres_n_buy.py' 2026-06-02 11:55:09,226 : 하향추세 096770 SK이노베이션 < 5MA 10MA
[INFO] 'chk_vobres_n_buy.py' 2026-06-02 11:55:09,227 : 하향추세 247540 에코프로비엠 < 5MA 10MA
[INFO] 'chk_vobres_n_buy.py' 2026-06-02 11:55:09,227 : 하향추세 272210 한화시스템 < 5MA 10MA
[DEBUG] 'chk_vobres_n_buy.py' 2026-06-02 11:55:09,227 : 조건검색 종목 수18
[DEBUG] 'chk_vobres_n_buy.py' 2026-06-02 11:55:10,243 : 조건검색 종목 수2
[INFO] 'chk_vobres_n_buy.py' 2026-06-02 11:55:11,252 : 하향추세 003670 포스코퓨처엠 < 5MA 10MA
[WARNING] 'chk_vobres_n_buy.py' 2026-06-02 11:55:11,252 :  Not found in last_ohlc.txt 005070 코스모신소재
[INFO] 'chk_vobres_n_buy.py' 2026-06-02 11:55:11,253 : 하향추세 005490 POSCO홀딩스 < 5MA 10MA
[INFO] 'chk_vobres_n_buy.py' 2026-06-02 11:55:11,253 : 하향추세 006400 삼성SDI < 5MA 10MA
[INFO] 'chk_vobres_n_buy.py' 2026-06-02 11:55:11,254 : 하향추세 012450 한화에어로스페이스 < 5MA 10MA
[INFO] 'chk_vobres_n_buy.py' 2026-06-02 11:55:11,254 : 하향추세 042700 한미반도체 < 5MA 10MA
[INFO] 'chk_vobres_n_buy.py' 2026-06-02 11:55:11,254 : 하향추세 047810 한국항공우주 < 5MA 10MA
[INFO] 'chk_vobres_n_buy.py' 2026-06-02 11:55:11,255 : 하향추세 064350 현대로템 < 5MA 10MA
[INFO] 'chk_vobres_n_buy.py' 2026-06-02 11:55:11,255 : 하향추세 079550 LIG디펜스앤에어로스 < 5MA 10MA
[INFO] 'chk_vobres_n_buy.py' 2026-06-02 11:55:11,255 : 하향추세 086520 에코프로 < 5MA 10MA
[INFO] 'chk_vobres_n_buy.py' 2026-06-02 11:55:11,256 : 하향추세 096770 SK이노베이션 < 5MA 10MA
[INFO] 'chk_vobres_n_buy.py' 2026-06-02 11:55:11,256 : 하향추세 247540 에코프로비엠 < 5MA 10MA
[INFO] 'chk_vobres_n_buy.py' 2026-06-02 11:55:11,256 : 하향추세 272210 한화시스템 < 5MA 10MA
[DEBUG] 'chk_vobres_n_buy.py' 2026-06-02 11:55:11,257 : 조건검색 종목 수18
[DEBUG] 'chk_vobres_n_buy.py' 2026-06-02 11:55:12,260 : 조건검색 종목 수2
[INFO] 'chk_vobres_n_buy.py' 2026-06-02 11:55:13,279 : 하향추세 003670 포스코퓨처엠 < 5MA 10MA
[WARNING] 'chk_vobres_n_buy.py' 2026-06-02 11:55:13,279 :  Not found in last_ohlc.txt 005070 코스모신소재
[INFO] 'chk_vobres_n_buy.py' 2026-06-02 11:55:13,280 : 하향추세 005490 POSCO홀딩스 < 5MA 10MA
[INFO] 'chk_vobres_n_buy.py' 2026-06-02 11:55:13,280 : 하향추세 006400 삼성SDI < 5MA 10MA
[INFO] 'chk_vobres_n_buy.py' 2026-06-02 11:55:13,280 : 하향추세 012450 한화에어로스페이스 < 5MA 10MA
[INFO] 'chk_vobres_n_buy.py' 2026-06-02 11:55:13,281 : 하향추세 042700 한미반도체 < 5MA 10MA
[INFO] 'chk_vobres_n_buy.py' 2026-06-02 11:55:13,281 : 하향추세 047810 한국항공우주 < 5MA 10MA
[INFO] 'chk_vobres_n_buy.py' 2026-06-02 11:55:13,282 : 하향추세 064350 현대로템 < 5MA 10MA
[INFO] 'chk_vobres_n_buy.py' 2026-06-02 11:55:13,282 : 하향추세 079550 LIG디펜스앤에어로스 < 5MA 10MA
[INFO] 'chk_vobres_n_buy.py' 2026-06-02 11:55:13,282 : 하향추세 086520 에코프로 < 5MA 10MA
[INFO] 'chk_vobres_n_buy.py' 2026-06-02 11:55:13,283 : 하향추세 096770 SK이노베이션 < 5MA 10MA
[INFO] 'chk_vobres_n_buy.py' 2026-06-02 11:55:13,283 : 하향추세 247540 에코프로비엠 < 5MA 10MA
[INFO] 'chk_vobres_n_buy.py' 2026-06-02 11:55:13,284 : 하향추세 272210 한화시스템 < 5MA 10MA
[DEBUG] 'chk_vobres_n_buy.py' 2026-06-02 11:55:13,285 : 조건검색 종목 수18
[DEBUG] 'chk_vobres_n_buy.py' 2026-06-02 11:55:14,297 : 조건검색 종목 수2
[INFO] 'chk_vobres_n_buy.py' 2026-06-02 11:55:15,302 : 하향추세 003670 포스코퓨처엠 < 5MA 10MA
[WARNING] 'chk_vobres_n_buy.py' 2026-06-02 11:55:15,302 :  Not found in last_ohlc.txt 005070 코스모신소재
[INFO] 'chk_vobres_n_buy.py' 2026-06-02 11:55:15,302 : 하향추세 005490 POSCO홀딩스 < 5MA 10MA
[INFO] 'chk_vobres_n_buy.py' 2026-06-02 11:55:15,302 : 하향추세 006400 삼성SDI < 5MA 10MA
[INFO] 'chk_vobres_n_buy.py' 2026-06-02 11:55:15,302 : 하향추세 012450 한화에어로스페이스 < 5MA 10MA
[INFO] 'chk_vobres_n_buy.py' 2026-06-02 11:55:15,302 : 하향추세 042700 한미반도체 < 5MA 10MA
[INFO] 'chk_vobres_n_buy.py' 2026-06-02 11:55:15,302 : 하향추세 047810 한국항공우주 < 5MA 10MA
[INFO] 'chk_vobres_n_buy.py' 2026-06-02 11:55:15,303 : 하향추세 064350 현대로템 < 5MA 10MA
[INFO] 'chk_vobres_n_buy.py' 2026-06-02 11:55:15,303 : 하향추세 079550 LIG디펜스앤에어로스 < 5MA 10MA
[INFO] 'chk_vobres_n_buy.py' 2026-06-02 11:55:15,303 : 하향추세 086520 에코프로 < 5MA 10MA
[INFO] 'chk_vobres_n_buy.py' 2026-06-02 11:55:15,303 : 하향추세 096770 SK이노베이션 < 5MA 10MA
[INFO] 'chk_vobres_n_buy.py' 2026-06-02 11:55:15,303 : 하향추세 247540 에코프로비엠 < 5MA 10MA
[INFO] 'chk_vobres_n_buy.py' 2026-06-02 11:55:15,303 : 하향추세 272210 한화시스템 < 5MA 10MA
[DEBUG] 'chk_vobres_n_buy.py' 2026-06-02 11:55:15,303 : 조건검색 종목 수18
[DEBUG] 'chk_vobres_n_buy.py' 2026-06-02 11:55:16,319 : 조건검색 종목 수1
[INFO] 'chk_vobres_n_buy.py' 2026-06-02 11:55:17,332 : 하향추세 003670 포스코퓨처엠 < 5MA 10MA
[WARNING] 'chk_vobres_n_buy.py' 2026-06-02 11:55:17,332 :  Not found in last_ohlc.txt 005070 코스모신소재
[INFO] 'chk_vobres_n_buy.py' 2026-06-02 11:55:17,332 : 하향추세 005490 POSCO홀딩스 < 5MA 10MA
[INFO] 'chk_vobres_n_buy.py' 2026-06-02 11:55:17,333 : 하향추세 006400 삼성SDI < 5MA 10MA
[INFO] 'chk_vobres_n_buy.py' 2026-06-02 11:55:17,333 : 하향추세 012450 한화에어로스페이스 < 5MA 10MA
[INFO] 'chk_vobres_n_buy.py' 2026-06-02 11:55:17,333 : 하향추세 042700 한미반도체 < 5MA 10MA
[INFO] 'chk_vobres_n_buy.py' 2026-06-02 11:55:17,334 : 하향추세 047810 한국항공우주 < 5MA 10MA
[INFO] 'chk_vobres_n_buy.py' 2026-06-02 11:55:17,334 : 하향추세 064350 현대로템 < 5MA 10MA
[INFO] 'chk_vobres_n_buy.py' 2026-06-02 11:55:17,334 : 하향추세 079550 LIG디펜스앤에어로스 < 5MA 10MA
[INFO] 'chk_vobres_n_buy.py' 2026-06-02 11:55:17,334 : 하향추세 086520 에코프로 < 5MA 10MA
[INFO] 'chk_vobres_n_buy.py' 2026-06-02 11:55:17,335 : 하향추세 096770 SK이노베이션 < 5MA 10MA
[INFO] 'chk_vobres_n_buy.py' 2026-06-02 11:55:17,335 : 하향추세 247540 에코프로비엠 < 5MA 10MA
[INFO] 'chk_vobres_n_buy.py' 2026-06-02 11:55:17,335 : 하향추세 272210 한화시스템 < 5MA 10MA
[DEBUG] 'chk_vobres_n_buy.py' 2026-06-02 11:55:17,335 : 조건검색 종목 수18
[DEBUG] 'chk_vobres_n_buy.py' 2026-06-02 11:55:18,352 : 조건검색 종목 수1
[INFO] 'chk_vobres_n_buy.py' 2026-06-02 11:55:19,363 : 하향추세 003670 포스코퓨처엠 < 5MA 10MA
[WARNING] 'chk_vobres_n_buy.py' 2026-06-02 11:55:19,363 :  Not found in last_ohlc.txt 005070 코스모신소재
[INFO] 'chk_vobres_n_buy.py' 2026-06-02 11:55:19,364 : 하향추세 005490 POSCO홀딩스 < 5MA 10MA
[INFO] 'chk_vobres_n_buy.py' 2026-06-02 11:55:19,364 : 하향추세 006400 삼성SDI < 5MA 10MA
[INFO] 'chk_vobres_n_buy.py' 2026-06-02 11:55:19,364 : 하향추세 012450 한화에어로스페이스 < 5MA 10MA
[INFO] 'chk_vobres_n_buy.py' 2026-06-02 11:55:19,364 : 하향추세 042700 한미반도체 < 5MA 10MA
[INFO] 'chk_vobres_n_buy.py' 2026-06-02 11:55:19,365 : 하향추세 047810 한국항공우주 < 5MA 10MA
[INFO] 'chk_vobres_n_buy.py' 2026-06-02 11:55:19,365 : 하향추세 064350 현대로템 < 5MA 10MA
[INFO] 'chk_vobres_n_buy.py' 2026-06-02 11:55:19,365 : 하향추세 079550 LIG디펜스앤에어로스 < 5MA 10MA
[INFO] 'chk_vobres_n_buy.py' 2026-06-02 11:55:19,365 : 하향추세 086520 에코프로 < 5MA 10MA
[INFO] 'chk_vobres_n_buy.py' 2026-06-02 11:55:19,365 : 하향추세 096770 SK이노베이션 < 5MA 10MA
[INFO] 'chk_vobres_n_buy.py' 2026-06-02 11:55:19,366 : 하향추세 247540 에코프로비엠 < 5MA 10MA
[INFO] 'chk_vobres_n_buy.py' 2026-06-02 11:55:19,366 : 하향추세 272210 한화시스템 < 5MA 10MA
[DEBUG] 'chk_vobres_n_buy.py' 2026-06-02 11:55:19,366 : 조건검색 종목 수18
[DEBUG] 'chk_vobres_n_buy.py' 2026-06-02 11:55:20,376 : 조건검색 종목 수2
[INFO] 'chk_vobres_n_buy.py' 2026-06-02 11:55:21,384 : 하향추세 003670 포스코퓨처엠 < 5MA 10MA
[WARNING] 'chk_vobres_n_buy.py' 2026-06-02 11:55:21,384 :  Not found in last_ohlc.txt 005070 코스모신소재
[INFO] 'chk_vobres_n_buy.py' 2026-06-02 11:55:21,385 : 하향추세 005490 POSCO홀딩스 < 5MA 10MA
[INFO] 'chk_vobres_n_buy.py' 2026-06-02 11:55:21,385 : 하향추세 006400 삼성SDI < 5MA 10MA
[INFO] 'chk_vobres_n_buy.py' 2026-06-02 11:55:21,385 : 하향추세 012450 한화에어로스페이스 < 5MA 10MA
[INFO] 'chk_vobres_n_buy.py' 2026-06-02 11:55:21,386 : 하향추세 042700 한미반도체 < 5MA 10MA
[INFO] 'chk_vobres_n_buy.py' 2026-06-02 11:55:21,386 : 하향추세 047810 한국항공우주 < 5MA 10MA
[INFO] 'chk_vobres_n_buy.py' 2026-06-02 11:55:21,386 : 하향추세 064350 현대로템 < 5MA 10MA
[INFO] 'chk_vobres_n_buy.py' 2026-06-02 11:55:21,387 : 하향추세 079550 LIG디펜스앤에어로스 < 5MA 10MA
[INFO] 'chk_vobres_n_buy.py' 2026-06-02 11:55:21,387 : 하향추세 086520 에코프로 < 5MA 10MA
[INFO] 'chk_vobres_n_buy.py' 2026-06-02 11:55:21,387 : 하향추세 096770 SK이노베이션 < 5MA 10MA
[INFO] 'chk_vobres_n_buy.py' 2026-06-02 11:55:21,388 : 하향추세 247540 에코프로비엠 < 5MA 10MA
[INFO] 'chk_vobres_n_buy.py' 2026-06-02 11:55:21,388 : 하향추세 272210 한화시스템 < 5MA 10MA
[DEBUG] 'chk_vobres_n_buy.py' 2026-06-02 11:55:21,388 : 조건검색 종목 수18
[DEBUG] 'chk_vobres_n_buy.py' 2026-06-02 11:55:22,394 : 조건검색 종목 수2
[INFO] 'chk_vobres_n_buy.py' 2026-06-02 11:55:23,409 : 하향추세 003670 포스코퓨처엠 < 5MA 10MA
[WARNING] 'chk_vobres_n_buy.py' 2026-06-02 11:55:23,409 :  Not found in last_ohlc.txt 005070 코스모신소재
[INFO] 'chk_vobres_n_buy.py' 2026-06-02 11:55:23,409 : 하향추세 005490 POSCO홀딩스 < 5MA 10MA
[INFO] 'chk_vobres_n_buy.py' 2026-06-02 11:55:23,409 : 하향추세 006400 삼성SDI < 5MA 10MA
[INFO] 'chk_vobres_n_buy.py' 2026-06-02 11:55:23,410 : 하향추세 012450 한화에어로스페이스 < 5MA 10MA
[INFO] 'chk_vobres_n_buy.py' 2026-06-02 11:55:23,410 : 하향추세 042700 한미반도체 < 5MA 10MA
[INFO] 'chk_vobres_n_buy.py' 2026-06-02 11:55:23,410 : 하향추세 047810 한국항공우주 < 5MA 10MA
[INFO] 'chk_vobres_n_buy.py' 2026-06-02 11:55:23,410 : 하향추세 064350 현대로템 < 5MA 10MA
[INFO] 'chk_vobres_n_buy.py' 2026-06-02 11:55:23,411 : 하향추세 079550 LIG디펜스앤에어로스 < 5MA 10MA
[INFO] 'chk_vobres_n_buy.py' 2026-06-02 11:55:23,411 : 하향추세 086520 에코프로 < 5MA 10MA
[INFO] 'chk_vobres_n_buy.py' 2026-06-02 11:55:23,411 : 하향추세 096770 SK이노베이션 < 5MA 10MA
[INFO] 'chk_vobres_n_buy.py' 2026-06-02 11:55:23,411 : 하향추세 247540 에코프로비엠 < 5MA 10MA
[INFO] 'chk_vobres_n_buy.py' 2026-06-02 11:55:23,411 : 하향추세 272210 한화시스템 < 5MA 10MA
[DEBUG] 'chk_vobres_n_buy.py' 2026-06-02 11:55:23,412 : 조건검색 종목 수18
[DEBUG] 'chk_vobres_n_buy.py' 2026-06-02 11:55:24,417 : 조건검색 종목 수2
[INFO] 'chk_vobres_n_buy.py' 2026-06-02 11:55:25,421 : 하향추세 003670 포스코퓨처엠 < 5MA 10MA
[WARNING] 'chk_vobres_n_buy.py' 2026-06-02 11:55:25,421 :  Not found in last_ohlc.txt 005070 코스모신소재
[INFO] 'chk_vobres_n_buy.py' 2026-06-02 11:55:25,421 : 하향추세 005490 POSCO홀딩스 < 5MA 10MA
[INFO] 'chk_vobres_n_buy.py' 2026-06-02 11:55:25,421 : 하향추세 006400 삼성SDI < 5MA 10MA
[INFO] 'chk_vobres_n_buy.py' 2026-06-02 11:55:25,421 : 하향추세 012450 한화에어로스페이스 < 5MA 10MA
[INFO] 'chk_vobres_n_buy.py' 2026-06-02 11:55:25,421 : 하향추세 042700 한미반도체 < 5MA 10MA
[INFO] 'chk_vobres_n_buy.py' 2026-06-02 11:55:25,421 : 하향추세 047810 한국항공우주 < 5MA 10MA
[INFO] 'chk_vobres_n_buy.py' 2026-06-02 11:55:25,421 : 하향추세 064350 현대로템 < 5MA 10MA
[INFO] 'chk_vobres_n_buy.py' 2026-06-02 11:55:25,421 : 하향추세 079550 LIG디펜스앤에어로스 < 5MA 10MA
[INFO] 'chk_vobres_n_buy.py' 2026-06-02 11:55:25,422 : 하향추세 086520 에코프로 < 5MA 10MA
[INFO] 'chk_vobres_n_buy.py' 2026-06-02 11:55:25,422 : 하향추세 096770 SK이노베이션 < 5MA 10MA
[INFO] 'chk_vobres_n_buy.py' 2026-06-02 11:55:25,422 : 하향추세 247540 에코프로비엠 < 5MA 10MA
[INFO] 'chk_vobres_n_buy.py' 2026-06-02 11:55:25,422 : 하향추세 272210 한화시스템 < 5MA 10MA
[DEBUG] 'chk_vobres_n_buy.py' 2026-06-02 11:55:25,422 : 조건검색 종목 수18
[DEBUG] 'chk_vobres_n_buy.py' 2026-06-02 11:55:26,431 : 조건검색 종목 수2
[INFO] 'chk_vobres_n_buy.py' 2026-06-02 11:55:27,442 : 하향추세 003670 포스코퓨처엠 < 5MA 10MA
[WARNING] 'chk_vobres_n_buy.py' 2026-06-02 11:55:27,443 :  Not found in last_ohlc.txt 005070 코스모신소재
[INFO] 'chk_vobres_n_buy.py' 2026-06-02 11:55:27,443 : 하향추세 005490 POSCO홀딩스 < 5MA 10MA
[INFO] 'chk_vobres_n_buy.py' 2026-06-02 11:55:27,443 : 하향추세 006400 삼성SDI < 5MA 10MA
[INFO] 'chk_vobres_n_buy.py' 2026-06-02 11:55:27,445 : 하향추세 012450 한화에어로스페이스 < 5MA 10MA
[INFO] 'chk_vobres_n_buy.py' 2026-06-02 11:55:27,445 : 하향추세 042700 한미반도체 < 5MA 10MA
[INFO] 'chk_vobres_n_buy.py' 2026-06-02 11:55:27,446 : 하향추세 047810 한국항공우주 < 5MA 10MA
[INFO] 'chk_vobres_n_buy.py' 2026-06-02 11:55:27,446 : 하향추세 064350 현대로템 < 5MA 10MA
[INFO] 'chk_vobres_n_buy.py' 2026-06-02 11:55:27,446 : 하향추세 079550 LIG디펜스앤에어로스 < 5MA 10MA
[INFO] 'chk_vobres_n_buy.py' 2026-06-02 11:55:27,447 : 하향추세 086520 에코프로 < 5MA 10MA
[INFO] 'chk_vobres_n_buy.py' 2026-06-02 11:55:27,447 : 하향추세 096770 SK이노베이션 < 5MA 10MA
[INFO] 'chk_vobres_n_buy.py' 2026-06-02 11:55:27,447 : 하향추세 247540 에코프로비엠 < 5MA 10MA
[INFO] 'chk_vobres_n_buy.py' 2026-06-02 11:55:27,448 : 하향추세 272210 한화시스템 < 5MA 10MA
[DEBUG] 'chk_vobres_n_buy.py' 2026-06-02 11:55:27,448 : 조건검색 종목 수18
[DEBUG] 'chk_vobres_n_buy.py' 2026-06-02 11:55:28,455 : 조건검색 종목 수2
[INFO] 'chk_vobres_n_buy.py' 2026-06-02 11:55:29,467 : 하향추세 003670 포스코퓨처엠 < 5MA 10MA
[WARNING] 'chk_vobres_n_buy.py' 2026-06-02 11:55:29,468 :  Not found in last_ohlc.txt 005070 코스모신소재
[INFO] 'chk_vobres_n_buy.py' 2026-06-02 11:55:29,468 : 하향추세 005490 POSCO홀딩스 < 5MA 10MA
[INFO] 'chk_vobres_n_buy.py' 2026-06-02 11:55:29,468 : 하향추세 006400 삼성SDI < 5MA 10MA
[INFO] 'chk_vobres_n_buy.py' 2026-06-02 11:55:29,469 : 하향추세 012450 한화에어로스페이스 < 5MA 10MA
[INFO] 'chk_vobres_n_buy.py' 2026-06-02 11:55:29,469 : 하향추세 042700 한미반도체 < 5MA 10MA
[INFO] 'chk_vobres_n_buy.py' 2026-06-02 11:55:29,469 : 하향추세 047810 한국항공우주 < 5MA 10MA
[INFO] 'chk_vobres_n_buy.py' 2026-06-02 11:55:29,469 : 하향추세 064350 현대로템 < 5MA 10MA
[INFO] 'chk_vobres_n_buy.py' 2026-06-02 11:55:29,469 : 하향추세 079550 LIG디펜스앤에어로스 < 5MA 10MA
[INFO] 'chk_vobres_n_buy.py' 2026-06-02 11:55:29,470 : 하향추세 086520 에코프로 < 5MA 10MA
[INFO] 'chk_vobres_n_buy.py' 2026-06-02 11:55:29,470 : 하향추세 096770 SK이노베이션 < 5MA 10MA
[INFO] 'chk_vobres_n_buy.py' 2026-06-02 11:55:29,470 : 하향추세 247540 에코프로비엠 < 5MA 10MA
[INFO] 'chk_vobres_n_buy.py' 2026-06-02 11:55:29,470 : 하향추세 272210 한화시스템 < 5MA 10MA
[DEBUG] 'chk_vobres_n_buy.py' 2026-06-02 11:55:29,470 : 조건검색 종목 수18
[DEBUG] 'chk_vobres_n_buy.py' 2026-06-02 11:55:30,472 : 조건검색 종목 수2
[INFO] 'chk_vobres_n_buy.py' 2026-06-02 11:55:31,475 : 하향추세 003670 포스코퓨처엠 < 5MA 10MA
[WARNING] 'chk_vobres_n_buy.py' 2026-06-02 11:55:31,475 :  Not found in last_ohlc.txt 005070 코스모신소재
[INFO] 'chk_vobres_n_buy.py' 2026-06-02 11:55:31,475 : 하향추세 005490 POSCO홀딩스 < 5MA 10MA
[INFO] 'chk_vobres_n_buy.py' 2026-06-02 11:55:31,475 : 하향추세 006400 삼성SDI < 5MA 10MA
[INFO] 'chk_vobres_n_buy.py' 2026-06-02 11:55:31,476 : 하향추세 012450 한화에어로스페이스 < 5MA 10MA
[INFO] 'chk_vobres_n_buy.py' 2026-06-02 11:55:31,476 : 하향추세 042700 한미반도체 < 5MA 10MA
[INFO] 'chk_vobres_n_buy.py' 2026-06-02 11:55:31,476 : 하향추세 047810 한국항공우주 < 5MA 10MA
[INFO] 'chk_vobres_n_buy.py' 2026-06-02 11:55:31,476 : 하향추세 064350 현대로템 < 5MA 10MA
[INFO] 'chk_vobres_n_buy.py' 2026-06-02 11:55:31,476 : 하향추세 079550 LIG디펜스앤에어로스 < 5MA 10MA
[INFO] 'chk_vobres_n_buy.py' 2026-06-02 11:55:31,477 : 하향추세 086520 에코프로 < 5MA 10MA
[INFO] 'chk_vobres_n_buy.py' 2026-06-02 11:55:31,477 : 하향추세 096770 SK이노베이션 < 5MA 10MA
[INFO] 'chk_vobres_n_buy.py' 2026-06-02 11:55:31,477 : 하향추세 247540 에코프로비엠 < 5MA 10MA
[INFO] 'chk_vobres_n_buy.py' 2026-06-02 11:55:31,477 : 하향추세 272210 한화시스템 < 5MA 10MA
[DEBUG] 'chk_vobres_n_buy.py' 2026-06-02 11:55:31,477 : 조건검색 종목 수18
[DEBUG] 'chk_vobres_n_buy.py' 2026-06-02 11:55:32,485 : 조건검색 종목 수2
[INFO] 'chk_vobres_n_buy.py' 2026-06-02 11:55:33,492 : 하향추세 003670 포스코퓨처엠 < 5MA 10MA
[WARNING] 'chk_vobres_n_buy.py' 2026-06-02 11:55:33,492 :  Not found in last_ohlc.txt 005070 코스모신소재
[INFO] 'chk_vobres_n_buy.py' 2026-06-02 11:55:33,492 : 하향추세 005490 POSCO홀딩스 < 5MA 10MA
[INFO] 'chk_vobres_n_buy.py' 2026-06-02 11:55:33,493 : 하향추세 006400 삼성SDI < 5MA 10MA
[INFO] 'chk_vobres_n_buy.py' 2026-06-02 11:55:33,493 : 하향추세 012450 한화에어로스페이스 < 5MA 10MA
[INFO] 'chk_vobres_n_buy.py' 2026-06-02 11:55:33,493 : 하향추세 042700 한미반도체 < 5MA 10MA
[INFO] 'chk_vobres_n_buy.py' 2026-06-02 11:55:33,493 : 하향추세 047810 한국항공우주 < 5MA 10MA
[INFO] 'chk_vobres_n_buy.py' 2026-06-02 11:55:33,493 : 하향추세 064350 현대로템 < 5MA 10MA
[INFO] 'chk_vobres_n_buy.py' 2026-06-02 11:55:33,493 : 하향추세 079550 LIG디펜스앤에어로스 < 5MA 10MA
[INFO] 'chk_vobres_n_buy.py' 2026-06-02 11:55:33,494 : 하향추세 086520 에코프로 < 5MA 10MA
[INFO] 'chk_vobres_n_buy.py' 2026-06-02 11:55:33,494 : 하향추세 096770 SK이노베이션 < 5MA 10MA
[INFO] 'chk_vobres_n_buy.py' 2026-06-02 11:55:33,494 : 하향추세 247540 에코프로비엠 < 5MA 10MA
[INFO] 'chk_vobres_n_buy.py' 2026-06-02 11:55:33,494 : 하향추세 272210 한화시스템 < 5MA 10MA
[DEBUG] 'chk_vobres_n_buy.py' 2026-06-02 11:55:33,494 : 조건검색 종목 수18
[DEBUG] 'chk_vobres_n_buy.py' 2026-06-02 11:55:34,508 : 조건검색 종목 수2
[INFO] 'chk_vobres_n_buy.py' 2026-06-02 11:55:35,523 : 하향추세 003670 포스코퓨처엠 < 5MA 10MA
[WARNING] 'chk_vobres_n_buy.py' 2026-06-02 11:55:35,524 :  Not found in last_ohlc.txt 005070 코스모신소재
[INFO] 'chk_vobres_n_buy.py' 2026-06-02 11:55:35,524 : 하향추세 005490 POSCO홀딩스 < 5MA 10MA
[INFO] 'chk_vobres_n_buy.py' 2026-06-02 11:55:35,524 : 하향추세 006400 삼성SDI < 5MA 10MA
[INFO] 'chk_vobres_n_buy.py' 2026-06-02 11:55:35,524 : 하향추세 012450 한화에어로스페이스 < 5MA 10MA
[INFO] 'chk_vobres_n_buy.py' 2026-06-02 11:55:35,524 : 하향추세 042700 한미반도체 < 5MA 10MA
[INFO] 'chk_vobres_n_buy.py' 2026-06-02 11:55:35,524 : 하향추세 047810 한국항공우주 < 5MA 10MA
[INFO] 'chk_vobres_n_buy.py' 2026-06-02 11:55:35,524 : 하향추세 064350 현대로템 < 5MA 10MA
[INFO] 'chk_vobres_n_buy.py' 2026-06-02 11:55:35,524 : 하향추세 079550 LIG디펜스앤에어로스 < 5MA 10MA
[INFO] 'chk_vobres_n_buy.py' 2026-06-02 11:55:35,524 : 하향추세 086520 에코프로 < 5MA 10MA
[INFO] 'chk_vobres_n_buy.py' 2026-06-02 11:55:35,524 : 하향추세 096770 SK이노베이션 < 5MA 10MA
[INFO] 'chk_vobres_n_buy.py' 2026-06-02 11:55:35,524 : 하향추세 247540 에코프로비엠 < 5MA 10MA
[INFO] 'chk_vobres_n_buy.py' 2026-06-02 11:55:35,524 : 하향추세 272210 한화시스템 < 5MA 10MA
[DEBUG] 'chk_vobres_n_buy.py' 2026-06-02 11:55:35,525 : 조건검색 종목 수18
[DEBUG] 'chk_vobres_n_buy.py' 2026-06-02 11:55:36,537 : 조건검색 종목 수2
[INFO] 'chk_vobres_n_buy.py' 2026-06-02 11:55:37,553 : 하향추세 003670 포스코퓨처엠 < 5MA 10MA
[WARNING] 'chk_vobres_n_buy.py' 2026-06-02 11:55:37,553 :  Not found in last_ohlc.txt 005070 코스모신소재
[INFO] 'chk_vobres_n_buy.py' 2026-06-02 11:55:37,553 : 하향추세 005490 POSCO홀딩스 < 5MA 10MA
[INFO] 'chk_vobres_n_buy.py' 2026-06-02 11:55:37,554 : 하향추세 006400 삼성SDI < 5MA 10MA
[INFO] 'chk_vobres_n_buy.py' 2026-06-02 11:55:37,554 : 하향추세 012450 한화에어로스페이스 < 5MA 10MA
[INFO] 'chk_vobres_n_buy.py' 2026-06-02 11:55:37,554 : 하향추세 042700 한미반도체 < 5MA 10MA
[INFO] 'chk_vobres_n_buy.py' 2026-06-02 11:55:37,554 : 하향추세 047810 한국항공우주 < 5MA 10MA
[INFO] 'chk_vobres_n_buy.py' 2026-06-02 11:55:37,554 : 하향추세 064350 현대로템 < 5MA 10MA
[INFO] 'chk_vobres_n_buy.py' 2026-06-02 11:55:37,554 : 하향추세 079550 LIG디펜스앤에어로스 < 5MA 10MA
[INFO] 'chk_vobres_n_buy.py' 2026-06-02 11:55:37,555 : 하향추세 086520 에코프로 < 5MA 10MA
[INFO] 'chk_vobres_n_buy.py' 2026-06-02 11:55:37,555 : 하향추세 096770 SK이노베이션 < 5MA 10MA
[INFO] 'chk_vobres_n_buy.py' 2026-06-02 11:55:37,555 : 하향추세 247540 에코프로비엠 < 5MA 10MA
[INFO] 'chk_vobres_n_buy.py' 2026-06-02 11:55:37,555 : 하향추세 272210 한화시스템 < 5MA 10MA
[DEBUG] 'chk_vobres_n_buy.py' 2026-06-02 11:55:37,555 : 조건검색 종목 수18
[DEBUG] 'chk_vobres_n_buy.py' 2026-06-02 11:55:38,576 : 조건검색 종목 수2
[INFO] 'chk_vobres_n_buy.py' 2026-06-02 11:55:39,601 : 하향추세 003670 포스코퓨처엠 < 5MA 10MA
[WARNING] 'chk_vobres_n_buy.py' 2026-06-02 11:55:39,602 :  Not found in last_ohlc.txt 005070 코스모신소재
[INFO] 'chk_vobres_n_buy.py' 2026-06-02 11:55:39,602 : 하향추세 005490 POSCO홀딩스 < 5MA 10MA
[INFO] 'chk_vobres_n_buy.py' 2026-06-02 11:55:39,602 : 하향추세 006400 삼성SDI < 5MA 10MA
[INFO] 'chk_vobres_n_buy.py' 2026-06-02 11:55:39,603 : 하향추세 012450 한화에어로스페이스 < 5MA 10MA
[INFO] 'chk_vobres_n_buy.py' 2026-06-02 11:55:39,603 : 하향추세 042700 한미반도체 < 5MA 10MA
[INFO] 'chk_vobres_n_buy.py' 2026-06-02 11:55:39,603 : 하향추세 047810 한국항공우주 < 5MA 10MA
[INFO] 'chk_vobres_n_buy.py' 2026-06-02 11:55:39,604 : 하향추세 064350 현대로템 < 5MA 10MA
[INFO] 'chk_vobres_n_buy.py' 2026-06-02 11:55:39,605 : 하향추세 079550 LIG디펜스앤에어로스 < 5MA 10MA
[INFO] 'chk_vobres_n_buy.py' 2026-06-02 11:55:39,605 : 하향추세 086520 에코프로 < 5MA 10MA
[INFO] 'chk_vobres_n_buy.py' 2026-06-02 11:55:39,605 : 하향추세 096770 SK이노베이션 < 5MA 10MA
[INFO] 'chk_vobres_n_buy.py' 2026-06-02 11:55:39,605 : 하향추세 247540 에코프로비엠 < 5MA 10MA
[INFO] 'chk_vobres_n_buy.py' 2026-06-02 11:55:39,606 : 하향추세 272210 한화시스템 < 5MA 10MA
[DEBUG] 'chk_vobres_n_buy.py' 2026-06-02 11:55:39,606 : 조건검색 종목 수18
[DEBUG] 'chk_vobres_n_buy.py' 2026-06-02 11:55:40,609 : 조건검색 종목 수2
[INFO] 'chk_vobres_n_buy.py' 2026-06-02 11:55:41,613 : 하향추세 003670 포스코퓨처엠 < 5MA 10MA
[WARNING] 'chk_vobres_n_buy.py' 2026-06-02 11:55:41,614 :  Not found in last_ohlc.txt 005070 코스모신소재
[INFO] 'chk_vobres_n_buy.py' 2026-06-02 11:55:41,614 : 하향추세 005490 POSCO홀딩스 < 5MA 10MA
[INFO] 'chk_vobres_n_buy.py' 2026-06-02 11:55:41,614 : 하향추세 006400 삼성SDI < 5MA 10MA
[INFO] 'chk_vobres_n_buy.py' 2026-06-02 11:55:41,614 : 하향추세 012450 한화에어로스페이스 < 5MA 10MA
[INFO] 'chk_vobres_n_buy.py' 2026-06-02 11:55:41,616 : 하향추세 042700 한미반도체 < 5MA 10MA
[INFO] 'chk_vobres_n_buy.py' 2026-06-02 11:55:41,616 : 하향추세 047810 한국항공우주 < 5MA 10MA
[INFO] 'chk_vobres_n_buy.py' 2026-06-02 11:55:41,616 : 하향추세 064350 현대로템 < 5MA 10MA
[INFO] 'chk_vobres_n_buy.py' 2026-06-02 11:55:41,616 : 하향추세 079550 LIG디펜스앤에어로스 < 5MA 10MA
[INFO] 'chk_vobres_n_buy.py' 2026-06-02 11:55:41,616 : 하향추세 086520 에코프로 < 5MA 10MA
[INFO] 'chk_vobres_n_buy.py' 2026-06-02 11:55:41,617 : 하향추세 096770 SK이노베이션 < 5MA 10MA
[INFO] 'chk_vobres_n_buy.py' 2026-06-02 11:55:41,617 : 하향추세 247540 에코프로비엠 < 5MA 10MA
[INFO] 'chk_vobres_n_buy.py' 2026-06-02 11:55:41,617 : 하향추세 272210 한화시스템 < 5MA 10MA
[DEBUG] 'chk_vobres_n_buy.py' 2026-06-02 11:55:41,617 : 조건검색 종목 수18
[DEBUG] 'chk_vobres_n_buy.py' 2026-06-02 11:55:42,625 : 조건검색 종목 수2
[INFO] 'chk_vobres_n_buy.py' 2026-06-02 11:55:43,640 : 하향추세 003670 포스코퓨처엠 < 5MA 10MA
[WARNING] 'chk_vobres_n_buy.py' 2026-06-02 11:55:43,641 :  Not found in last_ohlc.txt 005070 코스모신소재
[INFO] 'chk_vobres_n_buy.py' 2026-06-02 11:55:43,641 : 하향추세 005490 POSCO홀딩스 < 5MA 10MA
[INFO] 'chk_vobres_n_buy.py' 2026-06-02 11:55:43,642 : 하향추세 006400 삼성SDI < 5MA 10MA
[INFO] 'chk_vobres_n_buy.py' 2026-06-02 11:55:43,642 : 하향추세 012450 한화에어로스페이스 < 5MA 10MA
[INFO] 'chk_vobres_n_buy.py' 2026-06-02 11:55:43,642 : 하향추세 042700 한미반도체 < 5MA 10MA
[INFO] 'chk_vobres_n_buy.py' 2026-06-02 11:55:43,643 : 하향추세 047810 한국항공우주 < 5MA 10MA
[INFO] 'chk_vobres_n_buy.py' 2026-06-02 11:55:43,643 : 하향추세 064350 현대로템 < 5MA 10MA
[INFO] 'chk_vobres_n_buy.py' 2026-06-02 11:55:43,644 : 하향추세 079550 LIG디펜스앤에어로스 < 5MA 10MA
[INFO] 'chk_vobres_n_buy.py' 2026-06-02 11:55:43,645 : 하향추세 086520 에코프로 < 5MA 10MA
[INFO] 'chk_vobres_n_buy.py' 2026-06-02 11:55:43,645 : 하향추세 096770 SK이노베이션 < 5MA 10MA
[INFO] 'chk_vobres_n_buy.py' 2026-06-02 11:55:43,646 : 하향추세 247540 에코프로비엠 < 5MA 10MA
[INFO] 'chk_vobres_n_buy.py' 2026-06-02 11:55:43,647 : 하향추세 272210 한화시스템 < 5MA 10MA
[DEBUG] 'chk_vobres_n_buy.py' 2026-06-02 11:55:43,647 : 조건검색 종목 수18
[DEBUG] 'chk_vobres_n_buy.py' 2026-06-02 11:55:44,662 : 조건검색 종목 수2
[INFO] 'chk_vobres_n_buy.py' 2026-06-02 11:55:45,677 : 하향추세 003670 포스코퓨처엠 < 5MA 10MA
[WARNING] 'chk_vobres_n_buy.py' 2026-06-02 11:55:45,677 :  Not found in last_ohlc.txt 005070 코스모신소재
[INFO] 'chk_vobres_n_buy.py' 2026-06-02 11:55:45,677 : 하향추세 005490 POSCO홀딩스 < 5MA 10MA
[INFO] 'chk_vobres_n_buy.py' 2026-06-02 11:55:45,678 : 하향추세 006400 삼성SDI < 5MA 10MA
[INFO] 'chk_vobres_n_buy.py' 2026-06-02 11:55:45,678 : 하향추세 012450 한화에어로스페이스 < 5MA 10MA
[INFO] 'chk_vobres_n_buy.py' 2026-06-02 11:55:45,678 : 하향추세 042700 한미반도체 < 5MA 10MA
[INFO] 'chk_vobres_n_buy.py' 2026-06-02 11:55:45,678 : 하향추세 047810 한국항공우주 < 5MA 10MA
[INFO] 'chk_vobres_n_buy.py' 2026-06-02 11:55:45,678 : 하향추세 064350 현대로템 < 5MA 10MA
[INFO] 'chk_vobres_n_buy.py' 2026-06-02 11:55:45,678 : 하향추세 079550 LIG디펜스앤에어로스 < 5MA 10MA
[INFO] 'chk_vobres_n_buy.py' 2026-06-02 11:55:45,678 : 하향추세 086520 에코프로 < 5MA 10MA
[INFO] 'chk_vobres_n_buy.py' 2026-06-02 11:55:45,678 : 하향추세 096770 SK이노베이션 < 5MA 10MA
[INFO] 'chk_vobres_n_buy.py' 2026-06-02 11:55:45,678 : 하향추세 247540 에코프로비엠 < 5MA 10MA
[INFO] 'chk_vobres_n_buy.py' 2026-06-02 11:55:45,678 : 하향추세 272210 한화시스템 < 5MA 10MA
[DEBUG] 'chk_vobres_n_buy.py' 2026-06-02 11:55:45,678 : 조건검색 종목 수18
[DEBUG] 'chk_vobres_n_buy.py' 2026-06-02 11:55:46,682 : 조건검색 종목 수1
[INFO] 'chk_vobres_n_buy.py' 2026-06-02 11:55:47,697 : 하향추세 003670 포스코퓨처엠 < 5MA 10MA
[WARNING] 'chk_vobres_n_buy.py' 2026-06-02 11:55:47,698 :  Not found in last_ohlc.txt 005070 코스모신소재
[INFO] 'chk_vobres_n_buy.py' 2026-06-02 11:55:47,698 : 하향추세 005490 POSCO홀딩스 < 5MA 10MA
[INFO] 'chk_vobres_n_buy.py' 2026-06-02 11:55:47,699 : 하향추세 006400 삼성SDI < 5MA 10MA
[INFO] 'chk_vobres_n_buy.py' 2026-06-02 11:55:47,699 : 하향추세 012450 한화에어로스페이스 < 5MA 10MA
[INFO] 'chk_vobres_n_buy.py' 2026-06-02 11:55:47,701 : 하향추세 042700 한미반도체 < 5MA 10MA
[INFO] 'chk_vobres_n_buy.py' 2026-06-02 11:55:47,701 : 하향추세 047810 한국항공우주 < 5MA 10MA
[INFO] 'chk_vobres_n_buy.py' 2026-06-02 11:55:47,702 : 하향추세 064350 현대로템 < 5MA 10MA
[INFO] 'chk_vobres_n_buy.py' 2026-06-02 11:55:47,702 : 하향추세 079550 LIG디펜스앤에어로스 < 5MA 10MA
[INFO] 'chk_vobres_n_buy.py' 2026-06-02 11:55:47,702 : 하향추세 086520 에코프로 < 5MA 10MA
[INFO] 'chk_vobres_n_buy.py' 2026-06-02 11:55:47,705 : 하향추세 096770 SK이노베이션 < 5MA 10MA
[INFO] 'chk_vobres_n_buy.py' 2026-06-02 11:55:47,706 : 하향추세 247540 에코프로비엠 < 5MA 10MA
[INFO] 'chk_vobres_n_buy.py' 2026-06-02 11:55:47,706 : 하향추세 272210 한화시스템 < 5MA 10MA
[DEBUG] 'chk_vobres_n_buy.py' 2026-06-02 11:55:47,707 : 조건검색 종목 수18
[DEBUG] 'chk_vobres_n_buy.py' 2026-06-02 11:55:48,717 : 조건검색 종목 수2
[INFO] 'chk_vobres_n_buy.py' 2026-06-02 11:55:49,733 : 하향추세 003670 포스코퓨처엠 < 5MA 10MA
[WARNING] 'chk_vobres_n_buy.py' 2026-06-02 11:55:49,733 :  Not found in last_ohlc.txt 005070 코스모신소재
[INFO] 'chk_vobres_n_buy.py' 2026-06-02 11:55:49,734 : 하향추세 005490 POSCO홀딩스 < 5MA 10MA
[INFO] 'chk_vobres_n_buy.py' 2026-06-02 11:55:49,734 : 하향추세 006400 삼성SDI < 5MA 10MA
[INFO] 'chk_vobres_n_buy.py' 2026-06-02 11:55:49,734 : 하향추세 012450 한화에어로스페이스 < 5MA 10MA
[INFO] 'chk_vobres_n_buy.py' 2026-06-02 11:55:49,735 : 하향추세 042700 한미반도체 < 5MA 10MA
[INFO] 'chk_vobres_n_buy.py' 2026-06-02 11:55:49,735 : 하향추세 047810 한국항공우주 < 5MA 10MA
[INFO] 'chk_vobres_n_buy.py' 2026-06-02 11:55:49,735 : 하향추세 064350 현대로템 < 5MA 10MA
[INFO] 'chk_vobres_n_buy.py' 2026-06-02 11:55:49,736 : 하향추세 079550 LIG디펜스앤에어로스 < 5MA 10MA
[INFO] 'chk_vobres_n_buy.py' 2026-06-02 11:55:49,736 : 하향추세 086520 에코프로 < 5MA 10MA
[INFO] 'chk_vobres_n_buy.py' 2026-06-02 11:55:49,736 : 하향추세 096770 SK이노베이션 < 5MA 10MA
[INFO] 'chk_vobres_n_buy.py' 2026-06-02 11:55:49,737 : 하향추세 247540 에코프로비엠 < 5MA 10MA
[INFO] 'chk_vobres_n_buy.py' 2026-06-02 11:55:49,737 : 하향추세 272210 한화시스템 < 5MA 10MA
[DEBUG] 'chk_vobres_n_buy.py' 2026-06-02 11:55:49,737 : 조건검색 종목 수18
[DEBUG] 'chk_vobres_n_buy.py' 2026-06-02 11:55:50,747 : 조건검색 종목 수2
[INFO] 'chk_vobres_n_buy.py' 2026-06-02 11:55:51,753 : 하향추세 003670 포스코퓨처엠 < 5MA 10MA
[WARNING] 'chk_vobres_n_buy.py' 2026-06-02 11:55:51,753 :  Not found in last_ohlc.txt 005070 코스모신소재
[INFO] 'chk_vobres_n_buy.py' 2026-06-02 11:55:51,754 : 하향추세 005490 POSCO홀딩스 < 5MA 10MA
[INFO] 'chk_vobres_n_buy.py' 2026-06-02 11:55:51,754 : 하향추세 006400 삼성SDI < 5MA 10MA
[INFO] 'chk_vobres_n_buy.py' 2026-06-02 11:55:51,755 : 하향추세 012450 한화에어로스페이스 < 5MA 10MA
[INFO] 'chk_vobres_n_buy.py' 2026-06-02 11:55:51,755 : 하향추세 042700 한미반도체 < 5MA 10MA
[INFO] 'chk_vobres_n_buy.py' 2026-06-02 11:55:51,756 : 하향추세 047810 한국항공우주 < 5MA 10MA
[INFO] 'chk_vobres_n_buy.py' 2026-06-02 11:55:51,756 : 하향추세 064350 현대로템 < 5MA 10MA
[INFO] 'chk_vobres_n_buy.py' 2026-06-02 11:55:51,756 : 하향추세 079550 LIG디펜스앤에어로스 < 5MA 10MA
[INFO] 'chk_vobres_n_buy.py' 2026-06-02 11:55:51,757 : 하향추세 086520 에코프로 < 5MA 10MA
[INFO] 'chk_vobres_n_buy.py' 2026-06-02 11:55:51,757 : 하향추세 096770 SK이노베이션 < 5MA 10MA
[INFO] 'chk_vobres_n_buy.py' 2026-06-02 11:55:51,757 : 하향추세 247540 에코프로비엠 < 5MA 10MA
[INFO] 'chk_vobres_n_buy.py' 2026-06-02 11:55:51,757 : 하향추세 272210 한화시스템 < 5MA 10MA
[DEBUG] 'chk_vobres_n_buy.py' 2026-06-02 11:55:51,758 : 조건검색 종목 수18
[DEBUG] 'chk_vobres_n_buy.py' 2026-06-02 11:55:52,764 : 조건검색 종목 수2
[INFO] 'chk_vobres_n_buy.py' 2026-06-02 11:55:53,773 : 하향추세 003670 포스코퓨처엠 < 5MA 10MA
[WARNING] 'chk_vobres_n_buy.py' 2026-06-02 11:55:53,774 :  Not found in last_ohlc.txt 005070 코스모신소재
[INFO] 'chk_vobres_n_buy.py' 2026-06-02 11:55:53,774 : 하향추세 005490 POSCO홀딩스 < 5MA 10MA
[INFO] 'chk_vobres_n_buy.py' 2026-06-02 11:55:53,775 : 하향추세 006400 삼성SDI < 5MA 10MA
[INFO] 'chk_vobres_n_buy.py' 2026-06-02 11:55:53,775 : 하향추세 012450 한화에어로스페이스 < 5MA 10MA
[INFO] 'chk_vobres_n_buy.py' 2026-06-02 11:55:53,775 : 하향추세 042700 한미반도체 < 5MA 10MA
[INFO] 'chk_vobres_n_buy.py' 2026-06-02 11:55:53,776 : 하향추세 047810 한국항공우주 < 5MA 10MA
[INFO] 'chk_vobres_n_buy.py' 2026-06-02 11:55:53,776 : 하향추세 064350 현대로템 < 5MA 10MA
[INFO] 'chk_vobres_n_buy.py' 2026-06-02 11:55:53,776 : 하향추세 079550 LIG디펜스앤에어로스 < 5MA 10MA
[INFO] 'chk_vobres_n_buy.py' 2026-06-02 11:55:53,777 : 하향추세 086520 에코프로 < 5MA 10MA
[INFO] 'chk_vobres_n_buy.py' 2026-06-02 11:55:53,777 : 하향추세 096770 SK이노베이션 < 5MA 10MA
[INFO] 'chk_vobres_n_buy.py' 2026-06-02 11:55:53,777 : 하향추세 247540 에코프로비엠 < 5MA 10MA
[INFO] 'chk_vobres_n_buy.py' 2026-06-02 11:55:53,778 : 하향추세 272210 한화시스템 < 5MA 10MA
[DEBUG] 'chk_vobres_n_buy.py' 2026-06-02 11:55:53,778 : 조건검색 종목 수18
[DEBUG] 'chk_vobres_n_buy.py' 2026-06-02 11:55:54,783 : 조건검색 종목 수2
[INFO] 'chk_vobres_n_buy.py' 2026-06-02 11:55:55,789 : 하향추세 003670 포스코퓨처엠 < 5MA 10MA
[WARNING] 'chk_vobres_n_buy.py' 2026-06-02 11:55:55,789 :  Not found in last_ohlc.txt 005070 코스모신소재
[INFO] 'chk_vobres_n_buy.py' 2026-06-02 11:55:55,789 : 하향추세 005490 POSCO홀딩스 < 5MA 10MA
[INFO] 'chk_vobres_n_buy.py' 2026-06-02 11:55:55,789 : 하향추세 006400 삼성SDI < 5MA 10MA
[INFO] 'chk_vobres_n_buy.py' 2026-06-02 11:55:55,789 : 하향추세 012450 한화에어로스페이스 < 5MA 10MA
[INFO] 'chk_vobres_n_buy.py' 2026-06-02 11:55:55,789 : 하향추세 042700 한미반도체 < 5MA 10MA
[INFO] 'chk_vobres_n_buy.py' 2026-06-02 11:55:55,789 : 하향추세 047810 한국항공우주 < 5MA 10MA
[INFO] 'chk_vobres_n_buy.py' 2026-06-02 11:55:55,789 : 하향추세 064350 현대로템 < 5MA 10MA
[INFO] 'chk_vobres_n_buy.py' 2026-06-02 11:55:55,789 : 하향추세 079550 LIG디펜스앤에어로스 < 5MA 10MA
[INFO] 'chk_vobres_n_buy.py' 2026-06-02 11:55:55,789 : 하향추세 086520 에코프로 < 5MA 10MA
[INFO] 'chk_vobres_n_buy.py' 2026-06-02 11:55:55,790 : 하향추세 096770 SK이노베이션 < 5MA 10MA
[INFO] 'chk_vobres_n_buy.py' 2026-06-02 11:55:55,790 : 하향추세 247540 에코프로비엠 < 5MA 10MA
[INFO] 'chk_vobres_n_buy.py' 2026-06-02 11:55:55,790 : 하향추세 272210 한화시스템 < 5MA 10MA
[DEBUG] 'chk_vobres_n_buy.py' 2026-06-02 11:55:55,790 : 조건검색 종목 수18
[DEBUG] 'chk_vobres_n_buy.py' 2026-06-02 11:55:56,797 : 조건검색 종목 수2
[INFO] 'chk_vobres_n_buy.py' 2026-06-02 11:55:57,816 : 하향추세 003670 포스코퓨처엠 < 5MA 10MA
[WARNING] 'chk_vobres_n_buy.py' 2026-06-02 11:55:57,816 :  Not found in last_ohlc.txt 005070 코스모신소재
[INFO] 'chk_vobres_n_buy.py' 2026-06-02 11:55:57,816 : 하향추세 005490 POSCO홀딩스 < 5MA 10MA
[INFO] 'chk_vobres_n_buy.py' 2026-06-02 11:55:57,817 : 하향추세 006400 삼성SDI < 5MA 10MA
[INFO] 'chk_vobres_n_buy.py' 2026-06-02 11:55:57,817 : 하향추세 012450 한화에어로스페이스 < 5MA 10MA
[INFO] 'chk_vobres_n_buy.py' 2026-06-02 11:55:57,817 : 하향추세 042700 한미반도체 < 5MA 10MA
[INFO] 'chk_vobres_n_buy.py' 2026-06-02 11:55:57,817 : 하향추세 047810 한국항공우주 < 5MA 10MA
[INFO] 'chk_vobres_n_buy.py' 2026-06-02 11:55:57,817 : 하향추세 064350 현대로템 < 5MA 10MA
[INFO] 'chk_vobres_n_buy.py' 2026-06-02 11:55:57,818 : 하향추세 079550 LIG디펜스앤에어로스 < 5MA 10MA
[INFO] 'chk_vobres_n_buy.py' 2026-06-02 11:55:57,818 : 하향추세 086520 에코프로 < 5MA 10MA
[INFO] 'chk_vobres_n_buy.py' 2026-06-02 11:55:57,818 : 하향추세 096770 SK이노베이션 < 5MA 10MA
[INFO] 'chk_vobres_n_buy.py' 2026-06-02 11:55:57,818 : 하향추세 247540 에코프로비엠 < 5MA 10MA
[INFO] 'chk_vobres_n_buy.py' 2026-06-02 11:55:57,818 : 하향추세 272210 한화시스템 < 5MA 10MA
[DEBUG] 'chk_vobres_n_buy.py' 2026-06-02 11:55:57,819 : 조건검색 종목 수18
[DEBUG] 'chk_vobres_n_buy.py' 2026-06-02 11:55:58,837 : 조건검색 종목 수2
[INFO] 'chk_vobres_n_buy.py' 2026-06-02 11:55:59,858 : 하향추세 003670 포스코퓨처엠 < 5MA 10MA
[WARNING] 'chk_vobres_n_buy.py' 2026-06-02 11:55:59,859 :  Not found in last_ohlc.txt 005070 코스모신소재
[INFO] 'chk_vobres_n_buy.py' 2026-06-02 11:55:59,859 : 하향추세 005490 POSCO홀딩스 < 5MA 10MA
[INFO] 'chk_vobres_n_buy.py' 2026-06-02 11:55:59,860 : 하향추세 006400 삼성SDI < 5MA 10MA
[INFO] 'chk_vobres_n_buy.py' 2026-06-02 11:55:59,860 : 하향추세 012450 한화에어로스페이스 < 5MA 10MA
[INFO] 'chk_vobres_n_buy.py' 2026-06-02 11:55:59,861 : 하향추세 042700 한미반도체 < 5MA 10MA
[INFO] 'chk_vobres_n_buy.py' 2026-06-02 11:55:59,861 : 하향추세 047810 한국항공우주 < 5MA 10MA
[INFO] 'chk_vobres_n_buy.py' 2026-06-02 11:55:59,862 : 하향추세 064350 현대로템 < 5MA 10MA
[INFO] 'chk_vobres_n_buy.py' 2026-06-02 11:55:59,862 : 하향추세 079550 LIG디펜스앤에어로스 < 5MA 10MA
[INFO] 'chk_vobres_n_buy.py' 2026-06-02 11:55:59,862 : 하향추세 086520 에코프로 < 5MA 10MA
[INFO] 'chk_vobres_n_buy.py' 2026-06-02 11:55:59,862 : 하향추세 096770 SK이노베이션 < 5MA 10MA
[INFO] 'chk_vobres_n_buy.py' 2026-06-02 11:55:59,863 : 하향추세 247540 에코프로비엠 < 5MA 10MA
[INFO] 'chk_vobres_n_buy.py' 2026-06-02 11:55:59,863 : 하향추세 272210 한화시스템 < 5MA 10MA
[DEBUG] 'chk_vobres_n_buy.py' 2026-06-02 11:55:59,863 : 조건검색 종목 수18
[DEBUG] 'chk_vobres_n_buy.py' 2026-06-02 11:56:00,873 : 조건검색 종목 수2
[INFO] 'chk_vobres_n_buy.py' 2026-06-02 11:56:01,889 : 하향추세 003670 포스코퓨처엠 < 5MA 10MA
[WARNING] 'chk_vobres_n_buy.py' 2026-06-02 11:56:01,889 :  Not found in last_ohlc.txt 005070 코스모신소재
[INFO] 'chk_vobres_n_buy.py' 2026-06-02 11:56:01,890 : 하향추세 005490 POSCO홀딩스 < 5MA 10MA
[INFO] 'chk_vobres_n_buy.py' 2026-06-02 11:56:01,890 : 하향추세 006400 삼성SDI < 5MA 10MA
[INFO] 'chk_vobres_n_buy.py' 2026-06-02 11:56:01,891 : 하향추세 012450 한화에어로스페이스 < 5MA 10MA
[INFO] 'chk_vobres_n_buy.py' 2026-06-02 11:56:01,891 : 하향추세 042700 한미반도체 < 5MA 10MA
[INFO] 'chk_vobres_n_buy.py' 2026-06-02 11:56:01,891 : 하향추세 047810 한국항공우주 < 5MA 10MA
[INFO] 'chk_vobres_n_buy.py' 2026-06-02 11:56:01,892 : 하향추세 064350 현대로템 < 5MA 10MA
[INFO] 'chk_vobres_n_buy.py' 2026-06-02 11:56:01,892 : 하향추세 079550 LIG디펜스앤에어로스 < 5MA 10MA
[INFO] 'chk_vobres_n_buy.py' 2026-06-02 11:56:01,893 : 하향추세 086520 에코프로 < 5MA 10MA
[INFO] 'chk_vobres_n_buy.py' 2026-06-02 11:56:01,893 : 하향추세 096770 SK이노베이션 < 5MA 10MA
[INFO] 'chk_vobres_n_buy.py' 2026-06-02 11:56:01,894 : 하향추세 247540 에코프로비엠 < 5MA 10MA
[INFO] 'chk_vobres_n_buy.py' 2026-06-02 11:56:01,894 : 하향추세 272210 한화시스템 < 5MA 10MA
[DEBUG] 'chk_vobres_n_buy.py' 2026-06-02 11:56:01,894 : 조건검색 종목 수18
[DEBUG] 'chk_vobres_n_buy.py' 2026-06-02 11:56:02,899 : 조건검색 종목 수3
[INFO] 'chk_vobres_n_buy.py' 2026-06-02 11:56:03,908 : 하향추세 003670 포스코퓨처엠 < 5MA 10MA
[WARNING] 'chk_vobres_n_buy.py' 2026-06-02 11:56:03,909 :  Not found in last_ohlc.txt 005070 코스모신소재
[INFO] 'chk_vobres_n_buy.py' 2026-06-02 11:56:03,909 : 하향추세 005490 POSCO홀딩스 < 5MA 10MA
[INFO] 'chk_vobres_n_buy.py' 2026-06-02 11:56:03,910 : 하향추세 006400 삼성SDI < 5MA 10MA
[INFO] 'chk_vobres_n_buy.py' 2026-06-02 11:56:03,910 : 하향추세 012450 한화에어로스페이스 < 5MA 10MA
[INFO] 'chk_vobres_n_buy.py' 2026-06-02 11:56:03,910 : 하향추세 042700 한미반도체 < 5MA 10MA
[INFO] 'chk_vobres_n_buy.py' 2026-06-02 11:56:03,911 : 하향추세 047810 한국항공우주 < 5MA 10MA
[INFO] 'chk_vobres_n_buy.py' 2026-06-02 11:56:03,911 : 하향추세 064350 현대로템 < 5MA 10MA
[INFO] 'chk_vobres_n_buy.py' 2026-06-02 11:56:03,911 : 하향추세 079550 LIG디펜스앤에어로스 < 5MA 10MA
[INFO] 'chk_vobres_n_buy.py' 2026-06-02 11:56:03,912 : 하향추세 086520 에코프로 < 5MA 10MA
[INFO] 'chk_vobres_n_buy.py' 2026-06-02 11:56:03,912 : 하향추세 096770 SK이노베이션 < 5MA 10MA
[INFO] 'chk_vobres_n_buy.py' 2026-06-02 11:56:03,912 : 하향추세 247540 에코프로비엠 < 5MA 10MA
[INFO] 'chk_vobres_n_buy.py' 2026-06-02 11:56:03,913 : 하향추세 272210 한화시스템 < 5MA 10MA
[DEBUG] 'chk_vobres_n_buy.py' 2026-06-02 11:56:03,913 : 조건검색 종목 수18
[DEBUG] 'chk_vobres_n_buy.py' 2026-06-02 11:56:04,921 : 조건검색 종목 수3
[INFO] 'chk_vobres_n_buy.py' 2026-06-02 11:56:05,925 : 하향추세 003670 포스코퓨처엠 < 5MA 10MA
[WARNING] 'chk_vobres_n_buy.py' 2026-06-02 11:56:05,925 :  Not found in last_ohlc.txt 005070 코스모신소재
[INFO] 'chk_vobres_n_buy.py' 2026-06-02 11:56:05,926 : 하향추세 005490 POSCO홀딩스 < 5MA 10MA
[INFO] 'chk_vobres_n_buy.py' 2026-06-02 11:56:05,926 : 하향추세 006400 삼성SDI < 5MA 10MA
[INFO] 'chk_vobres_n_buy.py' 2026-06-02 11:56:05,926 : 하향추세 012450 한화에어로스페이스 < 5MA 10MA
[INFO] 'chk_vobres_n_buy.py' 2026-06-02 11:56:05,926 : 하향추세 042700 한미반도체 < 5MA 10MA
[INFO] 'chk_vobres_n_buy.py' 2026-06-02 11:56:05,927 : 하향추세 047810 한국항공우주 < 5MA 10MA
[INFO] 'chk_vobres_n_buy.py' 2026-06-02 11:56:05,927 : 하향추세 064350 현대로템 < 5MA 10MA
[INFO] 'chk_vobres_n_buy.py' 2026-06-02 11:56:05,927 : 하향추세 079550 LIG디펜스앤에어로스 < 5MA 10MA
[INFO] 'chk_vobres_n_buy.py' 2026-06-02 11:56:05,927 : 하향추세 086520 에코프로 < 5MA 10MA
[INFO] 'chk_vobres_n_buy.py' 2026-06-02 11:56:05,927 : 하향추세 096770 SK이노베이션 < 5MA 10MA
[INFO] 'chk_vobres_n_buy.py' 2026-06-02 11:56:05,928 : 하향추세 247540 에코프로비엠 < 5MA 10MA
[INFO] 'chk_vobres_n_buy.py' 2026-06-02 11:56:05,928 : 하향추세 272210 한화시스템 < 5MA 10MA
[DEBUG] 'chk_vobres_n_buy.py' 2026-06-02 11:56:05,928 : 조건검색 종목 수18
[DEBUG] 'chk_vobres_n_buy.py' 2026-06-02 11:56:06,943 : 조건검색 종목 수2
[INFO] 'chk_vobres_n_buy.py' 2026-06-02 11:56:07,959 : 하향추세 003670 포스코퓨처엠 < 5MA 10MA
[WARNING] 'chk_vobres_n_buy.py' 2026-06-02 11:56:07,959 :  Not found in last_ohlc.txt 005070 코스모신소재
[INFO] 'chk_vobres_n_buy.py' 2026-06-02 11:56:07,960 : 하향추세 005490 POSCO홀딩스 < 5MA 10MA
[INFO] 'chk_vobres_n_buy.py' 2026-06-02 11:56:07,960 : 하향추세 006400 삼성SDI < 5MA 10MA
[INFO] 'chk_vobres_n_buy.py' 2026-06-02 11:56:07,960 : 하향추세 012450 한화에어로스페이스 < 5MA 10MA
[INFO] 'chk_vobres_n_buy.py' 2026-06-02 11:56:07,960 : 하향추세 042700 한미반도체 < 5MA 10MA
[INFO] 'chk_vobres_n_buy.py' 2026-06-02 11:56:07,961 : 하향추세 047810 한국항공우주 < 5MA 10MA
[INFO] 'chk_vobres_n_buy.py' 2026-06-02 11:56:07,975 : 하향추세 064350 현대로템 < 5MA 10MA
[INFO] 'chk_vobres_n_buy.py' 2026-06-02 11:56:07,975 : 하향추세 079550 LIG디펜스앤에어로스 < 5MA 10MA
[INFO] 'chk_vobres_n_buy.py' 2026-06-02 11:56:07,975 : 하향추세 086520 에코프로 < 5MA 10MA
[INFO] 'chk_vobres_n_buy.py' 2026-06-02 11:56:07,976 : 하향추세 096770 SK이노베이션 < 5MA 10MA
[INFO] 'chk_vobres_n_buy.py' 2026-06-02 11:56:07,976 : 하향추세 247540 에코프로비엠 < 5MA 10MA
[INFO] 'chk_vobres_n_buy.py' 2026-06-02 11:56:07,976 : 하향추세 272210 한화시스템 < 5MA 10MA
[DEBUG] 'chk_vobres_n_buy.py' 2026-06-02 11:56:07,976 : 조건검색 종목 수18
[DEBUG] 'chk_vobres_n_buy.py' 2026-06-02 11:56:08,991 : 조건검색 종목 수3
[INFO] 'chk_vobres_n_buy.py' 2026-06-02 11:56:10,002 : 하향추세 003670 포스코퓨처엠 < 5MA 10MA
[WARNING] 'chk_vobres_n_buy.py' 2026-06-02 11:56:10,002 :  Not found in last_ohlc.txt 005070 코스모신소재
[INFO] 'chk_vobres_n_buy.py' 2026-06-02 11:56:10,002 : 하향추세 005490 POSCO홀딩스 < 5MA 10MA
[INFO] 'chk_vobres_n_buy.py' 2026-06-02 11:56:10,002 : 하향추세 006400 삼성SDI < 5MA 10MA
[INFO] 'chk_vobres_n_buy.py' 2026-06-02 11:56:10,002 : 하향추세 012450 한화에어로스페이스 < 5MA 10MA
[INFO] 'chk_vobres_n_buy.py' 2026-06-02 11:56:10,002 : 하향추세 042700 한미반도체 < 5MA 10MA
[INFO] 'chk_vobres_n_buy.py' 2026-06-02 11:56:10,002 : 하향추세 047810 한국항공우주 < 5MA 10MA
[INFO] 'chk_vobres_n_buy.py' 2026-06-02 11:56:10,002 : 하향추세 064350 현대로템 < 5MA 10MA
[INFO] 'chk_vobres_n_buy.py' 2026-06-02 11:56:10,002 : 하향추세 079550 LIG디펜스앤에어로스 < 5MA 10MA
[INFO] 'chk_vobres_n_buy.py' 2026-06-02 11:56:10,003 : 하향추세 086520 에코프로 < 5MA 10MA
[INFO] 'chk_vobres_n_buy.py' 2026-06-02 11:56:10,003 : 하향추세 096770 SK이노베이션 < 5MA 10MA
[INFO] 'chk_vobres_n_buy.py' 2026-06-02 11:56:10,003 : 하향추세 247540 에코프로비엠 < 5MA 10MA
[INFO] 'chk_vobres_n_buy.py' 2026-06-02 11:56:10,003 : 하향추세 272210 한화시스템 < 5MA 10MA
[DEBUG] 'chk_vobres_n_buy.py' 2026-06-02 11:56:10,003 : 조건검색 종목 수18
[DEBUG] 'chk_vobres_n_buy.py' 2026-06-02 11:56:11,012 : 조건검색 종목 수3
[INFO] 'chk_vobres_n_buy.py' 2026-06-02 11:56:12,025 : 하향추세 003670 포스코퓨처엠 < 5MA 10MA
[WARNING] 'chk_vobres_n_buy.py' 2026-06-02 11:56:12,025 :  Not found in last_ohlc.txt 005070 코스모신소재
[INFO] 'chk_vobres_n_buy.py' 2026-06-02 11:56:12,025 : 하향추세 005490 POSCO홀딩스 < 5MA 10MA
[INFO] 'chk_vobres_n_buy.py' 2026-06-02 11:56:12,026 : 하향추세 006400 삼성SDI < 5MA 10MA
[INFO] 'chk_vobres_n_buy.py' 2026-06-02 11:56:12,026 : 하향추세 012450 한화에어로스페이스 < 5MA 10MA
[INFO] 'chk_vobres_n_buy.py' 2026-06-02 11:56:12,026 : 하향추세 042700 한미반도체 < 5MA 10MA
[INFO] 'chk_vobres_n_buy.py' 2026-06-02 11:56:12,026 : 하향추세 047810 한국항공우주 < 5MA 10MA
[INFO] 'chk_vobres_n_buy.py' 2026-06-02 11:56:12,026 : 하향추세 064350 현대로템 < 5MA 10MA
[INFO] 'chk_vobres_n_buy.py' 2026-06-02 11:56:12,026 : 하향추세 079550 LIG디펜스앤에어로스 < 5MA 10MA
[INFO] 'chk_vobres_n_buy.py' 2026-06-02 11:56:12,026 : 하향추세 086520 에코프로 < 5MA 10MA
[INFO] 'chk_vobres_n_buy.py' 2026-06-02 11:56:12,026 : 하향추세 096770 SK이노베이션 < 5MA 10MA
[INFO] 'chk_vobres_n_buy.py' 2026-06-02 11:56:12,026 : 하향추세 247540 에코프로비엠 < 5MA 10MA
[INFO] 'chk_vobres_n_buy.py' 2026-06-02 11:56:12,026 : 하향추세 272210 한화시스템 < 5MA 10MA
[DEBUG] 'chk_vobres_n_buy.py' 2026-06-02 11:56:12,026 : 조건검색 종목 수18
[DEBUG] 'chk_vobres_n_buy.py' 2026-06-02 11:56:13,039 : 조건검색 종목 수3
[INFO] 'chk_vobres_n_buy.py' 2026-06-02 11:56:14,052 : 하향추세 003670 포스코퓨처엠 < 5MA 10MA
[WARNING] 'chk_vobres_n_buy.py' 2026-06-02 11:56:14,053 :  Not found in last_ohlc.txt 005070 코스모신소재
[INFO] 'chk_vobres_n_buy.py' 2026-06-02 11:56:14,053 : 하향추세 005490 POSCO홀딩스 < 5MA 10MA
[INFO] 'chk_vobres_n_buy.py' 2026-06-02 11:56:14,054 : 하향추세 006400 삼성SDI < 5MA 10MA
[INFO] 'chk_vobres_n_buy.py' 2026-06-02 11:56:14,054 : 하향추세 012450 한화에어로스페이스 < 5MA 10MA
[INFO] 'chk_vobres_n_buy.py' 2026-06-02 11:56:14,054 : 하향추세 042700 한미반도체 < 5MA 10MA
[INFO] 'chk_vobres_n_buy.py' 2026-06-02 11:56:14,055 : 하향추세 047810 한국항공우주 < 5MA 10MA
[INFO] 'chk_vobres_n_buy.py' 2026-06-02 11:56:14,055 : 하향추세 064350 현대로템 < 5MA 10MA
[INFO] 'chk_vobres_n_buy.py' 2026-06-02 11:56:14,055 : 하향추세 079550 LIG디펜스앤에어로스 < 5MA 10MA
[INFO] 'chk_vobres_n_buy.py' 2026-06-02 11:56:14,056 : 하향추세 086520 에코프로 < 5MA 10MA
[INFO] 'chk_vobres_n_buy.py' 2026-06-02 11:56:14,056 : 하향추세 096770 SK이노베이션 < 5MA 10MA
[INFO] 'chk_vobres_n_buy.py' 2026-06-02 11:56:14,056 : 하향추세 247540 에코프로비엠 < 5MA 10MA
[INFO] 'chk_vobres_n_buy.py' 2026-06-02 11:56:14,056 : 하향추세 272210 한화시스템 < 5MA 10MA
[DEBUG] 'chk_vobres_n_buy.py' 2026-06-02 11:56:14,057 : 조건검색 종목 수18
[DEBUG] 'chk_vobres_n_buy.py' 2026-06-02 11:56:15,067 : 조건검색 종목 수2
[INFO] 'chk_vobres_n_buy.py' 2026-06-02 11:56:16,073 : 하향추세 003670 포스코퓨처엠 < 5MA 10MA
[WARNING] 'chk_vobres_n_buy.py' 2026-06-02 11:56:16,073 :  Not found in last_ohlc.txt 005070 코스모신소재
[INFO] 'chk_vobres_n_buy.py' 2026-06-02 11:56:16,073 : 하향추세 005490 POSCO홀딩스 < 5MA 10MA
[INFO] 'chk_vobres_n_buy.py' 2026-06-02 11:56:16,074 : 하향추세 006400 삼성SDI < 5MA 10MA
[INFO] 'chk_vobres_n_buy.py' 2026-06-02 11:56:16,074 : 하향추세 012450 한화에어로스페이스 < 5MA 10MA
[INFO] 'chk_vobres_n_buy.py' 2026-06-02 11:56:16,074 : 하향추세 042700 한미반도체 < 5MA 10MA
[INFO] 'chk_vobres_n_buy.py' 2026-06-02 11:56:16,074 : 하향추세 047810 한국항공우주 < 5MA 10MA
[INFO] 'chk_vobres_n_buy.py' 2026-06-02 11:56:16,074 : 하향추세 064350 현대로템 < 5MA 10MA
[INFO] 'chk_vobres_n_buy.py' 2026-06-02 11:56:16,074 : 하향추세 079550 LIG디펜스앤에어로스 < 5MA 10MA
[INFO] 'chk_vobres_n_buy.py' 2026-06-02 11:56:16,074 : 하향추세 086520 에코프로 < 5MA 10MA
[INFO] 'chk_vobres_n_buy.py' 2026-06-02 11:56:16,074 : 하향추세 096770 SK이노베이션 < 5MA 10MA
[INFO] 'chk_vobres_n_buy.py' 2026-06-02 11:56:16,074 : 하향추세 247540 에코프로비엠 < 5MA 10MA
[INFO] 'chk_vobres_n_buy.py' 2026-06-02 11:56:16,074 : 하향추세 272210 한화시스템 < 5MA 10MA
[DEBUG] 'chk_vobres_n_buy.py' 2026-06-02 11:56:16,074 : 조건검색 종목 수18
[DEBUG] 'chk_vobres_n_buy.py' 2026-06-02 11:56:17,612 : 조건검색 종목 수2
[INFO] 'chk_vobres_n_buy.py' 2026-06-02 11:56:18,624 : 하향추세 003670 포스코퓨처엠 < 5MA 10MA
[WARNING] 'chk_vobres_n_buy.py' 2026-06-02 11:56:18,624 :  Not found in last_ohlc.txt 005070 코스모신소재
[INFO] 'chk_vobres_n_buy.py' 2026-06-02 11:56:18,624 : 하향추세 005490 POSCO홀딩스 < 5MA 10MA
[INFO] 'chk_vobres_n_buy.py' 2026-06-02 11:56:18,624 : 하향추세 006400 삼성SDI < 5MA 10MA
[INFO] 'chk_vobres_n_buy.py' 2026-06-02 11:56:18,624 : 하향추세 012450 한화에어로스페이스 < 5MA 10MA
[INFO] 'chk_vobres_n_buy.py' 2026-06-02 11:56:18,625 : 하향추세 042700 한미반도체 < 5MA 10MA
[INFO] 'chk_vobres_n_buy.py' 2026-06-02 11:56:18,625 : 하향추세 047810 한국항공우주 < 5MA 10MA
[INFO] 'chk_vobres_n_buy.py' 2026-06-02 11:56:18,625 : 하향추세 064350 현대로템 < 5MA 10MA
[INFO] 'chk_vobres_n_buy.py' 2026-06-02 11:56:18,625 : 하향추세 079550 LIG디펜스앤에어로스 < 5MA 10MA
[INFO] 'chk_vobres_n_buy.py' 2026-06-02 11:56:18,625 : 하향추세 086520 에코프로 < 5MA 10MA
[INFO] 'chk_vobres_n_buy.py' 2026-06-02 11:56:18,625 : 하향추세 096770 SK이노베이션 < 5MA 10MA
[INFO] 'chk_vobres_n_buy.py' 2026-06-02 11:56:18,625 : 하향추세 247540 에코프로비엠 < 5MA 10MA
[INFO] 'chk_vobres_n_buy.py' 2026-06-02 11:56:18,625 : 하향추세 272210 한화시스템 < 5MA 10MA
[DEBUG] 'chk_vobres_n_buy.py' 2026-06-02 11:56:18,625 : 조건검색 종목 수18
[DEBUG] 'chk_vobres_n_buy.py' 2026-06-02 11:56:19,635 : 조건검색 종목 수2
[INFO] 'chk_vobres_n_buy.py' 2026-06-02 11:56:20,653 : 하향추세 003670 포스코퓨처엠 < 5MA 10MA
[WARNING] 'chk_vobres_n_buy.py' 2026-06-02 11:56:20,654 :  Not found in last_ohlc.txt 005070 코스모신소재
[INFO] 'chk_vobres_n_buy.py' 2026-06-02 11:56:20,654 : 하향추세 005490 POSCO홀딩스 < 5MA 10MA
[INFO] 'chk_vobres_n_buy.py' 2026-06-02 11:56:20,654 : 하향추세 006400 삼성SDI < 5MA 10MA
[INFO] 'chk_vobres_n_buy.py' 2026-06-02 11:56:20,655 : 하향추세 012450 한화에어로스페이스 < 5MA 10MA
[INFO] 'chk_vobres_n_buy.py' 2026-06-02 11:56:20,655 : 하향추세 042700 한미반도체 < 5MA 10MA
[INFO] 'chk_vobres_n_buy.py' 2026-06-02 11:56:20,655 : 하향추세 047810 한국항공우주 < 5MA 10MA
[INFO] 'chk_vobres_n_buy.py' 2026-06-02 11:56:20,656 : 하향추세 064350 현대로템 < 5MA 10MA
[INFO] 'chk_vobres_n_buy.py' 2026-06-02 11:56:20,656 : 하향추세 079550 LIG디펜스앤에어로스 < 5MA 10MA
[INFO] 'chk_vobres_n_buy.py' 2026-06-02 11:56:20,656 : 하향추세 086520 에코프로 < 5MA 10MA
[INFO] 'chk_vobres_n_buy.py' 2026-06-02 11:56:20,657 : 하향추세 096770 SK이노베이션 < 5MA 10MA
[INFO] 'chk_vobres_n_buy.py' 2026-06-02 11:56:20,657 : 하향추세 247540 에코프로비엠 < 5MA 10MA
[INFO] 'chk_vobres_n_buy.py' 2026-06-02 11:56:20,657 : 하향추세 272210 한화시스템 < 5MA 10MA
[DEBUG] 'chk_vobres_n_buy.py' 2026-06-02 11:56:20,657 : 조건검색 종목 수18
[DEBUG] 'chk_vobres_n_buy.py' 2026-06-02 11:56:21,661 : 조건검색 종목 수2
[INFO] 'chk_vobres_n_buy.py' 2026-06-02 11:56:22,675 : 하향추세 003670 포스코퓨처엠 < 5MA 10MA
[WARNING] 'chk_vobres_n_buy.py' 2026-06-02 11:56:22,675 :  Not found in last_ohlc.txt 005070 코스모신소재
[INFO] 'chk_vobres_n_buy.py' 2026-06-02 11:56:22,676 : 하향추세 005490 POSCO홀딩스 < 5MA 10MA
[INFO] 'chk_vobres_n_buy.py' 2026-06-02 11:56:22,676 : 하향추세 006400 삼성SDI < 5MA 10MA
[INFO] 'chk_vobres_n_buy.py' 2026-06-02 11:56:22,676 : 하향추세 012450 한화에어로스페이스 < 5MA 10MA
[INFO] 'chk_vobres_n_buy.py' 2026-06-02 11:56:22,677 : 하향추세 042700 한미반도체 < 5MA 10MA
[INFO] 'chk_vobres_n_buy.py' 2026-06-02 11:56:22,677 : 하향추세 047810 한국항공우주 < 5MA 10MA
[INFO] 'chk_vobres_n_buy.py' 2026-06-02 11:56:22,677 : 하향추세 064350 현대로템 < 5MA 10MA
[INFO] 'chk_vobres_n_buy.py' 2026-06-02 11:56:22,678 : 하향추세 079550 LIG디펜스앤에어로스 < 5MA 10MA
[INFO] 'chk_vobres_n_buy.py' 2026-06-02 11:56:22,678 : 하향추세 086520 에코프로 < 5MA 10MA
[INFO] 'chk_vobres_n_buy.py' 2026-06-02 11:56:22,678 : 하향추세 096770 SK이노베이션 < 5MA 10MA
[INFO] 'chk_vobres_n_buy.py' 2026-06-02 11:56:22,679 : 하향추세 247540 에코프로비엠 < 5MA 10MA
[INFO] 'chk_vobres_n_buy.py' 2026-06-02 11:56:22,679 : 하향추세 272210 한화시스템 < 5MA 10MA
[DEBUG] 'chk_vobres_n_buy.py' 2026-06-02 11:56:22,679 : 조건검색 종목 수18
[DEBUG] 'chk_vobres_n_buy.py' 2026-06-02 11:56:23,695 : 조건검색 종목 수3
[INFO] 'chk_vobres_n_buy.py' 2026-06-02 11:56:24,712 : 하향추세 003670 포스코퓨처엠 < 5MA 10MA
[WARNING] 'chk_vobres_n_buy.py' 2026-06-02 11:56:24,713 :  Not found in last_ohlc.txt 005070 코스모신소재
[INFO] 'chk_vobres_n_buy.py' 2026-06-02 11:56:24,713 : 하향추세 005490 POSCO홀딩스 < 5MA 10MA
[INFO] 'chk_vobres_n_buy.py' 2026-06-02 11:56:24,713 : 하향추세 006400 삼성SDI < 5MA 10MA
[INFO] 'chk_vobres_n_buy.py' 2026-06-02 11:56:24,714 : 하향추세 012450 한화에어로스페이스 < 5MA 10MA
[INFO] 'chk_vobres_n_buy.py' 2026-06-02 11:56:24,714 : 하향추세 042700 한미반도체 < 5MA 10MA
[INFO] 'chk_vobres_n_buy.py' 2026-06-02 11:56:24,714 : 하향추세 047810 한국항공우주 < 5MA 10MA
[INFO] 'chk_vobres_n_buy.py' 2026-06-02 11:56:24,714 : 하향추세 064350 현대로템 < 5MA 10MA
[INFO] 'chk_vobres_n_buy.py' 2026-06-02 11:56:24,715 : 하향추세 079550 LIG디펜스앤에어로스 < 5MA 10MA
[INFO] 'chk_vobres_n_buy.py' 2026-06-02 11:56:24,716 : 하향추세 086520 에코프로 < 5MA 10MA
[INFO] 'chk_vobres_n_buy.py' 2026-06-02 11:56:24,716 : 하향추세 096770 SK이노베이션 < 5MA 10MA
[INFO] 'chk_vobres_n_buy.py' 2026-06-02 11:56:24,716 : 하향추세 247540 에코프로비엠 < 5MA 10MA
[INFO] 'chk_vobres_n_buy.py' 2026-06-02 11:56:24,716 : 하향추세 272210 한화시스템 < 5MA 10MA
[DEBUG] 'chk_vobres_n_buy.py' 2026-06-02 11:56:24,717 : 조건검색 종목 수18
[DEBUG] 'chk_vobres_n_buy.py' 2026-06-02 11:56:25,722 : 조건검색 종목 수2
[INFO] 'chk_vobres_n_buy.py' 2026-06-02 11:56:26,734 : 하향추세 003670 포스코퓨처엠 < 5MA 10MA
[WARNING] 'chk_vobres_n_buy.py' 2026-06-02 11:56:26,735 :  Not found in last_ohlc.txt 005070 코스모신소재
[INFO] 'chk_vobres_n_buy.py' 2026-06-02 11:56:26,735 : 하향추세 005490 POSCO홀딩스 < 5MA 10MA
[INFO] 'chk_vobres_n_buy.py' 2026-06-02 11:56:26,735 : 하향추세 006400 삼성SDI < 5MA 10MA
[INFO] 'chk_vobres_n_buy.py' 2026-06-02 11:56:26,735 : 하향추세 012450 한화에어로스페이스 < 5MA 10MA
[INFO] 'chk_vobres_n_buy.py' 2026-06-02 11:56:26,735 : 하향추세 042700 한미반도체 < 5MA 10MA
[INFO] 'chk_vobres_n_buy.py' 2026-06-02 11:56:26,736 : 하향추세 047810 한국항공우주 < 5MA 10MA
[INFO] 'chk_vobres_n_buy.py' 2026-06-02 11:56:26,736 : 하향추세 064350 현대로템 < 5MA 10MA
[INFO] 'chk_vobres_n_buy.py' 2026-06-02 11:56:26,736 : 하향추세 079550 LIG디펜스앤에어로스 < 5MA 10MA
[INFO] 'chk_vobres_n_buy.py' 2026-06-02 11:56:26,736 : 하향추세 086520 에코프로 < 5MA 10MA
[INFO] 'chk_vobres_n_buy.py' 2026-06-02 11:56:26,736 : 하향추세 096770 SK이노베이션 < 5MA 10MA
[INFO] 'chk_vobres_n_buy.py' 2026-06-02 11:56:26,736 : 하향추세 247540 에코프로비엠 < 5MA 10MA
[INFO] 'chk_vobres_n_buy.py' 2026-06-02 11:56:26,736 : 하향추세 272210 한화시스템 < 5MA 10MA
[DEBUG] 'chk_vobres_n_buy.py' 2026-06-02 11:56:26,737 : 조건검색 종목 수18
[DEBUG] 'chk_vobres_n_buy.py' 2026-06-02 11:56:27,743 : 조건검색 종목 수2
[INFO] 'chk_vobres_n_buy.py' 2026-06-02 11:56:28,751 : 하향추세 003670 포스코퓨처엠 < 5MA 10MA
[WARNING] 'chk_vobres_n_buy.py' 2026-06-02 11:56:28,752 :  Not found in last_ohlc.txt 005070 코스모신소재
[INFO] 'chk_vobres_n_buy.py' 2026-06-02 11:56:28,752 : 하향추세 005490 POSCO홀딩스 < 5MA 10MA
[INFO] 'chk_vobres_n_buy.py' 2026-06-02 11:56:28,752 : 하향추세 006400 삼성SDI < 5MA 10MA
[INFO] 'chk_vobres_n_buy.py' 2026-06-02 11:56:28,752 : 하향추세 012450 한화에어로스페이스 < 5MA 10MA
[INFO] 'chk_vobres_n_buy.py' 2026-06-02 11:56:28,753 : 하향추세 042700 한미반도체 < 5MA 10MA
[INFO] 'chk_vobres_n_buy.py' 2026-06-02 11:56:28,753 : 하향추세 047810 한국항공우주 < 5MA 10MA
[INFO] 'chk_vobres_n_buy.py' 2026-06-02 11:56:28,753 : 하향추세 064350 현대로템 < 5MA 10MA
[INFO] 'chk_vobres_n_buy.py' 2026-06-02 11:56:28,753 : 하향추세 079550 LIG디펜스앤에어로스 < 5MA 10MA
[INFO] 'chk_vobres_n_buy.py' 2026-06-02 11:56:28,754 : 하향추세 086520 에코프로 < 5MA 10MA
[INFO] 'chk_vobres_n_buy.py' 2026-06-02 11:56:28,754 : 하향추세 096770 SK이노베이션 < 5MA 10MA
[INFO] 'chk_vobres_n_buy.py' 2026-06-02 11:56:28,754 : 하향추세 247540 에코프로비엠 < 5MA 10MA
[INFO] 'chk_vobres_n_buy.py' 2026-06-02 11:56:28,754 : 하향추세 272210 한화시스템 < 5MA 10MA
[DEBUG] 'chk_vobres_n_buy.py' 2026-06-02 11:56:28,754 : 조건검색 종목 수18
[DEBUG] 'chk_vobres_n_buy.py' 2026-06-02 11:56:29,759 : 조건검색 종목 수2
[INFO] 'chk_vobres_n_buy.py' 2026-06-02 11:56:30,773 : 하향추세 003670 포스코퓨처엠 < 5MA 10MA
[WARNING] 'chk_vobres_n_buy.py' 2026-06-02 11:56:30,774 :  Not found in last_ohlc.txt 005070 코스모신소재
[INFO] 'chk_vobres_n_buy.py' 2026-06-02 11:56:30,774 : 하향추세 005490 POSCO홀딩스 < 5MA 10MA
[INFO] 'chk_vobres_n_buy.py' 2026-06-02 11:56:30,775 : 하향추세 006400 삼성SDI < 5MA 10MA
[INFO] 'chk_vobres_n_buy.py' 2026-06-02 11:56:30,775 : 하향추세 012450 한화에어로스페이스 < 5MA 10MA
[INFO] 'chk_vobres_n_buy.py' 2026-06-02 11:56:30,775 : 하향추세 042700 한미반도체 < 5MA 10MA
[INFO] 'chk_vobres_n_buy.py' 2026-06-02 11:56:30,776 : 하향추세 047810 한국항공우주 < 5MA 10MA
[INFO] 'chk_vobres_n_buy.py' 2026-06-02 11:56:30,776 : 하향추세 064350 현대로템 < 5MA 10MA
[INFO] 'chk_vobres_n_buy.py' 2026-06-02 11:56:30,776 : 하향추세 079550 LIG디펜스앤에어로스 < 5MA 10MA
[INFO] 'chk_vobres_n_buy.py' 2026-06-02 11:56:30,777 : 하향추세 086520 에코프로 < 5MA 10MA
[INFO] 'chk_vobres_n_buy.py' 2026-06-02 11:56:30,777 : 하향추세 096770 SK이노베이션 < 5MA 10MA
[INFO] 'chk_vobres_n_buy.py' 2026-06-02 11:56:30,777 : 하향추세 247540 에코프로비엠 < 5MA 10MA
[INFO] 'chk_vobres_n_buy.py' 2026-06-02 11:56:30,778 : 하향추세 272210 한화시스템 < 5MA 10MA
[DEBUG] 'chk_vobres_n_buy.py' 2026-06-02 11:56:30,778 : 조건검색 종목 수18
[DEBUG] 'chk_vobres_n_buy.py' 2026-06-02 11:56:31,793 : 조건검색 종목 수3
[INFO] 'chk_vobres_n_buy.py' 2026-06-02 11:56:32,801 : 하향추세 003670 포스코퓨처엠 < 5MA 10MA
[WARNING] 'chk_vobres_n_buy.py' 2026-06-02 11:56:32,801 :  Not found in last_ohlc.txt 005070 코스모신소재
[INFO] 'chk_vobres_n_buy.py' 2026-06-02 11:56:32,802 : 하향추세 005490 POSCO홀딩스 < 5MA 10MA
[INFO] 'chk_vobres_n_buy.py' 2026-06-02 11:56:32,802 : 하향추세 006400 삼성SDI < 5MA 10MA
[INFO] 'chk_vobres_n_buy.py' 2026-06-02 11:56:32,802 : 하향추세 012450 한화에어로스페이스 < 5MA 10MA
[INFO] 'chk_vobres_n_buy.py' 2026-06-02 11:56:32,802 : 하향추세 042700 한미반도체 < 5MA 10MA
[INFO] 'chk_vobres_n_buy.py' 2026-06-02 11:56:32,802 : 하향추세 047810 한국항공우주 < 5MA 10MA
[INFO] 'chk_vobres_n_buy.py' 2026-06-02 11:56:32,802 : 하향추세 064350 현대로템 < 5MA 10MA
[INFO] 'chk_vobres_n_buy.py' 2026-06-02 11:56:32,802 : 하향추세 079550 LIG디펜스앤에어로스 < 5MA 10MA
[INFO] 'chk_vobres_n_buy.py' 2026-06-02 11:56:32,802 : 하향추세 086520 에코프로 < 5MA 10MA
[INFO] 'chk_vobres_n_buy.py' 2026-06-02 11:56:32,802 : 하향추세 096770 SK이노베이션 < 5MA 10MA
[INFO] 'chk_vobres_n_buy.py' 2026-06-02 11:56:32,803 : 하향추세 247540 에코프로비엠 < 5MA 10MA
[INFO] 'chk_vobres_n_buy.py' 2026-06-02 11:56:32,803 : 하향추세 272210 한화시스템 < 5MA 10MA
[DEBUG] 'chk_vobres_n_buy.py' 2026-06-02 11:56:32,803 : 조건검색 종목 수18
[DEBUG] 'chk_vobres_n_buy.py' 2026-06-02 11:56:33,811 : 조건검색 종목 수2
[INFO] 'chk_vobres_n_buy.py' 2026-06-02 11:56:34,834 : 하향추세 003670 포스코퓨처엠 < 5MA 10MA
[WARNING] 'chk_vobres_n_buy.py' 2026-06-02 11:56:34,835 :  Not found in last_ohlc.txt 005070 코스모신소재
[INFO] 'chk_vobres_n_buy.py' 2026-06-02 11:56:34,836 : 하향추세 005490 POSCO홀딩스 < 5MA 10MA
[INFO] 'chk_vobres_n_buy.py' 2026-06-02 11:56:34,836 : 하향추세 006400 삼성SDI < 5MA 10MA
[INFO] 'chk_vobres_n_buy.py' 2026-06-02 11:56:34,837 : 하향추세 012450 한화에어로스페이스 < 5MA 10MA
[INFO] 'chk_vobres_n_buy.py' 2026-06-02 11:56:34,837 : 하향추세 042700 한미반도체 < 5MA 10MA
[INFO] 'chk_vobres_n_buy.py' 2026-06-02 11:56:34,837 : 하향추세 047810 한국항공우주 < 5MA 10MA
[INFO] 'chk_vobres_n_buy.py' 2026-06-02 11:56:34,838 : 하향추세 064350 현대로템 < 5MA 10MA
[INFO] 'chk_vobres_n_buy.py' 2026-06-02 11:56:34,838 : 하향추세 079550 LIG디펜스앤에어로스 < 5MA 10MA
[INFO] 'chk_vobres_n_buy.py' 2026-06-02 11:56:34,838 : 하향추세 086520 에코프로 < 5MA 10MA
[INFO] 'chk_vobres_n_buy.py' 2026-06-02 11:56:34,839 : 하향추세 096770 SK이노베이션 < 5MA 10MA
[INFO] 'chk_vobres_n_buy.py' 2026-06-02 11:56:34,839 : 하향추세 247540 에코프로비엠 < 5MA 10MA
[INFO] 'chk_vobres_n_buy.py' 2026-06-02 11:56:34,839 : 하향추세 272210 한화시스템 < 5MA 10MA
[DEBUG] 'chk_vobres_n_buy.py' 2026-06-02 11:56:34,840 : 조건검색 종목 수18
[DEBUG] 'chk_vobres_n_buy.py' 2026-06-02 11:56:35,848 : 조건검색 종목 수3
[INFO] 'chk_vobres_n_buy.py' 2026-06-02 11:56:36,854 : 하향추세 003670 포스코퓨처엠 < 5MA 10MA
[WARNING] 'chk_vobres_n_buy.py' 2026-06-02 11:56:36,855 :  Not found in last_ohlc.txt 005070 코스모신소재
[INFO] 'chk_vobres_n_buy.py' 2026-06-02 11:56:36,855 : 하향추세 005490 POSCO홀딩스 < 5MA 10MA
[INFO] 'chk_vobres_n_buy.py' 2026-06-02 11:56:36,856 : 하향추세 006400 삼성SDI < 5MA 10MA
[INFO] 'chk_vobres_n_buy.py' 2026-06-02 11:56:36,856 : 하향추세 012450 한화에어로스페이스 < 5MA 10MA
[INFO] 'chk_vobres_n_buy.py' 2026-06-02 11:56:36,856 : 하향추세 042700 한미반도체 < 5MA 10MA
[INFO] 'chk_vobres_n_buy.py' 2026-06-02 11:56:36,856 : 하향추세 047810 한국항공우주 < 5MA 10MA
[INFO] 'chk_vobres_n_buy.py' 2026-06-02 11:56:36,857 : 하향추세 064350 현대로템 < 5MA 10MA
[INFO] 'chk_vobres_n_buy.py' 2026-06-02 11:56:36,857 : 하향추세 079550 LIG디펜스앤에어로스 < 5MA 10MA
[INFO] 'chk_vobres_n_buy.py' 2026-06-02 11:56:36,857 : 하향추세 086520 에코프로 < 5MA 10MA
[INFO] 'chk_vobres_n_buy.py' 2026-06-02 11:56:36,858 : 하향추세 096770 SK이노베이션 < 5MA 10MA
[INFO] 'chk_vobres_n_buy.py' 2026-06-02 11:56:36,858 : 하향추세 247540 에코프로비엠 < 5MA 10MA
[INFO] 'chk_vobres_n_buy.py' 2026-06-02 11:56:36,858 : 하향추세 272210 한화시스템 < 5MA 10MA
[DEBUG] 'chk_vobres_n_buy.py' 2026-06-02 11:56:36,859 : 조건검색 종목 수18
[DEBUG] 'chk_vobres_n_buy.py' 2026-06-02 11:56:37,868 : 조건검색 종목 수3
[INFO] 'chk_vobres_n_buy.py' 2026-06-02 11:56:38,878 : 하향추세 003670 포스코퓨처엠 < 5MA 10MA
[WARNING] 'chk_vobres_n_buy.py' 2026-06-02 11:56:38,879 :  Not found in last_ohlc.txt 005070 코스모신소재
[INFO] 'chk_vobres_n_buy.py' 2026-06-02 11:56:38,879 : 하향추세 005490 POSCO홀딩스 < 5MA 10MA
[INFO] 'chk_vobres_n_buy.py' 2026-06-02 11:56:38,880 : 하향추세 006400 삼성SDI < 5MA 10MA
[INFO] 'chk_vobres_n_buy.py' 2026-06-02 11:56:38,880 : 하향추세 012450 한화에어로스페이스 < 5MA 10MA
[INFO] 'chk_vobres_n_buy.py' 2026-06-02 11:56:38,880 : 하향추세 042700 한미반도체 < 5MA 10MA
[INFO] 'chk_vobres_n_buy.py' 2026-06-02 11:56:38,881 : 하향추세 047810 한국항공우주 < 5MA 10MA
[INFO] 'chk_vobres_n_buy.py' 2026-06-02 11:56:38,881 : 하향추세 064350 현대로템 < 5MA 10MA
[INFO] 'chk_vobres_n_buy.py' 2026-06-02 11:56:38,882 : 하향추세 079550 LIG디펜스앤에어로스 < 5MA 10MA
[INFO] 'chk_vobres_n_buy.py' 2026-06-02 11:56:38,882 : 하향추세 086520 에코프로 < 5MA 10MA
[INFO] 'chk_vobres_n_buy.py' 2026-06-02 11:56:38,882 : 하향추세 096770 SK이노베이션 < 5MA 10MA
[INFO] 'chk_vobres_n_buy.py' 2026-06-02 11:56:38,883 : 하향추세 247540 에코프로비엠 < 5MA 10MA
[INFO] 'chk_vobres_n_buy.py' 2026-06-02 11:56:38,883 : 하향추세 272210 한화시스템 < 5MA 10MA
[DEBUG] 'chk_vobres_n_buy.py' 2026-06-02 11:56:38,883 : 조건검색 종목 수18
[DEBUG] 'chk_vobres_n_buy.py' 2026-06-02 11:56:39,894 : 조건검색 종목 수2
[INFO] 'chk_vobres_n_buy.py' 2026-06-02 11:56:40,904 : 하향추세 003670 포스코퓨처엠 < 5MA 10MA
[WARNING] 'chk_vobres_n_buy.py' 2026-06-02 11:56:40,904 :  Not found in last_ohlc.txt 005070 코스모신소재
[INFO] 'chk_vobres_n_buy.py' 2026-06-02 11:56:40,905 : 하향추세 005490 POSCO홀딩스 < 5MA 10MA
[INFO] 'chk_vobres_n_buy.py' 2026-06-02 11:56:40,905 : 하향추세 006400 삼성SDI < 5MA 10MA
[INFO] 'chk_vobres_n_buy.py' 2026-06-02 11:56:40,905 : 하향추세 012450 한화에어로스페이스 < 5MA 10MA
[INFO] 'chk_vobres_n_buy.py' 2026-06-02 11:56:40,906 : 하향추세 042700 한미반도체 < 5MA 10MA
[INFO] 'chk_vobres_n_buy.py' 2026-06-02 11:56:40,906 : 하향추세 047810 한국항공우주 < 5MA 10MA
[INFO] 'chk_vobres_n_buy.py' 2026-06-02 11:56:40,906 : 하향추세 064350 현대로템 < 5MA 10MA
[INFO] 'chk_vobres_n_buy.py' 2026-06-02 11:56:40,907 : 하향추세 079550 LIG디펜스앤에어로스 < 5MA 10MA
[INFO] 'chk_vobres_n_buy.py' 2026-06-02 11:56:40,907 : 하향추세 086520 에코프로 < 5MA 10MA
[INFO] 'chk_vobres_n_buy.py' 2026-06-02 11:56:40,907 : 하향추세 096770 SK이노베이션 < 5MA 10MA
[INFO] 'chk_vobres_n_buy.py' 2026-06-02 11:56:40,908 : 하향추세 247540 에코프로비엠 < 5MA 10MA
[INFO] 'chk_vobres_n_buy.py' 2026-06-02 11:56:40,908 : 하향추세 272210 한화시스템 < 5MA 10MA
[DEBUG] 'chk_vobres_n_buy.py' 2026-06-02 11:56:40,908 : 조건검색 종목 수18
[DEBUG] 'chk_vobres_n_buy.py' 2026-06-02 11:56:41,916 : 조건검색 종목 수3
[INFO] 'chk_vobres_n_buy.py' 2026-06-02 11:56:42,930 : 하향추세 003670 포스코퓨처엠 < 5MA 10MA
[WARNING] 'chk_vobres_n_buy.py' 2026-06-02 11:56:42,931 :  Not found in last_ohlc.txt 005070 코스모신소재
[INFO] 'chk_vobres_n_buy.py' 2026-06-02 11:56:42,931 : 하향추세 005490 POSCO홀딩스 < 5MA 10MA
[INFO] 'chk_vobres_n_buy.py' 2026-06-02 11:56:42,933 : 하향추세 006400 삼성SDI < 5MA 10MA
[INFO] 'chk_vobres_n_buy.py' 2026-06-02 11:56:42,934 : 하향추세 012450 한화에어로스페이스 < 5MA 10MA
[INFO] 'chk_vobres_n_buy.py' 2026-06-02 11:56:42,934 : 하향추세 042700 한미반도체 < 5MA 10MA
[INFO] 'chk_vobres_n_buy.py' 2026-06-02 11:56:42,935 : 하향추세 047810 한국항공우주 < 5MA 10MA
[INFO] 'chk_vobres_n_buy.py' 2026-06-02 11:56:42,935 : 하향추세 064350 현대로템 < 5MA 10MA
[INFO] 'chk_vobres_n_buy.py' 2026-06-02 11:56:42,935 : 하향추세 079550 LIG디펜스앤에어로스 < 5MA 10MA
[INFO] 'chk_vobres_n_buy.py' 2026-06-02 11:56:42,936 : 하향추세 086520 에코프로 < 5MA 10MA
[INFO] 'chk_vobres_n_buy.py' 2026-06-02 11:56:42,936 : 하향추세 096770 SK이노베이션 < 5MA 10MA
[INFO] 'chk_vobres_n_buy.py' 2026-06-02 11:56:42,936 : 하향추세 247540 에코프로비엠 < 5MA 10MA
[INFO] 'chk_vobres_n_buy.py' 2026-06-02 11:56:42,936 : 하향추세 272210 한화시스템 < 5MA 10MA
[DEBUG] 'chk_vobres_n_buy.py' 2026-06-02 11:56:42,937 : 조건검색 종목 수18
[DEBUG] 'chk_vobres_n_buy.py' 2026-06-02 11:56:43,949 : 조건검색 종목 수2
[INFO] 'chk_vobres_n_buy.py' 2026-06-02 11:56:44,955 : 하향추세 003670 포스코퓨처엠 < 5MA 10MA
[WARNING] 'chk_vobres_n_buy.py' 2026-06-02 11:56:44,955 :  Not found in last_ohlc.txt 005070 코스모신소재
[INFO] 'chk_vobres_n_buy.py' 2026-06-02 11:56:44,956 : 하향추세 005490 POSCO홀딩스 < 5MA 10MA
[INFO] 'chk_vobres_n_buy.py' 2026-06-02 11:56:44,956 : 하향추세 006400 삼성SDI < 5MA 10MA
[INFO] 'chk_vobres_n_buy.py' 2026-06-02 11:56:44,956 : 하향추세 012450 한화에어로스페이스 < 5MA 10MA
[INFO] 'chk_vobres_n_buy.py' 2026-06-02 11:56:44,957 : 하향추세 042700 한미반도체 < 5MA 10MA
[INFO] 'chk_vobres_n_buy.py' 2026-06-02 11:56:44,957 : 하향추세 047810 한국항공우주 < 5MA 10MA
[INFO] 'chk_vobres_n_buy.py' 2026-06-02 11:56:44,957 : 하향추세 064350 현대로템 < 5MA 10MA
[INFO] 'chk_vobres_n_buy.py' 2026-06-02 11:56:44,958 : 하향추세 079550 LIG디펜스앤에어로스 < 5MA 10MA
[INFO] 'chk_vobres_n_buy.py' 2026-06-02 11:56:44,958 : 하향추세 086520 에코프로 < 5MA 10MA
[INFO] 'chk_vobres_n_buy.py' 2026-06-02 11:56:44,958 : 하향추세 096770 SK이노베이션 < 5MA 10MA
[INFO] 'chk_vobres_n_buy.py' 2026-06-02 11:56:44,959 : 하향추세 247540 에코프로비엠 < 5MA 10MA
[INFO] 'chk_vobres_n_buy.py' 2026-06-02 11:56:44,959 : 하향추세 272210 한화시스템 < 5MA 10MA
[DEBUG] 'chk_vobres_n_buy.py' 2026-06-02 11:56:44,959 : 조건검색 종목 수18
[DEBUG] 'chk_vobres_n_buy.py' 2026-06-02 11:56:45,967 : 조건검색 종목 수3
[INFO] 'chk_vobres_n_buy.py' 2026-06-02 11:56:46,982 : 하향추세 003670 포스코퓨처엠 < 5MA 10MA
[WARNING] 'chk_vobres_n_buy.py' 2026-06-02 11:56:46,983 :  Not found in last_ohlc.txt 005070 코스모신소재
[INFO] 'chk_vobres_n_buy.py' 2026-06-02 11:56:46,983 : 하향추세 005490 POSCO홀딩스 < 5MA 10MA
[INFO] 'chk_vobres_n_buy.py' 2026-06-02 11:56:46,983 : 하향추세 006400 삼성SDI < 5MA 10MA
[INFO] 'chk_vobres_n_buy.py' 2026-06-02 11:56:46,984 : 하향추세 012450 한화에어로스페이스 < 5MA 10MA
[INFO] 'chk_vobres_n_buy.py' 2026-06-02 11:56:46,984 : 하향추세 042700 한미반도체 < 5MA 10MA
[INFO] 'chk_vobres_n_buy.py' 2026-06-02 11:56:46,985 : 하향추세 047810 한국항공우주 < 5MA 10MA
[INFO] 'chk_vobres_n_buy.py' 2026-06-02 11:56:46,985 : 하향추세 064350 현대로템 < 5MA 10MA
[INFO] 'chk_vobres_n_buy.py' 2026-06-02 11:56:46,985 : 하향추세 079550 LIG디펜스앤에어로스 < 5MA 10MA
[INFO] 'chk_vobres_n_buy.py' 2026-06-02 11:56:46,986 : 하향추세 086520 에코프로 < 5MA 10MA
[INFO] 'chk_vobres_n_buy.py' 2026-06-02 11:56:46,986 : 하향추세 096770 SK이노베이션 < 5MA 10MA
[INFO] 'chk_vobres_n_buy.py' 2026-06-02 11:56:46,987 : 하향추세 247540 에코프로비엠 < 5MA 10MA
[INFO] 'chk_vobres_n_buy.py' 2026-06-02 11:56:46,987 : 하향추세 272210 한화시스템 < 5MA 10MA
[DEBUG] 'chk_vobres_n_buy.py' 2026-06-02 11:56:46,987 : 조건검색 종목 수18
[DEBUG] 'chk_vobres_n_buy.py' 2026-06-02 11:56:47,995 : 조건검색 종목 수2
[INFO] 'chk_vobres_n_buy.py' 2026-06-02 11:56:49,007 : 하향추세 003670 포스코퓨처엠 < 5MA 10MA
[WARNING] 'chk_vobres_n_buy.py' 2026-06-02 11:56:49,007 :  Not found in last_ohlc.txt 005070 코스모신소재
[INFO] 'chk_vobres_n_buy.py' 2026-06-02 11:56:49,008 : 하향추세 005490 POSCO홀딩스 < 5MA 10MA
[INFO] 'chk_vobres_n_buy.py' 2026-06-02 11:56:49,008 : 하향추세 006400 삼성SDI < 5MA 10MA
[INFO] 'chk_vobres_n_buy.py' 2026-06-02 11:56:49,009 : 하향추세 012450 한화에어로스페이스 < 5MA 10MA
[INFO] 'chk_vobres_n_buy.py' 2026-06-02 11:56:49,009 : 하향추세 042700 한미반도체 < 5MA 10MA
[INFO] 'chk_vobres_n_buy.py' 2026-06-02 11:56:49,009 : 하향추세 047810 한국항공우주 < 5MA 10MA
[INFO] 'chk_vobres_n_buy.py' 2026-06-02 11:56:49,010 : 하향추세 064350 현대로템 < 5MA 10MA
[INFO] 'chk_vobres_n_buy.py' 2026-06-02 11:56:49,010 : 하향추세 079550 LIG디펜스앤에어로스 < 5MA 10MA
[INFO] 'chk_vobres_n_buy.py' 2026-06-02 11:56:49,011 : 하향추세 086520 에코프로 < 5MA 10MA
[INFO] 'chk_vobres_n_buy.py' 2026-06-02 11:56:49,011 : 하향추세 096770 SK이노베이션 < 5MA 10MA
[INFO] 'chk_vobres_n_buy.py' 2026-06-02 11:56:49,011 : 하향추세 247540 에코프로비엠 < 5MA 10MA
[INFO] 'chk_vobres_n_buy.py' 2026-06-02 11:56:49,011 : 하향추세 272210 한화시스템 < 5MA 10MA
[DEBUG] 'chk_vobres_n_buy.py' 2026-06-02 11:56:49,013 : 조건검색 종목 수18
[DEBUG] 'chk_vobres_n_buy.py' 2026-06-02 11:56:50,018 : 조건검색 종목 수3
[INFO] 'chk_vobres_n_buy.py' 2026-06-02 11:56:51,030 : 하향추세 003670 포스코퓨처엠 < 5MA 10MA
[WARNING] 'chk_vobres_n_buy.py' 2026-06-02 11:56:51,031 :  Not found in last_ohlc.txt 005070 코스모신소재
[INFO] 'chk_vobres_n_buy.py' 2026-06-02 11:56:51,032 : 하향추세 005490 POSCO홀딩스 < 5MA 10MA
[INFO] 'chk_vobres_n_buy.py' 2026-06-02 11:56:51,032 : 하향추세 006400 삼성SDI < 5MA 10MA
[INFO] 'chk_vobres_n_buy.py' 2026-06-02 11:56:51,032 : 하향추세 012450 한화에어로스페이스 < 5MA 10MA
[INFO] 'chk_vobres_n_buy.py' 2026-06-02 11:56:51,033 : 하향추세 042700 한미반도체 < 5MA 10MA
[INFO] 'chk_vobres_n_buy.py' 2026-06-02 11:56:51,033 : 하향추세 047810 한국항공우주 < 5MA 10MA
[INFO] 'chk_vobres_n_buy.py' 2026-06-02 11:56:51,033 : 하향추세 064350 현대로템 < 5MA 10MA
[INFO] 'chk_vobres_n_buy.py' 2026-06-02 11:56:51,034 : 하향추세 079550 LIG디펜스앤에어로스 < 5MA 10MA
[INFO] 'chk_vobres_n_buy.py' 2026-06-02 11:56:51,034 : 하향추세 086520 에코프로 < 5MA 10MA
[INFO] 'chk_vobres_n_buy.py' 2026-06-02 11:56:51,034 : 하향추세 096770 SK이노베이션 < 5MA 10MA
[INFO] 'chk_vobres_n_buy.py' 2026-06-02 11:56:51,035 : 하향추세 247540 에코프로비엠 < 5MA 10MA
[INFO] 'chk_vobres_n_buy.py' 2026-06-02 11:56:51,035 : 하향추세 272210 한화시스템 < 5MA 10MA
[DEBUG] 'chk_vobres_n_buy.py' 2026-06-02 11:56:51,035 : 조건검색 종목 수18
[DEBUG] 'chk_vobres_n_buy.py' 2026-06-02 11:56:52,053 : 조건검색 종목 수3
[INFO] 'chk_vobres_n_buy.py' 2026-06-02 11:56:53,060 : 하향추세 003670 포스코퓨처엠 < 5MA 10MA
[WARNING] 'chk_vobres_n_buy.py' 2026-06-02 11:56:53,060 :  Not found in last_ohlc.txt 005070 코스모신소재
[INFO] 'chk_vobres_n_buy.py' 2026-06-02 11:56:53,060 : 하향추세 005490 POSCO홀딩스 < 5MA 10MA
[INFO] 'chk_vobres_n_buy.py' 2026-06-02 11:56:53,061 : 하향추세 006400 삼성SDI < 5MA 10MA
[INFO] 'chk_vobres_n_buy.py' 2026-06-02 11:56:53,061 : 하향추세 012450 한화에어로스페이스 < 5MA 10MA
[INFO] 'chk_vobres_n_buy.py' 2026-06-02 11:56:53,061 : 하향추세 042700 한미반도체 < 5MA 10MA
[INFO] 'chk_vobres_n_buy.py' 2026-06-02 11:56:53,061 : 하향추세 047810 한국항공우주 < 5MA 10MA
[INFO] 'chk_vobres_n_buy.py' 2026-06-02 11:56:53,061 : 하향추세 064350 현대로템 < 5MA 10MA
[INFO] 'chk_vobres_n_buy.py' 2026-06-02 11:56:53,061 : 하향추세 079550 LIG디펜스앤에어로스 < 5MA 10MA
[INFO] 'chk_vobres_n_buy.py' 2026-06-02 11:56:53,061 : 하향추세 086520 에코프로 < 5MA 10MA
[INFO] 'chk_vobres_n_buy.py' 2026-06-02 11:56:53,061 : 하향추세 096770 SK이노베이션 < 5MA 10MA
[INFO] 'chk_vobres_n_buy.py' 2026-06-02 11:56:53,061 : 하향추세 247540 에코프로비엠 < 5MA 10MA
[INFO] 'chk_vobres_n_buy.py' 2026-06-02 11:56:53,061 : 하향추세 272210 한화시스템 < 5MA 10MA
[DEBUG] 'chk_vobres_n_buy.py' 2026-06-02 11:56:53,061 : 조건검색 종목 수18
[DEBUG] 'chk_vobres_n_buy.py' 2026-06-02 11:56:54,074 : 조건검색 종목 수3
[INFO] 'chk_vobres_n_buy.py' 2026-06-02 11:56:55,083 : 하향추세 003670 포스코퓨처엠 < 5MA 10MA
[WARNING] 'chk_vobres_n_buy.py' 2026-06-02 11:56:55,084 :  Not found in last_ohlc.txt 005070 코스모신소재
[INFO] 'chk_vobres_n_buy.py' 2026-06-02 11:56:55,084 : 하향추세 005490 POSCO홀딩스 < 5MA 10MA
[INFO] 'chk_vobres_n_buy.py' 2026-06-02 11:56:55,084 : 하향추세 006400 삼성SDI < 5MA 10MA
[INFO] 'chk_vobres_n_buy.py' 2026-06-02 11:56:55,084 : 하향추세 012450 한화에어로스페이스 < 5MA 10MA
[INFO] 'chk_vobres_n_buy.py' 2026-06-02 11:56:55,084 : 하향추세 042700 한미반도체 < 5MA 10MA
[INFO] 'chk_vobres_n_buy.py' 2026-06-02 11:56:55,084 : 하향추세 047810 한국항공우주 < 5MA 10MA
[INFO] 'chk_vobres_n_buy.py' 2026-06-02 11:56:55,084 : 하향추세 064350 현대로템 < 5MA 10MA
[INFO] 'chk_vobres_n_buy.py' 2026-06-02 11:56:55,084 : 하향추세 079550 LIG디펜스앤에어로스 < 5MA 10MA
[INFO] 'chk_vobres_n_buy.py' 2026-06-02 11:56:55,084 : 하향추세 086520 에코프로 < 5MA 10MA
[INFO] 'chk_vobres_n_buy.py' 2026-06-02 11:56:55,085 : 하향추세 096770 SK이노베이션 < 5MA 10MA
[INFO] 'chk_vobres_n_buy.py' 2026-06-02 11:56:55,085 : 하향추세 247540 에코프로비엠 < 5MA 10MA
[INFO] 'chk_vobres_n_buy.py' 2026-06-02 11:56:55,085 : 하향추세 272210 한화시스템 < 5MA 10MA
[DEBUG] 'chk_vobres_n_buy.py' 2026-06-02 11:56:55,085 : 조건검색 종목 수18
[DEBUG] 'chk_vobres_n_buy.py' 2026-06-02 11:56:56,090 : 조건검색 종목 수3
[INFO] 'chk_vobres_n_buy.py' 2026-06-02 11:56:57,099 : 하향추세 003670 포스코퓨처엠 < 5MA 10MA
[WARNING] 'chk_vobres_n_buy.py' 2026-06-02 11:56:57,100 :  Not found in last_ohlc.txt 005070 코스모신소재
[INFO] 'chk_vobres_n_buy.py' 2026-06-02 11:56:57,100 : 하향추세 005490 POSCO홀딩스 < 5MA 10MA
[INFO] 'chk_vobres_n_buy.py' 2026-06-02 11:56:57,100 : 하향추세 006400 삼성SDI < 5MA 10MA
[INFO] 'chk_vobres_n_buy.py' 2026-06-02 11:56:57,101 : 하향추세 012450 한화에어로스페이스 < 5MA 10MA
[INFO] 'chk_vobres_n_buy.py' 2026-06-02 11:56:57,101 : 하향추세 042700 한미반도체 < 5MA 10MA
[INFO] 'chk_vobres_n_buy.py' 2026-06-02 11:56:57,101 : 하향추세 047810 한국항공우주 < 5MA 10MA
[INFO] 'chk_vobres_n_buy.py' 2026-06-02 11:56:57,102 : 하향추세 064350 현대로템 < 5MA 10MA
[INFO] 'chk_vobres_n_buy.py' 2026-06-02 11:56:57,102 : 하향추세 079550 LIG디펜스앤에어로스 < 5MA 10MA
[INFO] 'chk_vobres_n_buy.py' 2026-06-02 11:56:57,102 : 하향추세 086520 에코프로 < 5MA 10MA
[INFO] 'chk_vobres_n_buy.py' 2026-06-02 11:56:57,103 : 하향추세 096770 SK이노베이션 < 5MA 10MA
[INFO] 'chk_vobres_n_buy.py' 2026-06-02 11:56:57,103 : 하향추세 247540 에코프로비엠 < 5MA 10MA
[INFO] 'chk_vobres_n_buy.py' 2026-06-02 11:56:57,103 : 하향추세 272210 한화시스템 < 5MA 10MA
[DEBUG] 'chk_vobres_n_buy.py' 2026-06-02 11:56:57,103 : 조건검색 종목 수18
[DEBUG] 'chk_vobres_n_buy.py' 2026-06-02 11:56:58,118 : 조건검색 종목 수3
[INFO] 'chk_vobres_n_buy.py' 2026-06-02 11:56:59,134 : 하향추세 003670 포스코퓨처엠 < 5MA 10MA
[WARNING] 'chk_vobres_n_buy.py' 2026-06-02 11:56:59,135 :  Not found in last_ohlc.txt 005070 코스모신소재
[INFO] 'chk_vobres_n_buy.py' 2026-06-02 11:56:59,135 : 하향추세 005490 POSCO홀딩스 < 5MA 10MA
[INFO] 'chk_vobres_n_buy.py' 2026-06-02 11:56:59,135 : 하향추세 006400 삼성SDI < 5MA 10MA
[INFO] 'chk_vobres_n_buy.py' 2026-06-02 11:56:59,135 : 하향추세 012450 한화에어로스페이스 < 5MA 10MA
[INFO] 'chk_vobres_n_buy.py' 2026-06-02 11:56:59,135 : 하향추세 042700 한미반도체 < 5MA 10MA
[INFO] 'chk_vobres_n_buy.py' 2026-06-02 11:56:59,135 : 하향추세 047810 한국항공우주 < 5MA 10MA
[INFO] 'chk_vobres_n_buy.py' 2026-06-02 11:56:59,135 : 하향추세 064350 현대로템 < 5MA 10MA
[INFO] 'chk_vobres_n_buy.py' 2026-06-02 11:56:59,135 : 하향추세 079550 LIG디펜스앤에어로스 < 5MA 10MA
[INFO] 'chk_vobres_n_buy.py' 2026-06-02 11:56:59,135 : 하향추세 086520 에코프로 < 5MA 10MA
[INFO] 'chk_vobres_n_buy.py' 2026-06-02 11:56:59,136 : 하향추세 096770 SK이노베이션 < 5MA 10MA
[INFO] 'chk_vobres_n_buy.py' 2026-06-02 11:56:59,136 : 하향추세 247540 에코프로비엠 < 5MA 10MA
[INFO] 'chk_vobres_n_buy.py' 2026-06-02 11:56:59,136 : 하향추세 272210 한화시스템 < 5MA 10MA
[DEBUG] 'chk_vobres_n_buy.py' 2026-06-02 11:56:59,136 : 조건검색 종목 수18
[DEBUG] 'chk_vobres_n_buy.py' 2026-06-02 11:57:00,146 : 조건검색 종목 수2
[INFO] 'chk_vobres_n_buy.py' 2026-06-02 11:57:01,175 : 하향추세 003670 포스코퓨처엠 < 5MA 10MA
[WARNING] 'chk_vobres_n_buy.py' 2026-06-02 11:57:01,175 :  Not found in last_ohlc.txt 005070 코스모신소재
[INFO] 'chk_vobres_n_buy.py' 2026-06-02 11:57:01,175 : 하향추세 005490 POSCO홀딩스 < 5MA 10MA
[INFO] 'chk_vobres_n_buy.py' 2026-06-02 11:57:01,176 : 하향추세 006400 삼성SDI < 5MA 10MA
[INFO] 'chk_vobres_n_buy.py' 2026-06-02 11:57:01,176 : 하향추세 012450 한화에어로스페이스 < 5MA 10MA
[INFO] 'chk_vobres_n_buy.py' 2026-06-02 11:57:01,176 : 하향추세 042700 한미반도체 < 5MA 10MA
[INFO] 'chk_vobres_n_buy.py' 2026-06-02 11:57:01,176 : 하향추세 047810 한국항공우주 < 5MA 10MA
[INFO] 'chk_vobres_n_buy.py' 2026-06-02 11:57:01,176 : 하향추세 064350 현대로템 < 5MA 10MA
[INFO] 'chk_vobres_n_buy.py' 2026-06-02 11:57:01,176 : 하향추세 079550 LIG디펜스앤에어로스 < 5MA 10MA
[INFO] 'chk_vobres_n_buy.py' 2026-06-02 11:57:01,176 : 하향추세 086520 에코프로 < 5MA 10MA
[INFO] 'chk_vobres_n_buy.py' 2026-06-02 11:57:01,176 : 하향추세 096770 SK이노베이션 < 5MA 10MA
[INFO] 'chk_vobres_n_buy.py' 2026-06-02 11:57:01,176 : 하향추세 247540 에코프로비엠 < 5MA 10MA
[INFO] 'chk_vobres_n_buy.py' 2026-06-02 11:57:01,176 : 하향추세 272210 한화시스템 < 5MA 10MA
[DEBUG] 'chk_vobres_n_buy.py' 2026-06-02 11:57:01,176 : 조건검색 종목 수18
[DEBUG] 'chk_vobres_n_buy.py' 2026-06-02 11:57:02,188 : 조건검색 종목 수2
[INFO] 'chk_vobres_n_buy.py' 2026-06-02 11:57:03,191 : 하향추세 003670 포스코퓨처엠 < 5MA 10MA
[WARNING] 'chk_vobres_n_buy.py' 2026-06-02 11:57:03,192 :  Not found in last_ohlc.txt 005070 코스모신소재
[INFO] 'chk_vobres_n_buy.py' 2026-06-02 11:57:03,192 : 하향추세 005490 POSCO홀딩스 < 5MA 10MA
[INFO] 'chk_vobres_n_buy.py' 2026-06-02 11:57:03,192 : 하향추세 006400 삼성SDI < 5MA 10MA
[INFO] 'chk_vobres_n_buy.py' 2026-06-02 11:57:03,193 : 하향추세 012450 한화에어로스페이스 < 5MA 10MA
[INFO] 'chk_vobres_n_buy.py' 2026-06-02 11:57:03,193 : 하향추세 042700 한미반도체 < 5MA 10MA
[INFO] 'chk_vobres_n_buy.py' 2026-06-02 11:57:03,193 : 하향추세 047810 한국항공우주 < 5MA 10MA
[INFO] 'chk_vobres_n_buy.py' 2026-06-02 11:57:03,194 : 하향추세 064350 현대로템 < 5MA 10MA
[INFO] 'chk_vobres_n_buy.py' 2026-06-02 11:57:03,194 : 하향추세 079550 LIG디펜스앤에어로스 < 5MA 10MA
[INFO] 'chk_vobres_n_buy.py' 2026-06-02 11:57:03,194 : 하향추세 086520 에코프로 < 5MA 10MA
[INFO] 'chk_vobres_n_buy.py' 2026-06-02 11:57:03,195 : 하향추세 096770 SK이노베이션 < 5MA 10MA
[INFO] 'chk_vobres_n_buy.py' 2026-06-02 11:57:03,195 : 하향추세 247540 에코프로비엠 < 5MA 10MA
[INFO] 'chk_vobres_n_buy.py' 2026-06-02 11:57:03,195 : 하향추세 272210 한화시스템 < 5MA 10MA
[DEBUG] 'chk_vobres_n_buy.py' 2026-06-02 11:57:03,196 : 조건검색 종목 수18
[DEBUG] 'chk_vobres_n_buy.py' 2026-06-02 11:57:04,200 : 조건검색 종목 수2
[INFO] 'chk_vobres_n_buy.py' 2026-06-02 11:57:05,207 : 하향추세 003670 포스코퓨처엠 < 5MA 10MA
[WARNING] 'chk_vobres_n_buy.py' 2026-06-02 11:57:05,208 :  Not found in last_ohlc.txt 005070 코스모신소재
[INFO] 'chk_vobres_n_buy.py' 2026-06-02 11:57:05,208 : 하향추세 005490 POSCO홀딩스 < 5MA 10MA
[INFO] 'chk_vobres_n_buy.py' 2026-06-02 11:57:05,209 : 하향추세 006400 삼성SDI < 5MA 10MA
[INFO] 'chk_vobres_n_buy.py' 2026-06-02 11:57:05,209 : 하향추세 012450 한화에어로스페이스 < 5MA 10MA
[INFO] 'chk_vobres_n_buy.py' 2026-06-02 11:57:05,209 : 하향추세 042700 한미반도체 < 5MA 10MA
[INFO] 'chk_vobres_n_buy.py' 2026-06-02 11:57:05,210 : 하향추세 047810 한국항공우주 < 5MA 10MA
[INFO] 'chk_vobres_n_buy.py' 2026-06-02 11:57:05,210 : 하향추세 064350 현대로템 < 5MA 10MA
[INFO] 'chk_vobres_n_buy.py' 2026-06-02 11:57:05,210 : 하향추세 079550 LIG디펜스앤에어로스 < 5MA 10MA
[INFO] 'chk_vobres_n_buy.py' 2026-06-02 11:57:05,211 : 하향추세 086520 에코프로 < 5MA 10MA
[INFO] 'chk_vobres_n_buy.py' 2026-06-02 11:57:05,211 : 하향추세 096770 SK이노베이션 < 5MA 10MA
[INFO] 'chk_vobres_n_buy.py' 2026-06-02 11:57:05,211 : 하향추세 247540 에코프로비엠 < 5MA 10MA
[INFO] 'chk_vobres_n_buy.py' 2026-06-02 11:57:05,212 : 하향추세 272210 한화시스템 < 5MA 10MA
[DEBUG] 'chk_vobres_n_buy.py' 2026-06-02 11:57:05,213 : 조건검색 종목 수18
[DEBUG] 'chk_vobres_n_buy.py' 2026-06-02 11:57:06,220 : 조건검색 종목 수2
[INFO] 'chk_vobres_n_buy.py' 2026-06-02 11:57:07,231 : 하향추세 003670 포스코퓨처엠 < 5MA 10MA
[WARNING] 'chk_vobres_n_buy.py' 2026-06-02 11:57:07,232 :  Not found in last_ohlc.txt 005070 코스모신소재
[INFO] 'chk_vobres_n_buy.py' 2026-06-02 11:57:07,232 : 하향추세 005490 POSCO홀딩스 < 5MA 10MA
[INFO] 'chk_vobres_n_buy.py' 2026-06-02 11:57:07,233 : 하향추세 006400 삼성SDI < 5MA 10MA
[INFO] 'chk_vobres_n_buy.py' 2026-06-02 11:57:07,233 : 하향추세 012450 한화에어로스페이스 < 5MA 10MA
[INFO] 'chk_vobres_n_buy.py' 2026-06-02 11:57:07,233 : 하향추세 042700 한미반도체 < 5MA 10MA
[INFO] 'chk_vobres_n_buy.py' 2026-06-02 11:57:07,234 : 하향추세 047810 한국항공우주 < 5MA 10MA
[INFO] 'chk_vobres_n_buy.py' 2026-06-02 11:57:07,234 : 하향추세 064350 현대로템 < 5MA 10MA
[INFO] 'chk_vobres_n_buy.py' 2026-06-02 11:57:07,235 : 하향추세 079550 LIG디펜스앤에어로스 < 5MA 10MA
[INFO] 'chk_vobres_n_buy.py' 2026-06-02 11:57:07,235 : 하향추세 086520 에코프로 < 5MA 10MA
[INFO] 'chk_vobres_n_buy.py' 2026-06-02 11:57:07,235 : 하향추세 096770 SK이노베이션 < 5MA 10MA
[INFO] 'chk_vobres_n_buy.py' 2026-06-02 11:57:07,236 : 하향추세 247540 에코프로비엠 < 5MA 10MA
[INFO] 'chk_vobres_n_buy.py' 2026-06-02 11:57:07,236 : 하향추세 272210 한화시스템 < 5MA 10MA
[DEBUG] 'chk_vobres_n_buy.py' 2026-06-02 11:57:07,236 : 조건검색 종목 수18
[DEBUG] 'chk_vobres_n_buy.py' 2026-06-02 11:57:08,240 : 조건검색 종목 수3
[INFO] 'chk_vobres_n_buy.py' 2026-06-02 11:57:09,248 : 하향추세 003670 포스코퓨처엠 < 5MA 10MA
[WARNING] 'chk_vobres_n_buy.py' 2026-06-02 11:57:09,248 :  Not found in last_ohlc.txt 005070 코스모신소재
[INFO] 'chk_vobres_n_buy.py' 2026-06-02 11:57:09,249 : 하향추세 005490 POSCO홀딩스 < 5MA 10MA
[INFO] 'chk_vobres_n_buy.py' 2026-06-02 11:57:09,249 : 하향추세 006400 삼성SDI < 5MA 10MA
[INFO] 'chk_vobres_n_buy.py' 2026-06-02 11:57:09,249 : 하향추세 012450 한화에어로스페이스 < 5MA 10MA
[INFO] 'chk_vobres_n_buy.py' 2026-06-02 11:57:09,250 : 하향추세 042700 한미반도체 < 5MA 10MA
[INFO] 'chk_vobres_n_buy.py' 2026-06-02 11:57:09,250 : 하향추세 047810 한국항공우주 < 5MA 10MA
[INFO] 'chk_vobres_n_buy.py' 2026-06-02 11:57:09,250 : 하향추세 064350 현대로템 < 5MA 10MA
[INFO] 'chk_vobres_n_buy.py' 2026-06-02 11:57:09,251 : 하향추세 079550 LIG디펜스앤에어로스 < 5MA 10MA
[INFO] 'chk_vobres_n_buy.py' 2026-06-02 11:57:09,251 : 하향추세 086520 에코프로 < 5MA 10MA
[INFO] 'chk_vobres_n_buy.py' 2026-06-02 11:57:09,251 : 하향추세 096770 SK이노베이션 < 5MA 10MA
[INFO] 'chk_vobres_n_buy.py' 2026-06-02 11:57:09,251 : 하향추세 247540 에코프로비엠 < 5MA 10MA
[INFO] 'chk_vobres_n_buy.py' 2026-06-02 11:57:09,253 : 하향추세 272210 한화시스템 < 5MA 10MA
[DEBUG] 'chk_vobres_n_buy.py' 2026-06-02 11:57:09,253 : 조건검색 종목 수18
[DEBUG] 'chk_vobres_n_buy.py' 2026-06-02 11:57:10,272 : 조건검색 종목 수3
[INFO] 'chk_vobres_n_buy.py' 2026-06-02 11:57:11,285 : 하향추세 003670 포스코퓨처엠 < 5MA 10MA
[WARNING] 'chk_vobres_n_buy.py' 2026-06-02 11:57:11,285 :  Not found in last_ohlc.txt 005070 코스모신소재
[INFO] 'chk_vobres_n_buy.py' 2026-06-02 11:57:11,285 : 하향추세 005490 POSCO홀딩스 < 5MA 10MA
[INFO] 'chk_vobres_n_buy.py' 2026-06-02 11:57:11,286 : 하향추세 006400 삼성SDI < 5MA 10MA
[INFO] 'chk_vobres_n_buy.py' 2026-06-02 11:57:11,286 : 하향추세 012450 한화에어로스페이스 < 5MA 10MA
[INFO] 'chk_vobres_n_buy.py' 2026-06-02 11:57:11,286 : 하향추세 042700 한미반도체 < 5MA 10MA
[INFO] 'chk_vobres_n_buy.py' 2026-06-02 11:57:11,286 : 하향추세 047810 한국항공우주 < 5MA 10MA
[INFO] 'chk_vobres_n_buy.py' 2026-06-02 11:57:11,286 : 하향추세 064350 현대로템 < 5MA 10MA
[INFO] 'chk_vobres_n_buy.py' 2026-06-02 11:57:11,286 : 하향추세 079550 LIG디펜스앤에어로스 < 5MA 10MA
[INFO] 'chk_vobres_n_buy.py' 2026-06-02 11:57:11,286 : 하향추세 086520 에코프로 < 5MA 10MA
[INFO] 'chk_vobres_n_buy.py' 2026-06-02 11:57:11,286 : 하향추세 096770 SK이노베이션 < 5MA 10MA
[INFO] 'chk_vobres_n_buy.py' 2026-06-02 11:57:11,286 : 하향추세 247540 에코프로비엠 < 5MA 10MA
[INFO] 'chk_vobres_n_buy.py' 2026-06-02 11:57:11,286 : 하향추세 272210 한화시스템 < 5MA 10MA
[DEBUG] 'chk_vobres_n_buy.py' 2026-06-02 11:57:11,286 : 조건검색 종목 수18
[DEBUG] 'chk_vobres_n_buy.py' 2026-06-02 11:57:12,303 : 조건검색 종목 수2
[INFO] 'chk_vobres_n_buy.py' 2026-06-02 11:57:13,314 : 하향추세 003670 포스코퓨처엠 < 5MA 10MA
[WARNING] 'chk_vobres_n_buy.py' 2026-06-02 11:57:13,314 :  Not found in last_ohlc.txt 005070 코스모신소재
[INFO] 'chk_vobres_n_buy.py' 2026-06-02 11:57:13,315 : 하향추세 005490 POSCO홀딩스 < 5MA 10MA
[INFO] 'chk_vobres_n_buy.py' 2026-06-02 11:57:13,315 : 하향추세 006400 삼성SDI < 5MA 10MA
[INFO] 'chk_vobres_n_buy.py' 2026-06-02 11:57:13,315 : 하향추세 012450 한화에어로스페이스 < 5MA 10MA
[INFO] 'chk_vobres_n_buy.py' 2026-06-02 11:57:13,316 : 하향추세 042700 한미반도체 < 5MA 10MA
[INFO] 'chk_vobres_n_buy.py' 2026-06-02 11:57:13,316 : 하향추세 047810 한국항공우주 < 5MA 10MA
[INFO] 'chk_vobres_n_buy.py' 2026-06-02 11:57:13,316 : 하향추세 064350 현대로템 < 5MA 10MA
[INFO] 'chk_vobres_n_buy.py' 2026-06-02 11:57:13,317 : 하향추세 079550 LIG디펜스앤에어로스 < 5MA 10MA
[INFO] 'chk_vobres_n_buy.py' 2026-06-02 11:57:13,317 : 하향추세 086520 에코프로 < 5MA 10MA
[INFO] 'chk_vobres_n_buy.py' 2026-06-02 11:57:13,317 : 하향추세 096770 SK이노베이션 < 5MA 10MA
[INFO] 'chk_vobres_n_buy.py' 2026-06-02 11:57:13,318 : 하향추세 247540 에코프로비엠 < 5MA 10MA
[INFO] 'chk_vobres_n_buy.py' 2026-06-02 11:57:13,318 : 하향추세 272210 한화시스템 < 5MA 10MA
[DEBUG] 'chk_vobres_n_buy.py' 2026-06-02 11:57:13,319 : 조건검색 종목 수18
[DEBUG] 'chk_vobres_n_buy.py' 2026-06-02 11:57:14,324 : 조건검색 종목 수2
[INFO] 'chk_vobres_n_buy.py' 2026-06-02 11:57:15,336 : 하향추세 003670 포스코퓨처엠 < 5MA 10MA
[WARNING] 'chk_vobres_n_buy.py' 2026-06-02 11:57:15,337 :  Not found in last_ohlc.txt 005070 코스모신소재
[INFO] 'chk_vobres_n_buy.py' 2026-06-02 11:57:15,337 : 하향추세 005490 POSCO홀딩스 < 5MA 10MA
[INFO] 'chk_vobres_n_buy.py' 2026-06-02 11:57:15,338 : 하향추세 006400 삼성SDI < 5MA 10MA
[INFO] 'chk_vobres_n_buy.py' 2026-06-02 11:57:15,338 : 하향추세 012450 한화에어로스페이스 < 5MA 10MA
[INFO] 'chk_vobres_n_buy.py' 2026-06-02 11:57:15,339 : 하향추세 042700 한미반도체 < 5MA 10MA
[INFO] 'chk_vobres_n_buy.py' 2026-06-02 11:57:15,339 : 하향추세 047810 한국항공우주 < 5MA 10MA
[INFO] 'chk_vobres_n_buy.py' 2026-06-02 11:57:15,339 : 하향추세 064350 현대로템 < 5MA 10MA
[INFO] 'chk_vobres_n_buy.py' 2026-06-02 11:57:15,340 : 하향추세 079550 LIG디펜스앤에어로스 < 5MA 10MA
[INFO] 'chk_vobres_n_buy.py' 2026-06-02 11:57:15,340 : 하향추세 086520 에코프로 < 5MA 10MA
[INFO] 'chk_vobres_n_buy.py' 2026-06-02 11:57:15,340 : 하향추세 096770 SK이노베이션 < 5MA 10MA
[INFO] 'chk_vobres_n_buy.py' 2026-06-02 11:57:15,341 : 하향추세 247540 에코프로비엠 < 5MA 10MA
[INFO] 'chk_vobres_n_buy.py' 2026-06-02 11:57:15,341 : 하향추세 272210 한화시스템 < 5MA 10MA
[DEBUG] 'chk_vobres_n_buy.py' 2026-06-02 11:57:15,341 : 조건검색 종목 수18
[DEBUG] 'chk_vobres_n_buy.py' 2026-06-02 11:57:16,358 : 조건검색 종목 수2
[INFO] 'chk_vobres_n_buy.py' 2026-06-02 11:57:17,361 : 하향추세 003670 포스코퓨처엠 < 5MA 10MA
[WARNING] 'chk_vobres_n_buy.py' 2026-06-02 11:57:17,361 :  Not found in last_ohlc.txt 005070 코스모신소재
[INFO] 'chk_vobres_n_buy.py' 2026-06-02 11:57:17,362 : 하향추세 005490 POSCO홀딩스 < 5MA 10MA
[INFO] 'chk_vobres_n_buy.py' 2026-06-02 11:57:17,362 : 하향추세 006400 삼성SDI < 5MA 10MA
[INFO] 'chk_vobres_n_buy.py' 2026-06-02 11:57:17,362 : 하향추세 012450 한화에어로스페이스 < 5MA 10MA
[INFO] 'chk_vobres_n_buy.py' 2026-06-02 11:57:17,362 : 하향추세 042700 한미반도체 < 5MA 10MA
[INFO] 'chk_vobres_n_buy.py' 2026-06-02 11:57:17,362 : 하향추세 047810 한국항공우주 < 5MA 10MA
[INFO] 'chk_vobres_n_buy.py' 2026-06-02 11:57:17,363 : 하향추세 064350 현대로템 < 5MA 10MA
[INFO] 'chk_vobres_n_buy.py' 2026-06-02 11:57:17,363 : 하향추세 079550 LIG디펜스앤에어로스 < 5MA 10MA
[INFO] 'chk_vobres_n_buy.py' 2026-06-02 11:57:17,363 : 하향추세 086520 에코프로 < 5MA 10MA
[INFO] 'chk_vobres_n_buy.py' 2026-06-02 11:57:17,363 : 하향추세 096770 SK이노베이션 < 5MA 10MA
[INFO] 'chk_vobres_n_buy.py' 2026-06-02 11:57:17,363 : 하향추세 247540 에코프로비엠 < 5MA 10MA
[INFO] 'chk_vobres_n_buy.py' 2026-06-02 11:57:17,363 : 하향추세 272210 한화시스템 < 5MA 10MA
[DEBUG] 'chk_vobres_n_buy.py' 2026-06-02 11:57:17,364 : 조건검색 종목 수18
[DEBUG] 'chk_vobres_n_buy.py' 2026-06-02 11:57:18,368 : 조건검색 종목 수3
[INFO] 'chk_vobres_n_buy.py' 2026-06-02 11:57:19,376 : 하향추세 003670 포스코퓨처엠 < 5MA 10MA
[WARNING] 'chk_vobres_n_buy.py' 2026-06-02 11:57:19,376 :  Not found in last_ohlc.txt 005070 코스모신소재
[INFO] 'chk_vobres_n_buy.py' 2026-06-02 11:57:19,377 : 하향추세 005490 POSCO홀딩스 < 5MA 10MA
[INFO] 'chk_vobres_n_buy.py' 2026-06-02 11:57:19,377 : 하향추세 006400 삼성SDI < 5MA 10MA
[INFO] 'chk_vobres_n_buy.py' 2026-06-02 11:57:19,377 : 하향추세 012450 한화에어로스페이스 < 5MA 10MA
[INFO] 'chk_vobres_n_buy.py' 2026-06-02 11:57:19,377 : 하향추세 042700 한미반도체 < 5MA 10MA
[INFO] 'chk_vobres_n_buy.py' 2026-06-02 11:57:19,378 : 하향추세 047810 한국항공우주 < 5MA 10MA
[INFO] 'chk_vobres_n_buy.py' 2026-06-02 11:57:19,378 : 하향추세 064350 현대로템 < 5MA 10MA
[INFO] 'chk_vobres_n_buy.py' 2026-06-02 11:57:19,378 : 하향추세 079550 LIG디펜스앤에어로스 < 5MA 10MA
[INFO] 'chk_vobres_n_buy.py' 2026-06-02 11:57:19,378 : 하향추세 086520 에코프로 < 5MA 10MA
[INFO] 'chk_vobres_n_buy.py' 2026-06-02 11:57:19,378 : 하향추세 096770 SK이노베이션 < 5MA 10MA
[INFO] 'chk_vobres_n_buy.py' 2026-06-02 11:57:19,379 : 하향추세 247540 에코프로비엠 < 5MA 10MA
[INFO] 'chk_vobres_n_buy.py' 2026-06-02 11:57:19,379 : 하향추세 272210 한화시스템 < 5MA 10MA
[DEBUG] 'chk_vobres_n_buy.py' 2026-06-02 11:57:19,379 : 조건검색 종목 수18
[DEBUG] 'chk_vobres_n_buy.py' 2026-06-02 11:57:20,383 : 조건검색 종목 수3
[INFO] 'chk_vobres_n_buy.py' 2026-06-02 11:57:21,389 : 하향추세 003670 포스코퓨처엠 < 5MA 10MA
[WARNING] 'chk_vobres_n_buy.py' 2026-06-02 11:57:21,389 :  Not found in last_ohlc.txt 005070 코스모신소재
[INFO] 'chk_vobres_n_buy.py' 2026-06-02 11:57:21,390 : 하향추세 005490 POSCO홀딩스 < 5MA 10MA
[INFO] 'chk_vobres_n_buy.py' 2026-06-02 11:57:21,390 : 하향추세 006400 삼성SDI < 5MA 10MA
[INFO] 'chk_vobres_n_buy.py' 2026-06-02 11:57:21,390 : 하향추세 012450 한화에어로스페이스 < 5MA 10MA
[INFO] 'chk_vobres_n_buy.py' 2026-06-02 11:57:21,391 : 하향추세 042700 한미반도체 < 5MA 10MA
[INFO] 'chk_vobres_n_buy.py' 2026-06-02 11:57:21,391 : 하향추세 047810 한국항공우주 < 5MA 10MA
[INFO] 'chk_vobres_n_buy.py' 2026-06-02 11:57:21,391 : 하향추세 064350 현대로템 < 5MA 10MA
[INFO] 'chk_vobres_n_buy.py' 2026-06-02 11:57:21,392 : 하향추세 079550 LIG디펜스앤에어로스 < 5MA 10MA
[INFO] 'chk_vobres_n_buy.py' 2026-06-02 11:57:21,392 : 하향추세 086520 에코프로 < 5MA 10MA
[INFO] 'chk_vobres_n_buy.py' 2026-06-02 11:57:21,392 : 하향추세 096770 SK이노베이션 < 5MA 10MA
[INFO] 'chk_vobres_n_buy.py' 2026-06-02 11:57:21,393 : 하향추세 247540 에코프로비엠 < 5MA 10MA
[INFO] 'chk_vobres_n_buy.py' 2026-06-02 11:57:21,393 : 하향추세 272210 한화시스템 < 5MA 10MA
[DEBUG] 'chk_vobres_n_buy.py' 2026-06-02 11:57:21,393 : 조건검색 종목 수18
[DEBUG] 'chk_vobres_n_buy.py' 2026-06-02 11:57:22,413 : 조건검색 종목 수2
[INFO] 'chk_vobres_n_buy.py' 2026-06-02 11:57:23,420 : 하향추세 003670 포스코퓨처엠 < 5MA 10MA
[WARNING] 'chk_vobres_n_buy.py' 2026-06-02 11:57:23,421 :  Not found in last_ohlc.txt 005070 코스모신소재
[INFO] 'chk_vobres_n_buy.py' 2026-06-02 11:57:23,421 : 하향추세 005490 POSCO홀딩스 < 5MA 10MA
[INFO] 'chk_vobres_n_buy.py' 2026-06-02 11:57:23,421 : 하향추세 006400 삼성SDI < 5MA 10MA
[INFO] 'chk_vobres_n_buy.py' 2026-06-02 11:57:23,422 : 하향추세 012450 한화에어로스페이스 < 5MA 10MA
[INFO] 'chk_vobres_n_buy.py' 2026-06-02 11:57:23,422 : 하향추세 042700 한미반도체 < 5MA 10MA
[INFO] 'chk_vobres_n_buy.py' 2026-06-02 11:57:23,422 : 하향추세 047810 한국항공우주 < 5MA 10MA
[INFO] 'chk_vobres_n_buy.py' 2026-06-02 11:57:23,423 : 하향추세 064350 현대로템 < 5MA 10MA
[INFO] 'chk_vobres_n_buy.py' 2026-06-02 11:57:23,423 : 하향추세 079550 LIG디펜스앤에어로스 < 5MA 10MA
[INFO] 'chk_vobres_n_buy.py' 2026-06-02 11:57:23,423 : 하향추세 086520 에코프로 < 5MA 10MA
[INFO] 'chk_vobres_n_buy.py' 2026-06-02 11:57:23,424 : 하향추세 096770 SK이노베이션 < 5MA 10MA
[INFO] 'chk_vobres_n_buy.py' 2026-06-02 11:57:23,424 : 하향추세 247540 에코프로비엠 < 5MA 10MA
[INFO] 'chk_vobres_n_buy.py' 2026-06-02 11:57:23,424 : 하향추세 272210 한화시스템 < 5MA 10MA
[DEBUG] 'chk_vobres_n_buy.py' 2026-06-02 11:57:23,425 : 조건검색 종목 수18
[DEBUG] 'chk_vobres_n_buy.py' 2026-06-02 11:57:24,443 : 조건검색 종목 수3
[INFO] 'chk_vobres_n_buy.py' 2026-06-02 11:57:25,447 : 하향추세 003670 포스코퓨처엠 < 5MA 10MA
[WARNING] 'chk_vobres_n_buy.py' 2026-06-02 11:57:25,448 :  Not found in last_ohlc.txt 005070 코스모신소재
[INFO] 'chk_vobres_n_buy.py' 2026-06-02 11:57:25,448 : 하향추세 005490 POSCO홀딩스 < 5MA 10MA
[INFO] 'chk_vobres_n_buy.py' 2026-06-02 11:57:25,449 : 하향추세 006400 삼성SDI < 5MA 10MA
[INFO] 'chk_vobres_n_buy.py' 2026-06-02 11:57:25,449 : 하향추세 012450 한화에어로스페이스 < 5MA 10MA
[INFO] 'chk_vobres_n_buy.py' 2026-06-02 11:57:25,449 : 하향추세 042700 한미반도체 < 5MA 10MA
[INFO] 'chk_vobres_n_buy.py' 2026-06-02 11:57:25,449 : 하향추세 047810 한국항공우주 < 5MA 10MA
[INFO] 'chk_vobres_n_buy.py' 2026-06-02 11:57:25,450 : 하향추세 064350 현대로템 < 5MA 10MA
[INFO] 'chk_vobres_n_buy.py' 2026-06-02 11:57:25,450 : 하향추세 079550 LIG디펜스앤에어로스 < 5MA 10MA
[INFO] 'chk_vobres_n_buy.py' 2026-06-02 11:57:25,450 : 하향추세 086520 에코프로 < 5MA 10MA
[INFO] 'chk_vobres_n_buy.py' 2026-06-02 11:57:25,451 : 하향추세 096770 SK이노베이션 < 5MA 10MA
[INFO] 'chk_vobres_n_buy.py' 2026-06-02 11:57:25,451 : 하향추세 247540 에코프로비엠 < 5MA 10MA
[INFO] 'chk_vobres_n_buy.py' 2026-06-02 11:57:25,451 : 하향추세 272210 한화시스템 < 5MA 10MA
[DEBUG] 'chk_vobres_n_buy.py' 2026-06-02 11:57:25,452 : 조건검색 종목 수18
[DEBUG] 'chk_vobres_n_buy.py' 2026-06-02 11:57:26,467 : 조건검색 종목 수3
[INFO] 'chk_vobres_n_buy.py' 2026-06-02 11:57:27,475 : 하향추세 003670 포스코퓨처엠 < 5MA 10MA
[WARNING] 'chk_vobres_n_buy.py' 2026-06-02 11:57:27,475 :  Not found in last_ohlc.txt 005070 코스모신소재
[INFO] 'chk_vobres_n_buy.py' 2026-06-02 11:57:27,476 : 하향추세 005490 POSCO홀딩스 < 5MA 10MA
[INFO] 'chk_vobres_n_buy.py' 2026-06-02 11:57:27,476 : 하향추세 006400 삼성SDI < 5MA 10MA
[INFO] 'chk_vobres_n_buy.py' 2026-06-02 11:57:27,477 : 하향추세 012450 한화에어로스페이스 < 5MA 10MA
[INFO] 'chk_vobres_n_buy.py' 2026-06-02 11:57:27,477 : 하향추세 042700 한미반도체 < 5MA 10MA
[INFO] 'chk_vobres_n_buy.py' 2026-06-02 11:57:27,477 : 하향추세 047810 한국항공우주 < 5MA 10MA
[INFO] 'chk_vobres_n_buy.py' 2026-06-02 11:57:27,478 : 하향추세 064350 현대로템 < 5MA 10MA
[INFO] 'chk_vobres_n_buy.py' 2026-06-02 11:57:27,478 : 하향추세 079550 LIG디펜스앤에어로스 < 5MA 10MA
[INFO] 'chk_vobres_n_buy.py' 2026-06-02 11:57:27,479 : 하향추세 086520 에코프로 < 5MA 10MA
[INFO] 'chk_vobres_n_buy.py' 2026-06-02 11:57:27,479 : 하향추세 096770 SK이노베이션 < 5MA 10MA
[INFO] 'chk_vobres_n_buy.py' 2026-06-02 11:57:27,479 : 하향추세 247540 에코프로비엠 < 5MA 10MA
[INFO] 'chk_vobres_n_buy.py' 2026-06-02 11:57:27,479 : 하향추세 272210 한화시스템 < 5MA 10MA
[DEBUG] 'chk_vobres_n_buy.py' 2026-06-02 11:57:27,480 : 조건검색 종목 수18
[DEBUG] 'chk_vobres_n_buy.py' 2026-06-02 11:57:28,489 : 조건검색 종목 수3
[INFO] 'chk_vobres_n_buy.py' 2026-06-02 11:57:29,498 : 하향추세 003670 포스코퓨처엠 < 5MA 10MA
[WARNING] 'chk_vobres_n_buy.py' 2026-06-02 11:57:29,499 :  Not found in last_ohlc.txt 005070 코스모신소재
[INFO] 'chk_vobres_n_buy.py' 2026-06-02 11:57:29,499 : 하향추세 005490 POSCO홀딩스 < 5MA 10MA
[INFO] 'chk_vobres_n_buy.py' 2026-06-02 11:57:29,500 : 하향추세 006400 삼성SDI < 5MA 10MA
[INFO] 'chk_vobres_n_buy.py' 2026-06-02 11:57:29,500 : 하향추세 012450 한화에어로스페이스 < 5MA 10MA
[INFO] 'chk_vobres_n_buy.py' 2026-06-02 11:57:29,500 : 하향추세 042700 한미반도체 < 5MA 10MA
[INFO] 'chk_vobres_n_buy.py' 2026-06-02 11:57:29,501 : 하향추세 047810 한국항공우주 < 5MA 10MA
[INFO] 'chk_vobres_n_buy.py' 2026-06-02 11:57:29,501 : 하향추세 064350 현대로템 < 5MA 10MA
[INFO] 'chk_vobres_n_buy.py' 2026-06-02 11:57:29,501 : 하향추세 079550 LIG디펜스앤에어로스 < 5MA 10MA
[INFO] 'chk_vobres_n_buy.py' 2026-06-02 11:57:29,502 : 하향추세 086520 에코프로 < 5MA 10MA
[INFO] 'chk_vobres_n_buy.py' 2026-06-02 11:57:29,502 : 하향추세 096770 SK이노베이션 < 5MA 10MA
[INFO] 'chk_vobres_n_buy.py' 2026-06-02 11:57:29,502 : 하향추세 247540 에코프로비엠 < 5MA 10MA
[INFO] 'chk_vobres_n_buy.py' 2026-06-02 11:57:29,503 : 하향추세 272210 한화시스템 < 5MA 10MA
[DEBUG] 'chk_vobres_n_buy.py' 2026-06-02 11:57:29,503 : 조건검색 종목 수18
[DEBUG] 'chk_vobres_n_buy.py' 2026-06-02 11:57:30,517 : 조건검색 종목 수3
[INFO] 'chk_vobres_n_buy.py' 2026-06-02 11:57:31,523 : 하향추세 003670 포스코퓨처엠 < 5MA 10MA
[WARNING] 'chk_vobres_n_buy.py' 2026-06-02 11:57:31,524 :  Not found in last_ohlc.txt 005070 코스모신소재
[INFO] 'chk_vobres_n_buy.py' 2026-06-02 11:57:31,525 : 하향추세 005490 POSCO홀딩스 < 5MA 10MA
[INFO] 'chk_vobres_n_buy.py' 2026-06-02 11:57:31,525 : 하향추세 006400 삼성SDI < 5MA 10MA
[INFO] 'chk_vobres_n_buy.py' 2026-06-02 11:57:31,525 : 하향추세 012450 한화에어로스페이스 < 5MA 10MA
[INFO] 'chk_vobres_n_buy.py' 2026-06-02 11:57:31,526 : 하향추세 042700 한미반도체 < 5MA 10MA
[INFO] 'chk_vobres_n_buy.py' 2026-06-02 11:57:31,526 : 하향추세 047810 한국항공우주 < 5MA 10MA
[INFO] 'chk_vobres_n_buy.py' 2026-06-02 11:57:31,526 : 하향추세 064350 현대로템 < 5MA 10MA
[INFO] 'chk_vobres_n_buy.py' 2026-06-02 11:57:31,527 : 하향추세 079550 LIG디펜스앤에어로스 < 5MA 10MA
[INFO] 'chk_vobres_n_buy.py' 2026-06-02 11:57:31,527 : 하향추세 086520 에코프로 < 5MA 10MA
[INFO] 'chk_vobres_n_buy.py' 2026-06-02 11:57:31,527 : 하향추세 096770 SK이노베이션 < 5MA 10MA
[INFO] 'chk_vobres_n_buy.py' 2026-06-02 11:57:31,527 : 하향추세 247540 에코프로비엠 < 5MA 10MA
[INFO] 'chk_vobres_n_buy.py' 2026-06-02 11:57:31,528 : 하향추세 272210 한화시스템 < 5MA 10MA
[DEBUG] 'chk_vobres_n_buy.py' 2026-06-02 11:57:31,528 : 조건검색 종목 수18
[DEBUG] 'chk_vobres_n_buy.py' 2026-06-02 11:57:32,542 : 조건검색 종목 수3
[INFO] 'chk_vobres_n_buy.py' 2026-06-02 11:57:33,550 : 하향추세 003670 포스코퓨처엠 < 5MA 10MA
[WARNING] 'chk_vobres_n_buy.py' 2026-06-02 11:57:33,550 :  Not found in last_ohlc.txt 005070 코스모신소재
[INFO] 'chk_vobres_n_buy.py' 2026-06-02 11:57:33,551 : 하향추세 005490 POSCO홀딩스 < 5MA 10MA
[INFO] 'chk_vobres_n_buy.py' 2026-06-02 11:57:33,551 : 하향추세 006400 삼성SDI < 5MA 10MA
[INFO] 'chk_vobres_n_buy.py' 2026-06-02 11:57:33,551 : 하향추세 012450 한화에어로스페이스 < 5MA 10MA
[INFO] 'chk_vobres_n_buy.py' 2026-06-02 11:57:33,552 : 하향추세 042700 한미반도체 < 5MA 10MA
[INFO] 'chk_vobres_n_buy.py' 2026-06-02 11:57:33,552 : 하향추세 047810 한국항공우주 < 5MA 10MA
[INFO] 'chk_vobres_n_buy.py' 2026-06-02 11:57:33,552 : 하향추세 064350 현대로템 < 5MA 10MA
[INFO] 'chk_vobres_n_buy.py' 2026-06-02 11:57:33,553 : 하향추세 079550 LIG디펜스앤에어로스 < 5MA 10MA
[INFO] 'chk_vobres_n_buy.py' 2026-06-02 11:57:33,553 : 하향추세 086520 에코프로 < 5MA 10MA
[INFO] 'chk_vobres_n_buy.py' 2026-06-02 11:57:33,553 : 하향추세 096770 SK이노베이션 < 5MA 10MA
[INFO] 'chk_vobres_n_buy.py' 2026-06-02 11:57:33,553 : 하향추세 247540 에코프로비엠 < 5MA 10MA
[INFO] 'chk_vobres_n_buy.py' 2026-06-02 11:57:33,554 : 하향추세 272210 한화시스템 < 5MA 10MA
[DEBUG] 'chk_vobres_n_buy.py' 2026-06-02 11:57:33,554 : 조건검색 종목 수18
[DEBUG] 'chk_vobres_n_buy.py' 2026-06-02 11:57:34,573 : 조건검색 종목 수3
[INFO] 'chk_vobres_n_buy.py' 2026-06-02 11:57:35,593 : 하향추세 003670 포스코퓨처엠 < 5MA 10MA
[WARNING] 'chk_vobres_n_buy.py' 2026-06-02 11:57:35,593 :  Not found in last_ohlc.txt 005070 코스모신소재
[INFO] 'chk_vobres_n_buy.py' 2026-06-02 11:57:35,594 : 하향추세 005490 POSCO홀딩스 < 5MA 10MA
[INFO] 'chk_vobres_n_buy.py' 2026-06-02 11:57:35,594 : 하향추세 006400 삼성SDI < 5MA 10MA
[INFO] 'chk_vobres_n_buy.py' 2026-06-02 11:57:35,595 : 하향추세 012450 한화에어로스페이스 < 5MA 10MA
[INFO] 'chk_vobres_n_buy.py' 2026-06-02 11:57:35,595 : 하향추세 042700 한미반도체 < 5MA 10MA
[INFO] 'chk_vobres_n_buy.py' 2026-06-02 11:57:35,595 : 하향추세 047810 한국항공우주 < 5MA 10MA
[INFO] 'chk_vobres_n_buy.py' 2026-06-02 11:57:35,595 : 하향추세 064350 현대로템 < 5MA 10MA
[INFO] 'chk_vobres_n_buy.py' 2026-06-02 11:57:35,596 : 하향추세 079550 LIG디펜스앤에어로스 < 5MA 10MA
[INFO] 'chk_vobres_n_buy.py' 2026-06-02 11:57:35,596 : 하향추세 086520 에코프로 < 5MA 10MA
[INFO] 'chk_vobres_n_buy.py' 2026-06-02 11:57:35,596 : 하향추세 096770 SK이노베이션 < 5MA 10MA
[INFO] 'chk_vobres_n_buy.py' 2026-06-02 11:57:35,597 : 하향추세 247540 에코프로비엠 < 5MA 10MA
[INFO] 'chk_vobres_n_buy.py' 2026-06-02 11:57:35,597 : 하향추세 272210 한화시스템 < 5MA 10MA
[DEBUG] 'chk_vobres_n_buy.py' 2026-06-02 11:57:35,597 : 조건검색 종목 수18
[DEBUG] 'chk_vobres_n_buy.py' 2026-06-02 11:57:36,612 : 조건검색 종목 수3
[INFO] 'chk_vobres_n_buy.py' 2026-06-02 11:57:37,619 : 하향추세 003670 포스코퓨처엠 < 5MA 10MA
[WARNING] 'chk_vobres_n_buy.py' 2026-06-02 11:57:37,620 :  Not found in last_ohlc.txt 005070 코스모신소재
[INFO] 'chk_vobres_n_buy.py' 2026-06-02 11:57:37,620 : 하향추세 005490 POSCO홀딩스 < 5MA 10MA
[INFO] 'chk_vobres_n_buy.py' 2026-06-02 11:57:37,621 : 하향추세 006400 삼성SDI < 5MA 10MA
[INFO] 'chk_vobres_n_buy.py' 2026-06-02 11:57:37,621 : 하향추세 012450 한화에어로스페이스 < 5MA 10MA
[INFO] 'chk_vobres_n_buy.py' 2026-06-02 11:57:37,621 : 하향추세 042700 한미반도체 < 5MA 10MA
[INFO] 'chk_vobres_n_buy.py' 2026-06-02 11:57:37,621 : 하향추세 047810 한국항공우주 < 5MA 10MA
[INFO] 'chk_vobres_n_buy.py' 2026-06-02 11:57:37,622 : 하향추세 064350 현대로템 < 5MA 10MA
[INFO] 'chk_vobres_n_buy.py' 2026-06-02 11:57:37,622 : 하향추세 079550 LIG디펜스앤에어로스 < 5MA 10MA
[INFO] 'chk_vobres_n_buy.py' 2026-06-02 11:57:37,622 : 하향추세 086520 에코프로 < 5MA 10MA
[INFO] 'chk_vobres_n_buy.py' 2026-06-02 11:57:37,623 : 하향추세 096770 SK이노베이션 < 5MA 10MA
[INFO] 'chk_vobres_n_buy.py' 2026-06-02 11:57:37,623 : 하향추세 247540 에코프로비엠 < 5MA 10MA
[INFO] 'chk_vobres_n_buy.py' 2026-06-02 11:57:37,623 : 하향추세 272210 한화시스템 < 5MA 10MA
[DEBUG] 'chk_vobres_n_buy.py' 2026-06-02 11:57:37,624 : 조건검색 종목 수18
[DEBUG] 'chk_vobres_n_buy.py' 2026-06-02 11:57:38,640 : 조건검색 종목 수3
[INFO] 'chk_vobres_n_buy.py' 2026-06-02 11:57:39,647 : 하향추세 003670 포스코퓨처엠 < 5MA 10MA
[WARNING] 'chk_vobres_n_buy.py' 2026-06-02 11:57:39,648 :  Not found in last_ohlc.txt 005070 코스모신소재
[INFO] 'chk_vobres_n_buy.py' 2026-06-02 11:57:39,648 : 하향추세 005490 POSCO홀딩스 < 5MA 10MA
[INFO] 'chk_vobres_n_buy.py' 2026-06-02 11:57:39,648 : 하향추세 006400 삼성SDI < 5MA 10MA
[INFO] 'chk_vobres_n_buy.py' 2026-06-02 11:57:39,649 : 하향추세 012450 한화에어로스페이스 < 5MA 10MA
[INFO] 'chk_vobres_n_buy.py' 2026-06-02 11:57:39,649 : 하향추세 042700 한미반도체 < 5MA 10MA
[INFO] 'chk_vobres_n_buy.py' 2026-06-02 11:57:39,649 : 하향추세 047810 한국항공우주 < 5MA 10MA
[INFO] 'chk_vobres_n_buy.py' 2026-06-02 11:57:39,650 : 하향추세 064350 현대로템 < 5MA 10MA
[INFO] 'chk_vobres_n_buy.py' 2026-06-02 11:57:39,650 : 하향추세 079550 LIG디펜스앤에어로스 < 5MA 10MA
[INFO] 'chk_vobres_n_buy.py' 2026-06-02 11:57:39,650 : 하향추세 086520 에코프로 < 5MA 10MA
[INFO] 'chk_vobres_n_buy.py' 2026-06-02 11:57:39,651 : 하향추세 096770 SK이노베이션 < 5MA 10MA
[INFO] 'chk_vobres_n_buy.py' 2026-06-02 11:57:39,651 : 하향추세 247540 에코프로비엠 < 5MA 10MA
[INFO] 'chk_vobres_n_buy.py' 2026-06-02 11:57:39,651 : 하향추세 272210 한화시스템 < 5MA 10MA
[DEBUG] 'chk_vobres_n_buy.py' 2026-06-02 11:57:39,651 : 조건검색 종목 수18
[DEBUG] 'chk_vobres_n_buy.py' 2026-06-02 11:57:40,655 : 조건검색 종목 수3
[INFO] 'chk_vobres_n_buy.py' 2026-06-02 11:57:41,660 : 하향추세 003670 포스코퓨처엠 < 5MA 10MA
[WARNING] 'chk_vobres_n_buy.py' 2026-06-02 11:57:41,660 :  Not found in last_ohlc.txt 005070 코스모신소재
[INFO] 'chk_vobres_n_buy.py' 2026-06-02 11:57:41,660 : 하향추세 005490 POSCO홀딩스 < 5MA 10MA
[INFO] 'chk_vobres_n_buy.py' 2026-06-02 11:57:41,660 : 하향추세 006400 삼성SDI < 5MA 10MA
[INFO] 'chk_vobres_n_buy.py' 2026-06-02 11:57:41,660 : 하향추세 012450 한화에어로스페이스 < 5MA 10MA
[INFO] 'chk_vobres_n_buy.py' 2026-06-02 11:57:41,661 : 하향추세 042700 한미반도체 < 5MA 10MA
[INFO] 'chk_vobres_n_buy.py' 2026-06-02 11:57:41,661 : 하향추세 047810 한국항공우주 < 5MA 10MA
[INFO] 'chk_vobres_n_buy.py' 2026-06-02 11:57:41,661 : 하향추세 064350 현대로템 < 5MA 10MA
[INFO] 'chk_vobres_n_buy.py' 2026-06-02 11:57:41,661 : 하향추세 079550 LIG디펜스앤에어로스 < 5MA 10MA
[INFO] 'chk_vobres_n_buy.py' 2026-06-02 11:57:41,661 : 하향추세 086520 에코프로 < 5MA 10MA
[INFO] 'chk_vobres_n_buy.py' 2026-06-02 11:57:41,661 : 하향추세 096770 SK이노베이션 < 5MA 10MA
[INFO] 'chk_vobres_n_buy.py' 2026-06-02 11:57:41,661 : 하향추세 247540 에코프로비엠 < 5MA 10MA
[INFO] 'chk_vobres_n_buy.py' 2026-06-02 11:57:41,661 : 하향추세 272210 한화시스템 < 5MA 10MA
[DEBUG] 'chk_vobres_n_buy.py' 2026-06-02 11:57:41,662 : 조건검색 종목 수18
[DEBUG] 'chk_vobres_n_buy.py' 2026-06-02 11:57:42,667 : 조건검색 종목 수3
[INFO] 'chk_vobres_n_buy.py' 2026-06-02 11:57:43,680 : 하향추세 003670 포스코퓨처엠 < 5MA 10MA
[WARNING] 'chk_vobres_n_buy.py' 2026-06-02 11:57:43,681 :  Not found in last_ohlc.txt 005070 코스모신소재
[INFO] 'chk_vobres_n_buy.py' 2026-06-02 11:57:43,681 : 하향추세 005490 POSCO홀딩스 < 5MA 10MA
[INFO] 'chk_vobres_n_buy.py' 2026-06-02 11:57:43,682 : 하향추세 006400 삼성SDI < 5MA 10MA
[INFO] 'chk_vobres_n_buy.py' 2026-06-02 11:57:43,682 : 하향추세 012450 한화에어로스페이스 < 5MA 10MA
[INFO] 'chk_vobres_n_buy.py' 2026-06-02 11:57:43,682 : 하향추세 042700 한미반도체 < 5MA 10MA
[INFO] 'chk_vobres_n_buy.py' 2026-06-02 11:57:43,683 : 하향추세 047810 한국항공우주 < 5MA 10MA
[INFO] 'chk_vobres_n_buy.py' 2026-06-02 11:57:43,683 : 하향추세 064350 현대로템 < 5MA 10MA
[INFO] 'chk_vobres_n_buy.py' 2026-06-02 11:57:43,683 : 하향추세 079550 LIG디펜스앤에어로스 < 5MA 10MA
[INFO] 'chk_vobres_n_buy.py' 2026-06-02 11:57:43,684 : 하향추세 086520 에코프로 < 5MA 10MA
[INFO] 'chk_vobres_n_buy.py' 2026-06-02 11:57:43,685 : 하향추세 096770 SK이노베이션 < 5MA 10MA
[INFO] 'chk_vobres_n_buy.py' 2026-06-02 11:57:43,686 : 하향추세 247540 에코프로비엠 < 5MA 10MA
[INFO] 'chk_vobres_n_buy.py' 2026-06-02 11:57:43,686 : 하향추세 272210 한화시스템 < 5MA 10MA
[DEBUG] 'chk_vobres_n_buy.py' 2026-06-02 11:57:43,686 : 조건검색 종목 수18
[DEBUG] 'chk_vobres_n_buy.py' 2026-06-02 11:57:44,694 : 조건검색 종목 수3
[INFO] 'chk_vobres_n_buy.py' 2026-06-02 11:57:45,706 : 하향추세 003670 포스코퓨처엠 < 5MA 10MA
[WARNING] 'chk_vobres_n_buy.py' 2026-06-02 11:57:45,706 :  Not found in last_ohlc.txt 005070 코스모신소재
[INFO] 'chk_vobres_n_buy.py' 2026-06-02 11:57:45,706 : 하향추세 005490 POSCO홀딩스 < 5MA 10MA
[INFO] 'chk_vobres_n_buy.py' 2026-06-02 11:57:45,706 : 하향추세 006400 삼성SDI < 5MA 10MA
[INFO] 'chk_vobres_n_buy.py' 2026-06-02 11:57:45,707 : 하향추세 012450 한화에어로스페이스 < 5MA 10MA
[INFO] 'chk_vobres_n_buy.py' 2026-06-02 11:57:45,707 : 하향추세 042700 한미반도체 < 5MA 10MA
[INFO] 'chk_vobres_n_buy.py' 2026-06-02 11:57:45,707 : 하향추세 047810 한국항공우주 < 5MA 10MA
[INFO] 'chk_vobres_n_buy.py' 2026-06-02 11:57:45,707 : 하향추세 064350 현대로템 < 5MA 10MA
[INFO] 'chk_vobres_n_buy.py' 2026-06-02 11:57:45,707 : 하향추세 079550 LIG디펜스앤에어로스 < 5MA 10MA
[INFO] 'chk_vobres_n_buy.py' 2026-06-02 11:57:45,707 : 하향추세 086520 에코프로 < 5MA 10MA
[INFO] 'chk_vobres_n_buy.py' 2026-06-02 11:57:45,707 : 하향추세 096770 SK이노베이션 < 5MA 10MA
[INFO] 'chk_vobres_n_buy.py' 2026-06-02 11:57:45,707 : 하향추세 247540 에코프로비엠 < 5MA 10MA
[INFO] 'chk_vobres_n_buy.py' 2026-06-02 11:57:45,707 : 하향추세 272210 한화시스템 < 5MA 10MA
[DEBUG] 'chk_vobres_n_buy.py' 2026-06-02 11:57:45,707 : 조건검색 종목 수18
[DEBUG] 'chk_vobres_n_buy.py' 2026-06-02 11:57:46,714 : 조건검색 종목 수3
[INFO] 'chk_vobres_n_buy.py' 2026-06-02 11:57:47,718 : 하향추세 003670 포스코퓨처엠 < 5MA 10MA
[WARNING] 'chk_vobres_n_buy.py' 2026-06-02 11:57:47,719 :  Not found in last_ohlc.txt 005070 코스모신소재
[INFO] 'chk_vobres_n_buy.py' 2026-06-02 11:57:47,719 : 하향추세 005490 POSCO홀딩스 < 5MA 10MA
[INFO] 'chk_vobres_n_buy.py' 2026-06-02 11:57:47,719 : 하향추세 006400 삼성SDI < 5MA 10MA
[INFO] 'chk_vobres_n_buy.py' 2026-06-02 11:57:47,720 : 하향추세 012450 한화에어로스페이스 < 5MA 10MA
[INFO] 'chk_vobres_n_buy.py' 2026-06-02 11:57:47,720 : 하향추세 042700 한미반도체 < 5MA 10MA
[INFO] 'chk_vobres_n_buy.py' 2026-06-02 11:57:47,720 : 하향추세 047810 한국항공우주 < 5MA 10MA
[INFO] 'chk_vobres_n_buy.py' 2026-06-02 11:57:47,721 : 하향추세 064350 현대로템 < 5MA 10MA
[INFO] 'chk_vobres_n_buy.py' 2026-06-02 11:57:47,721 : 하향추세 079550 LIG디펜스앤에어로스 < 5MA 10MA
[INFO] 'chk_vobres_n_buy.py' 2026-06-02 11:57:47,721 : 하향추세 086520 에코프로 < 5MA 10MA
[INFO] 'chk_vobres_n_buy.py' 2026-06-02 11:57:47,722 : 하향추세 096770 SK이노베이션 < 5MA 10MA
[INFO] 'chk_vobres_n_buy.py' 2026-06-02 11:57:47,722 : 하향추세 247540 에코프로비엠 < 5MA 10MA
[INFO] 'chk_vobres_n_buy.py' 2026-06-02 11:57:47,722 : 하향추세 272210 한화시스템 < 5MA 10MA
[DEBUG] 'chk_vobres_n_buy.py' 2026-06-02 11:57:47,722 : 조건검색 종목 수18
[DEBUG] 'chk_vobres_n_buy.py' 2026-06-02 11:57:48,738 : 조건검색 종목 수3
[INFO] 'chk_vobres_n_buy.py' 2026-06-02 11:57:49,759 : 하향추세 003670 포스코퓨처엠 < 5MA 10MA
[WARNING] 'chk_vobres_n_buy.py' 2026-06-02 11:57:49,759 :  Not found in last_ohlc.txt 005070 코스모신소재
[INFO] 'chk_vobres_n_buy.py' 2026-06-02 11:57:49,760 : 하향추세 005490 POSCO홀딩스 < 5MA 10MA
[INFO] 'chk_vobres_n_buy.py' 2026-06-02 11:57:49,760 : 하향추세 006400 삼성SDI < 5MA 10MA
[INFO] 'chk_vobres_n_buy.py' 2026-06-02 11:57:49,760 : 하향추세 012450 한화에어로스페이스 < 5MA 10MA
[INFO] 'chk_vobres_n_buy.py' 2026-06-02 11:57:49,761 : 하향추세 042700 한미반도체 < 5MA 10MA
[INFO] 'chk_vobres_n_buy.py' 2026-06-02 11:57:49,761 : 하향추세 047810 한국항공우주 < 5MA 10MA
[INFO] 'chk_vobres_n_buy.py' 2026-06-02 11:57:49,761 : 하향추세 064350 현대로템 < 5MA 10MA
[INFO] 'chk_vobres_n_buy.py' 2026-06-02 11:57:49,762 : 하향추세 079550 LIG디펜스앤에어로스 < 5MA 10MA
[INFO] 'chk_vobres_n_buy.py' 2026-06-02 11:57:49,762 : 하향추세 086520 에코프로 < 5MA 10MA
[INFO] 'chk_vobres_n_buy.py' 2026-06-02 11:57:49,762 : 하향추세 096770 SK이노베이션 < 5MA 10MA
[INFO] 'chk_vobres_n_buy.py' 2026-06-02 11:57:49,763 : 하향추세 247540 에코프로비엠 < 5MA 10MA
[INFO] 'chk_vobres_n_buy.py' 2026-06-02 11:57:49,763 : 하향추세 272210 한화시스템 < 5MA 10MA
[DEBUG] 'chk_vobres_n_buy.py' 2026-06-02 11:57:49,763 : 조건검색 종목 수18
[DEBUG] 'chk_vobres_n_buy.py' 2026-06-02 11:57:50,779 : 조건검색 종목 수3
[INFO] 'chk_vobres_n_buy.py' 2026-06-02 11:57:51,790 : 하향추세 003670 포스코퓨처엠 < 5MA 10MA
[WARNING] 'chk_vobres_n_buy.py' 2026-06-02 11:57:51,791 :  Not found in last_ohlc.txt 005070 코스모신소재
[INFO] 'chk_vobres_n_buy.py' 2026-06-02 11:57:51,791 : 하향추세 005490 POSCO홀딩스 < 5MA 10MA
[INFO] 'chk_vobres_n_buy.py' 2026-06-02 11:57:51,791 : 하향추세 006400 삼성SDI < 5MA 10MA
[INFO] 'chk_vobres_n_buy.py' 2026-06-02 11:57:51,791 : 하향추세 012450 한화에어로스페이스 < 5MA 10MA
[INFO] 'chk_vobres_n_buy.py' 2026-06-02 11:57:51,792 : 하향추세 042700 한미반도체 < 5MA 10MA
[INFO] 'chk_vobres_n_buy.py' 2026-06-02 11:57:51,792 : 하향추세 047810 한국항공우주 < 5MA 10MA
[INFO] 'chk_vobres_n_buy.py' 2026-06-02 11:57:51,792 : 하향추세 064350 현대로템 < 5MA 10MA
[INFO] 'chk_vobres_n_buy.py' 2026-06-02 11:57:51,792 : 하향추세 079550 LIG디펜스앤에어로스 < 5MA 10MA
[INFO] 'chk_vobres_n_buy.py' 2026-06-02 11:57:51,793 : 하향추세 086520 에코프로 < 5MA 10MA
[INFO] 'chk_vobres_n_buy.py' 2026-06-02 11:57:51,793 : 하향추세 096770 SK이노베이션 < 5MA 10MA
[INFO] 'chk_vobres_n_buy.py' 2026-06-02 11:57:51,793 : 하향추세 247540 에코프로비엠 < 5MA 10MA
[INFO] 'chk_vobres_n_buy.py' 2026-06-02 11:57:51,793 : 하향추세 272210 한화시스템 < 5MA 10MA
[DEBUG] 'chk_vobres_n_buy.py' 2026-06-02 11:57:51,793 : 조건검색 종목 수18
[DEBUG] 'chk_vobres_n_buy.py' 2026-06-02 11:57:52,802 : 조건검색 종목 수3
[INFO] 'chk_vobres_n_buy.py' 2026-06-02 11:57:53,816 : 하향추세 003670 포스코퓨처엠 < 5MA 10MA
[WARNING] 'chk_vobres_n_buy.py' 2026-06-02 11:57:53,817 :  Not found in last_ohlc.txt 005070 코스모신소재
[INFO] 'chk_vobres_n_buy.py' 2026-06-02 11:57:53,817 : 하향추세 005490 POSCO홀딩스 < 5MA 10MA
[INFO] 'chk_vobres_n_buy.py' 2026-06-02 11:57:53,817 : 하향추세 006400 삼성SDI < 5MA 10MA
[INFO] 'chk_vobres_n_buy.py' 2026-06-02 11:57:53,818 : 하향추세 012450 한화에어로스페이스 < 5MA 10MA
[INFO] 'chk_vobres_n_buy.py' 2026-06-02 11:57:53,818 : 하향추세 042700 한미반도체 < 5MA 10MA
[INFO] 'chk_vobres_n_buy.py' 2026-06-02 11:57:53,818 : 하향추세 047810 한국항공우주 < 5MA 10MA
[INFO] 'chk_vobres_n_buy.py' 2026-06-02 11:57:53,819 : 하향추세 064350 현대로템 < 5MA 10MA
[INFO] 'chk_vobres_n_buy.py' 2026-06-02 11:57:53,819 : 하향추세 079550 LIG디펜스앤에어로스 < 5MA 10MA
[INFO] 'chk_vobres_n_buy.py' 2026-06-02 11:57:53,819 : 하향추세 086520 에코프로 < 5MA 10MA
[INFO] 'chk_vobres_n_buy.py' 2026-06-02 11:57:53,820 : 하향추세 096770 SK이노베이션 < 5MA 10MA
[INFO] 'chk_vobres_n_buy.py' 2026-06-02 11:57:53,821 : 하향추세 247540 에코프로비엠 < 5MA 10MA
[INFO] 'chk_vobres_n_buy.py' 2026-06-02 11:57:53,821 : 하향추세 272210 한화시스템 < 5MA 10MA
[DEBUG] 'chk_vobres_n_buy.py' 2026-06-02 11:57:53,822 : 조건검색 종목 수18
[DEBUG] 'chk_vobres_n_buy.py' 2026-06-02 11:57:54,838 : 조건검색 종목 수3
[INFO] 'chk_vobres_n_buy.py' 2026-06-02 11:57:55,845 : 하향추세 003670 포스코퓨처엠 < 5MA 10MA
[WARNING] 'chk_vobres_n_buy.py' 2026-06-02 11:57:55,845 :  Not found in last_ohlc.txt 005070 코스모신소재
[INFO] 'chk_vobres_n_buy.py' 2026-06-02 11:57:55,845 : 하향추세 005490 POSCO홀딩스 < 5MA 10MA
[INFO] 'chk_vobres_n_buy.py' 2026-06-02 11:57:55,846 : 하향추세 006400 삼성SDI < 5MA 10MA
[INFO] 'chk_vobres_n_buy.py' 2026-06-02 11:57:55,846 : 하향추세 012450 한화에어로스페이스 < 5MA 10MA
[INFO] 'chk_vobres_n_buy.py' 2026-06-02 11:57:55,846 : 하향추세 042700 한미반도체 < 5MA 10MA
[INFO] 'chk_vobres_n_buy.py' 2026-06-02 11:57:55,846 : 하향추세 047810 한국항공우주 < 5MA 10MA
[INFO] 'chk_vobres_n_buy.py' 2026-06-02 11:57:55,846 : 하향추세 064350 현대로템 < 5MA 10MA
[INFO] 'chk_vobres_n_buy.py' 2026-06-02 11:57:55,846 : 하향추세 079550 LIG디펜스앤에어로스 < 5MA 10MA
[INFO] 'chk_vobres_n_buy.py' 2026-06-02 11:57:55,847 : 하향추세 086520 에코프로 < 5MA 10MA
[INFO] 'chk_vobres_n_buy.py' 2026-06-02 11:57:55,847 : 하향추세 096770 SK이노베이션 < 5MA 10MA
[INFO] 'chk_vobres_n_buy.py' 2026-06-02 11:57:55,847 : 하향추세 247540 에코프로비엠 < 5MA 10MA
[INFO] 'chk_vobres_n_buy.py' 2026-06-02 11:57:55,847 : 하향추세 272210 한화시스템 < 5MA 10MA
[DEBUG] 'chk_vobres_n_buy.py' 2026-06-02 11:57:55,847 : 조건검색 종목 수18
[DEBUG] 'chk_vobres_n_buy.py' 2026-06-02 11:57:56,855 : 조건검색 종목 수3
[INFO] 'chk_vobres_n_buy.py' 2026-06-02 11:57:57,864 : 하향추세 003670 포스코퓨처엠 < 5MA 10MA
[WARNING] 'chk_vobres_n_buy.py' 2026-06-02 11:57:57,865 :  Not found in last_ohlc.txt 005070 코스모신소재
[INFO] 'chk_vobres_n_buy.py' 2026-06-02 11:57:57,866 : 하향추세 005490 POSCO홀딩스 < 5MA 10MA
[INFO] 'chk_vobres_n_buy.py' 2026-06-02 11:57:57,866 : 하향추세 006400 삼성SDI < 5MA 10MA
[INFO] 'chk_vobres_n_buy.py' 2026-06-02 11:57:57,866 : 하향추세 012450 한화에어로스페이스 < 5MA 10MA
[INFO] 'chk_vobres_n_buy.py' 2026-06-02 11:57:57,867 : 하향추세 042700 한미반도체 < 5MA 10MA
[INFO] 'chk_vobres_n_buy.py' 2026-06-02 11:57:57,867 : 하향추세 047810 한국항공우주 < 5MA 10MA
[INFO] 'chk_vobres_n_buy.py' 2026-06-02 11:57:57,868 : 하향추세 064350 현대로템 < 5MA 10MA
[INFO] 'chk_vobres_n_buy.py' 2026-06-02 11:57:57,868 : 하향추세 079550 LIG디펜스앤에어로스 < 5MA 10MA
[INFO] 'chk_vobres_n_buy.py' 2026-06-02 11:57:57,869 : 하향추세 086520 에코프로 < 5MA 10MA
[INFO] 'chk_vobres_n_buy.py' 2026-06-02 11:57:57,869 : 하향추세 096770 SK이노베이션 < 5MA 10MA
[INFO] 'chk_vobres_n_buy.py' 2026-06-02 11:57:57,869 : 하향추세 247540 에코프로비엠 < 5MA 10MA
[INFO] 'chk_vobres_n_buy.py' 2026-06-02 11:57:57,870 : 하향추세 272210 한화시스템 < 5MA 10MA
[DEBUG] 'chk_vobres_n_buy.py' 2026-06-02 11:57:57,870 : 조건검색 종목 수18
[DEBUG] 'chk_vobres_n_buy.py' 2026-06-02 11:57:58,877 : 조건검색 종목 수3
[INFO] 'chk_vobres_n_buy.py' 2026-06-02 11:57:59,882 : 하향추세 003670 포스코퓨처엠 < 5MA 10MA
[WARNING] 'chk_vobres_n_buy.py' 2026-06-02 11:57:59,882 :  Not found in last_ohlc.txt 005070 코스모신소재
[INFO] 'chk_vobres_n_buy.py' 2026-06-02 11:57:59,883 : 하향추세 005490 POSCO홀딩스 < 5MA 10MA
[INFO] 'chk_vobres_n_buy.py' 2026-06-02 11:57:59,883 : 하향추세 006400 삼성SDI < 5MA 10MA
[INFO] 'chk_vobres_n_buy.py' 2026-06-02 11:57:59,884 : 하향추세 012450 한화에어로스페이스 < 5MA 10MA
[INFO] 'chk_vobres_n_buy.py' 2026-06-02 11:57:59,884 : 하향추세 042700 한미반도체 < 5MA 10MA
[INFO] 'chk_vobres_n_buy.py' 2026-06-02 11:57:59,884 : 하향추세 047810 한국항공우주 < 5MA 10MA
[INFO] 'chk_vobres_n_buy.py' 2026-06-02 11:57:59,885 : 하향추세 064350 현대로템 < 5MA 10MA
[INFO] 'chk_vobres_n_buy.py' 2026-06-02 11:57:59,885 : 하향추세 079550 LIG디펜스앤에어로스 < 5MA 10MA
[INFO] 'chk_vobres_n_buy.py' 2026-06-02 11:57:59,885 : 하향추세 086520 에코프로 < 5MA 10MA
[INFO] 'chk_vobres_n_buy.py' 2026-06-02 11:57:59,886 : 하향추세 096770 SK이노베이션 < 5MA 10MA
[INFO] 'chk_vobres_n_buy.py' 2026-06-02 11:57:59,886 : 하향추세 247540 에코프로비엠 < 5MA 10MA
[INFO] 'chk_vobres_n_buy.py' 2026-06-02 11:57:59,886 : 하향추세 272210 한화시스템 < 5MA 10MA
[DEBUG] 'chk_vobres_n_buy.py' 2026-06-02 11:57:59,887 : 조건검색 종목 수18
[DEBUG] 'chk_vobres_n_buy.py' 2026-06-02 11:58:00,899 : 조건검색 종목 수3
[INFO] 'chk_vobres_n_buy.py' 2026-06-02 11:58:01,906 : 하향추세 003670 포스코퓨처엠 < 5MA 10MA
[WARNING] 'chk_vobres_n_buy.py' 2026-06-02 11:58:01,907 :  Not found in last_ohlc.txt 005070 코스모신소재
[INFO] 'chk_vobres_n_buy.py' 2026-06-02 11:58:01,907 : 하향추세 005490 POSCO홀딩스 < 5MA 10MA
[INFO] 'chk_vobres_n_buy.py' 2026-06-02 11:58:01,907 : 하향추세 006400 삼성SDI < 5MA 10MA
[INFO] 'chk_vobres_n_buy.py' 2026-06-02 11:58:01,908 : 하향추세 012450 한화에어로스페이스 < 5MA 10MA
[INFO] 'chk_vobres_n_buy.py' 2026-06-02 11:58:01,908 : 하향추세 042700 한미반도체 < 5MA 10MA
[INFO] 'chk_vobres_n_buy.py' 2026-06-02 11:58:01,908 : 하향추세 047810 한국항공우주 < 5MA 10MA
[INFO] 'chk_vobres_n_buy.py' 2026-06-02 11:58:01,909 : 하향추세 064350 현대로템 < 5MA 10MA
[INFO] 'chk_vobres_n_buy.py' 2026-06-02 11:58:01,909 : 하향추세 079550 LIG디펜스앤에어로스 < 5MA 10MA
[INFO] 'chk_vobres_n_buy.py' 2026-06-02 11:58:01,909 : 하향추세 086520 에코프로 < 5MA 10MA
[INFO] 'chk_vobres_n_buy.py' 2026-06-02 11:58:01,910 : 하향추세 096770 SK이노베이션 < 5MA 10MA
[INFO] 'chk_vobres_n_buy.py' 2026-06-02 11:58:01,910 : 하향추세 247540 에코프로비엠 < 5MA 10MA
[INFO] 'chk_vobres_n_buy.py' 2026-06-02 11:58:01,910 : 하향추세 272210 한화시스템 < 5MA 10MA
[DEBUG] 'chk_vobres_n_buy.py' 2026-06-02 11:58:01,911 : 조건검색 종목 수18
[DEBUG] 'chk_vobres_n_buy.py' 2026-06-02 11:58:02,927 : 조건검색 종목 수3
[INFO] 'chk_vobres_n_buy.py' 2026-06-02 11:58:03,935 : 하향추세 003670 포스코퓨처엠 < 5MA 10MA
[WARNING] 'chk_vobres_n_buy.py' 2026-06-02 11:58:03,935 :  Not found in last_ohlc.txt 005070 코스모신소재
[INFO] 'chk_vobres_n_buy.py' 2026-06-02 11:58:03,936 : 하향추세 005490 POSCO홀딩스 < 5MA 10MA
[INFO] 'chk_vobres_n_buy.py' 2026-06-02 11:58:03,936 : 하향추세 006400 삼성SDI < 5MA 10MA
[INFO] 'chk_vobres_n_buy.py' 2026-06-02 11:58:03,936 : 하향추세 012450 한화에어로스페이스 < 5MA 10MA
[INFO] 'chk_vobres_n_buy.py' 2026-06-02 11:58:03,937 : 하향추세 042700 한미반도체 < 5MA 10MA
[INFO] 'chk_vobres_n_buy.py' 2026-06-02 11:58:03,937 : 하향추세 047810 한국항공우주 < 5MA 10MA
[INFO] 'chk_vobres_n_buy.py' 2026-06-02 11:58:03,937 : 하향추세 064350 현대로템 < 5MA 10MA
[INFO] 'chk_vobres_n_buy.py' 2026-06-02 11:58:03,938 : 하향추세 079550 LIG디펜스앤에어로스 < 5MA 10MA
[INFO] 'chk_vobres_n_buy.py' 2026-06-02 11:58:03,938 : 하향추세 086520 에코프로 < 5MA 10MA
[INFO] 'chk_vobres_n_buy.py' 2026-06-02 11:58:03,938 : 하향추세 096770 SK이노베이션 < 5MA 10MA
[INFO] 'chk_vobres_n_buy.py' 2026-06-02 11:58:03,939 : 하향추세 247540 에코프로비엠 < 5MA 10MA
[INFO] 'chk_vobres_n_buy.py' 2026-06-02 11:58:03,939 : 하향추세 272210 한화시스템 < 5MA 10MA
[DEBUG] 'chk_vobres_n_buy.py' 2026-06-02 11:58:03,939 : 조건검색 종목 수18
[DEBUG] 'chk_vobres_n_buy.py' 2026-06-02 11:58:04,943 : 조건검색 종목 수3
[INFO] 'chk_vobres_n_buy.py' 2026-06-02 11:58:05,951 : 하향추세 003670 포스코퓨처엠 < 5MA 10MA
[WARNING] 'chk_vobres_n_buy.py' 2026-06-02 11:58:05,951 :  Not found in last_ohlc.txt 005070 코스모신소재
[INFO] 'chk_vobres_n_buy.py' 2026-06-02 11:58:05,952 : 하향추세 005490 POSCO홀딩스 < 5MA 10MA
[INFO] 'chk_vobres_n_buy.py' 2026-06-02 11:58:05,952 : 하향추세 006400 삼성SDI < 5MA 10MA
[INFO] 'chk_vobres_n_buy.py' 2026-06-02 11:58:05,952 : 하향추세 012450 한화에어로스페이스 < 5MA 10MA
[INFO] 'chk_vobres_n_buy.py' 2026-06-02 11:58:05,953 : 하향추세 042700 한미반도체 < 5MA 10MA
[INFO] 'chk_vobres_n_buy.py' 2026-06-02 11:58:05,953 : 하향추세 047810 한국항공우주 < 5MA 10MA
[INFO] 'chk_vobres_n_buy.py' 2026-06-02 11:58:05,953 : 하향추세 064350 현대로템 < 5MA 10MA
[INFO] 'chk_vobres_n_buy.py' 2026-06-02 11:58:05,954 : 하향추세 079550 LIG디펜스앤에어로스 < 5MA 10MA
[INFO] 'chk_vobres_n_buy.py' 2026-06-02 11:58:05,954 : 하향추세 086520 에코프로 < 5MA 10MA
[INFO] 'chk_vobres_n_buy.py' 2026-06-02 11:58:05,954 : 하향추세 096770 SK이노베이션 < 5MA 10MA
[INFO] 'chk_vobres_n_buy.py' 2026-06-02 11:58:05,955 : 하향추세 247540 에코프로비엠 < 5MA 10MA
[INFO] 'chk_vobres_n_buy.py' 2026-06-02 11:58:05,955 : 하향추세 272210 한화시스템 < 5MA 10MA
[DEBUG] 'chk_vobres_n_buy.py' 2026-06-02 11:58:05,955 : 조건검색 종목 수18
[DEBUG] 'chk_vobres_n_buy.py' 2026-06-02 11:58:06,971 : 조건검색 종목 수2
[INFO] 'chk_vobres_n_buy.py' 2026-06-02 11:58:07,983 : 하향추세 003670 포스코퓨처엠 < 5MA 10MA
[WARNING] 'chk_vobres_n_buy.py' 2026-06-02 11:58:07,983 :  Not found in last_ohlc.txt 005070 코스모신소재
[INFO] 'chk_vobres_n_buy.py' 2026-06-02 11:58:07,984 : 하향추세 005490 POSCO홀딩스 < 5MA 10MA
[INFO] 'chk_vobres_n_buy.py' 2026-06-02 11:58:07,984 : 하향추세 006400 삼성SDI < 5MA 10MA
[INFO] 'chk_vobres_n_buy.py' 2026-06-02 11:58:07,985 : 하향추세 012450 한화에어로스페이스 < 5MA 10MA
[INFO] 'chk_vobres_n_buy.py' 2026-06-02 11:58:07,985 : 하향추세 042700 한미반도체 < 5MA 10MA
[INFO] 'chk_vobres_n_buy.py' 2026-06-02 11:58:07,985 : 하향추세 047810 한국항공우주 < 5MA 10MA
[INFO] 'chk_vobres_n_buy.py' 2026-06-02 11:58:07,986 : 하향추세 064350 현대로템 < 5MA 10MA
[INFO] 'chk_vobres_n_buy.py' 2026-06-02 11:58:07,986 : 하향추세 079550 LIG디펜스앤에어로스 < 5MA 10MA
[INFO] 'chk_vobres_n_buy.py' 2026-06-02 11:58:07,986 : 하향추세 086520 에코프로 < 5MA 10MA
[INFO] 'chk_vobres_n_buy.py' 2026-06-02 11:58:07,987 : 하향추세 096770 SK이노베이션 < 5MA 10MA
[INFO] 'chk_vobres_n_buy.py' 2026-06-02 11:58:07,987 : 하향추세 247540 에코프로비엠 < 5MA 10MA
[INFO] 'chk_vobres_n_buy.py' 2026-06-02 11:58:07,987 : 하향추세 272210 한화시스템 < 5MA 10MA
[DEBUG] 'chk_vobres_n_buy.py' 2026-06-02 11:58:07,987 : 조건검색 종목 수18
[DEBUG] 'chk_vobres_n_buy.py' 2026-06-02 11:58:09,003 : 조건검색 종목 수2
[INFO] 'chk_vobres_n_buy.py' 2026-06-02 11:58:10,012 : 하향추세 003670 포스코퓨처엠 < 5MA 10MA
[WARNING] 'chk_vobres_n_buy.py' 2026-06-02 11:58:10,013 :  Not found in last_ohlc.txt 005070 코스모신소재
[INFO] 'chk_vobres_n_buy.py' 2026-06-02 11:58:10,013 : 하향추세 005490 POSCO홀딩스 < 5MA 10MA
[INFO] 'chk_vobres_n_buy.py' 2026-06-02 11:58:10,014 : 하향추세 006400 삼성SDI < 5MA 10MA
[INFO] 'chk_vobres_n_buy.py' 2026-06-02 11:58:10,014 : 하향추세 012450 한화에어로스페이스 < 5MA 10MA
[INFO] 'chk_vobres_n_buy.py' 2026-06-02 11:58:10,014 : 하향추세 042700 한미반도체 < 5MA 10MA
[INFO] 'chk_vobres_n_buy.py' 2026-06-02 11:58:10,015 : 하향추세 047810 한국항공우주 < 5MA 10MA
[INFO] 'chk_vobres_n_buy.py' 2026-06-02 11:58:10,015 : 하향추세 064350 현대로템 < 5MA 10MA
[INFO] 'chk_vobres_n_buy.py' 2026-06-02 11:58:10,015 : 하향추세 079550 LIG디펜스앤에어로스 < 5MA 10MA
[INFO] 'chk_vobres_n_buy.py' 2026-06-02 11:58:10,016 : 하향추세 086520 에코프로 < 5MA 10MA
[INFO] 'chk_vobres_n_buy.py' 2026-06-02 11:58:10,016 : 하향추세 096770 SK이노베이션 < 5MA 10MA
[INFO] 'chk_vobres_n_buy.py' 2026-06-02 11:58:10,016 : 하향추세 247540 에코프로비엠 < 5MA 10MA
[INFO] 'chk_vobres_n_buy.py' 2026-06-02 11:58:10,017 : 하향추세 272210 한화시스템 < 5MA 10MA
[DEBUG] 'chk_vobres_n_buy.py' 2026-06-02 11:58:10,017 : 조건검색 종목 수18
[DEBUG] 'chk_vobres_n_buy.py' 2026-06-02 11:58:11,022 : 조건검색 종목 수2
[INFO] 'chk_vobres_n_buy.py' 2026-06-02 11:58:12,030 : 하향추세 003670 포스코퓨처엠 < 5MA 10MA
[WARNING] 'chk_vobres_n_buy.py' 2026-06-02 11:58:12,030 :  Not found in last_ohlc.txt 005070 코스모신소재
[INFO] 'chk_vobres_n_buy.py' 2026-06-02 11:58:12,030 : 하향추세 005490 POSCO홀딩스 < 5MA 10MA
[INFO] 'chk_vobres_n_buy.py' 2026-06-02 11:58:12,030 : 하향추세 006400 삼성SDI < 5MA 10MA
[INFO] 'chk_vobres_n_buy.py' 2026-06-02 11:58:12,030 : 하향추세 012450 한화에어로스페이스 < 5MA 10MA
[INFO] 'chk_vobres_n_buy.py' 2026-06-02 11:58:12,031 : 하향추세 042700 한미반도체 < 5MA 10MA
[INFO] 'chk_vobres_n_buy.py' 2026-06-02 11:58:12,031 : 하향추세 047810 한국항공우주 < 5MA 10MA
[INFO] 'chk_vobres_n_buy.py' 2026-06-02 11:58:12,031 : 하향추세 064350 현대로템 < 5MA 10MA
[INFO] 'chk_vobres_n_buy.py' 2026-06-02 11:58:12,031 : 하향추세 079550 LIG디펜스앤에어로스 < 5MA 10MA
[INFO] 'chk_vobres_n_buy.py' 2026-06-02 11:58:12,031 : 하향추세 086520 에코프로 < 5MA 10MA
[INFO] 'chk_vobres_n_buy.py' 2026-06-02 11:58:12,031 : 하향추세 096770 SK이노베이션 < 5MA 10MA
[INFO] 'chk_vobres_n_buy.py' 2026-06-02 11:58:12,031 : 하향추세 247540 에코프로비엠 < 5MA 10MA
[INFO] 'chk_vobres_n_buy.py' 2026-06-02 11:58:12,031 : 하향추세 272210 한화시스템 < 5MA 10MA
[DEBUG] 'chk_vobres_n_buy.py' 2026-06-02 11:58:12,031 : 조건검색 종목 수18
[DEBUG] 'chk_vobres_n_buy.py' 2026-06-02 11:58:13,033 : 조건검색 종목 수3
[INFO] 'chk_vobres_n_buy.py' 2026-06-02 11:58:14,038 : 하향추세 003670 포스코퓨처엠 < 5MA 10MA
[WARNING] 'chk_vobres_n_buy.py' 2026-06-02 11:58:14,039 :  Not found in last_ohlc.txt 005070 코스모신소재
[INFO] 'chk_vobres_n_buy.py' 2026-06-02 11:58:14,039 : 하향추세 005490 POSCO홀딩스 < 5MA 10MA
[INFO] 'chk_vobres_n_buy.py' 2026-06-02 11:58:14,039 : 하향추세 006400 삼성SDI < 5MA 10MA
[INFO] 'chk_vobres_n_buy.py' 2026-06-02 11:58:14,039 : 하향추세 012450 한화에어로스페이스 < 5MA 10MA
[INFO] 'chk_vobres_n_buy.py' 2026-06-02 11:58:14,039 : 하향추세 042700 한미반도체 < 5MA 10MA
[INFO] 'chk_vobres_n_buy.py' 2026-06-02 11:58:14,039 : 하향추세 047810 한국항공우주 < 5MA 10MA
[INFO] 'chk_vobres_n_buy.py' 2026-06-02 11:58:14,039 : 하향추세 064350 현대로템 < 5MA 10MA
[INFO] 'chk_vobres_n_buy.py' 2026-06-02 11:58:14,039 : 하향추세 079550 LIG디펜스앤에어로스 < 5MA 10MA
[INFO] 'chk_vobres_n_buy.py' 2026-06-02 11:58:14,039 : 하향추세 086520 에코프로 < 5MA 10MA
[INFO] 'chk_vobres_n_buy.py' 2026-06-02 11:58:14,040 : 하향추세 096770 SK이노베이션 < 5MA 10MA
[INFO] 'chk_vobres_n_buy.py' 2026-06-02 11:58:14,040 : 하향추세 247540 에코프로비엠 < 5MA 10MA
[INFO] 'chk_vobres_n_buy.py' 2026-06-02 11:58:14,040 : 하향추세 272210 한화시스템 < 5MA 10MA
[DEBUG] 'chk_vobres_n_buy.py' 2026-06-02 11:58:14,040 : 조건검색 종목 수18
[DEBUG] 'chk_vobres_n_buy.py' 2026-06-02 11:58:15,043 : 조건검색 종목 수3
[INFO] 'chk_vobres_n_buy.py' 2026-06-02 11:58:16,049 : 하향추세 003670 포스코퓨처엠 < 5MA 10MA
[WARNING] 'chk_vobres_n_buy.py' 2026-06-02 11:58:16,050 :  Not found in last_ohlc.txt 005070 코스모신소재
[INFO] 'chk_vobres_n_buy.py' 2026-06-02 11:58:16,050 : 하향추세 005490 POSCO홀딩스 < 5MA 10MA
[INFO] 'chk_vobres_n_buy.py' 2026-06-02 11:58:16,051 : 하향추세 006400 삼성SDI < 5MA 10MA
[INFO] 'chk_vobres_n_buy.py' 2026-06-02 11:58:16,051 : 하향추세 012450 한화에어로스페이스 < 5MA 10MA
[INFO] 'chk_vobres_n_buy.py' 2026-06-02 11:58:16,051 : 하향추세 042700 한미반도체 < 5MA 10MA
[INFO] 'chk_vobres_n_buy.py' 2026-06-02 11:58:16,052 : 하향추세 047810 한국항공우주 < 5MA 10MA
[INFO] 'chk_vobres_n_buy.py' 2026-06-02 11:58:16,052 : 하향추세 064350 현대로템 < 5MA 10MA
[INFO] 'chk_vobres_n_buy.py' 2026-06-02 11:58:16,052 : 하향추세 079550 LIG디펜스앤에어로스 < 5MA 10MA
[INFO] 'chk_vobres_n_buy.py' 2026-06-02 11:58:16,053 : 하향추세 086520 에코프로 < 5MA 10MA
[INFO] 'chk_vobres_n_buy.py' 2026-06-02 11:58:16,053 : 하향추세 096770 SK이노베이션 < 5MA 10MA
[INFO] 'chk_vobres_n_buy.py' 2026-06-02 11:58:16,053 : 하향추세 247540 에코프로비엠 < 5MA 10MA
[INFO] 'chk_vobres_n_buy.py' 2026-06-02 11:58:16,053 : 하향추세 272210 한화시스템 < 5MA 10MA
[DEBUG] 'chk_vobres_n_buy.py' 2026-06-02 11:58:16,054 : 조건검색 종목 수18
[DEBUG] 'chk_vobres_n_buy.py' 2026-06-02 11:58:17,069 : 조건검색 종목 수2
[INFO] 'chk_vobres_n_buy.py' 2026-06-02 11:58:18,085 : 하향추세 003670 포스코퓨처엠 < 5MA 10MA
[WARNING] 'chk_vobres_n_buy.py' 2026-06-02 11:58:18,085 :  Not found in last_ohlc.txt 005070 코스모신소재
[INFO] 'chk_vobres_n_buy.py' 2026-06-02 11:58:18,085 : 하향추세 005490 POSCO홀딩스 < 5MA 10MA
[INFO] 'chk_vobres_n_buy.py' 2026-06-02 11:58:18,085 : 하향추세 006400 삼성SDI < 5MA 10MA
[INFO] 'chk_vobres_n_buy.py' 2026-06-02 11:58:18,085 : 하향추세 012450 한화에어로스페이스 < 5MA 10MA
[INFO] 'chk_vobres_n_buy.py' 2026-06-02 11:58:18,086 : 하향추세 042700 한미반도체 < 5MA 10MA
[INFO] 'chk_vobres_n_buy.py' 2026-06-02 11:58:18,086 : 하향추세 047810 한국항공우주 < 5MA 10MA
[INFO] 'chk_vobres_n_buy.py' 2026-06-02 11:58:18,086 : 하향추세 064350 현대로템 < 5MA 10MA
[INFO] 'chk_vobres_n_buy.py' 2026-06-02 11:58:18,086 : 하향추세 079550 LIG디펜스앤에어로스 < 5MA 10MA
[INFO] 'chk_vobres_n_buy.py' 2026-06-02 11:58:18,086 : 하향추세 086520 에코프로 < 5MA 10MA
[INFO] 'chk_vobres_n_buy.py' 2026-06-02 11:58:18,086 : 하향추세 096770 SK이노베이션 < 5MA 10MA
[INFO] 'chk_vobres_n_buy.py' 2026-06-02 11:58:18,086 : 하향추세 247540 에코프로비엠 < 5MA 10MA
[INFO] 'chk_vobres_n_buy.py' 2026-06-02 11:58:18,086 : 하향추세 272210 한화시스템 < 5MA 10MA
[DEBUG] 'chk_vobres_n_buy.py' 2026-06-02 11:58:18,086 : 조건검색 종목 수18
[DEBUG] 'chk_vobres_n_buy.py' 2026-06-02 11:58:19,091 : 조건검색 종목 수1
[INFO] 'chk_vobres_n_buy.py' 2026-06-02 11:58:20,096 : 하향추세 003670 포스코퓨처엠 < 5MA 10MA
[WARNING] 'chk_vobres_n_buy.py' 2026-06-02 11:58:20,097 :  Not found in last_ohlc.txt 005070 코스모신소재
[INFO] 'chk_vobres_n_buy.py' 2026-06-02 11:58:20,097 : 하향추세 005490 POSCO홀딩스 < 5MA 10MA
[INFO] 'chk_vobres_n_buy.py' 2026-06-02 11:58:20,097 : 하향추세 006400 삼성SDI < 5MA 10MA
[INFO] 'chk_vobres_n_buy.py' 2026-06-02 11:58:20,098 : 하향추세 012450 한화에어로스페이스 < 5MA 10MA
[INFO] 'chk_vobres_n_buy.py' 2026-06-02 11:58:20,098 : 하향추세 042700 한미반도체 < 5MA 10MA
[INFO] 'chk_vobres_n_buy.py' 2026-06-02 11:58:20,098 : 하향추세 047810 한국항공우주 < 5MA 10MA
[INFO] 'chk_vobres_n_buy.py' 2026-06-02 11:58:20,099 : 하향추세 064350 현대로템 < 5MA 10MA
[INFO] 'chk_vobres_n_buy.py' 2026-06-02 11:58:20,099 : 하향추세 079550 LIG디펜스앤에어로스 < 5MA 10MA
[INFO] 'chk_vobres_n_buy.py' 2026-06-02 11:58:20,099 : 하향추세 086520 에코프로 < 5MA 10MA
[INFO] 'chk_vobres_n_buy.py' 2026-06-02 11:58:20,099 : 하향추세 096770 SK이노베이션 < 5MA 10MA
[INFO] 'chk_vobres_n_buy.py' 2026-06-02 11:58:20,100 : 하향추세 247540 에코프로비엠 < 5MA 10MA
[INFO] 'chk_vobres_n_buy.py' 2026-06-02 11:58:20,100 : 하향추세 272210 한화시스템 < 5MA 10MA
[DEBUG] 'chk_vobres_n_buy.py' 2026-06-02 11:58:20,100 : 조건검색 종목 수18
[DEBUG] 'chk_vobres_n_buy.py' 2026-06-02 11:58:21,114 : 조건검색 종목 수1
[INFO] 'chk_vobres_n_buy.py' 2026-06-02 11:58:22,123 : 하향추세 003670 포스코퓨처엠 < 5MA 10MA
[WARNING] 'chk_vobres_n_buy.py' 2026-06-02 11:58:22,123 :  Not found in last_ohlc.txt 005070 코스모신소재
[INFO] 'chk_vobres_n_buy.py' 2026-06-02 11:58:22,124 : 하향추세 005490 POSCO홀딩스 < 5MA 10MA
[INFO] 'chk_vobres_n_buy.py' 2026-06-02 11:58:22,124 : 하향추세 006400 삼성SDI < 5MA 10MA
[INFO] 'chk_vobres_n_buy.py' 2026-06-02 11:58:22,124 : 하향추세 012450 한화에어로스페이스 < 5MA 10MA
[INFO] 'chk_vobres_n_buy.py' 2026-06-02 11:58:22,125 : 하향추세 042700 한미반도체 < 5MA 10MA
[INFO] 'chk_vobres_n_buy.py' 2026-06-02 11:58:22,125 : 하향추세 047810 한국항공우주 < 5MA 10MA
[INFO] 'chk_vobres_n_buy.py' 2026-06-02 11:58:22,125 : 하향추세 064350 현대로템 < 5MA 10MA
[INFO] 'chk_vobres_n_buy.py' 2026-06-02 11:58:22,126 : 하향추세 079550 LIG디펜스앤에어로스 < 5MA 10MA
[INFO] 'chk_vobres_n_buy.py' 2026-06-02 11:58:22,126 : 하향추세 086520 에코프로 < 5MA 10MA
[INFO] 'chk_vobres_n_buy.py' 2026-06-02 11:58:22,126 : 하향추세 096770 SK이노베이션 < 5MA 10MA
[INFO] 'chk_vobres_n_buy.py' 2026-06-02 11:58:22,127 : 하향추세 247540 에코프로비엠 < 5MA 10MA
[INFO] 'chk_vobres_n_buy.py' 2026-06-02 11:58:22,127 : 하향추세 272210 한화시스템 < 5MA 10MA
[DEBUG] 'chk_vobres_n_buy.py' 2026-06-02 11:58:22,127 : 조건검색 종목 수18
[DEBUG] 'chk_vobres_n_buy.py' 2026-06-02 11:58:23,143 : 조건검색 종목 수2
[INFO] 'chk_vobres_n_buy.py' 2026-06-02 11:58:24,146 : 하향추세 003670 포스코퓨처엠 < 5MA 10MA
[WARNING] 'chk_vobres_n_buy.py' 2026-06-02 11:58:24,146 :  Not found in last_ohlc.txt 005070 코스모신소재
[INFO] 'chk_vobres_n_buy.py' 2026-06-02 11:58:24,147 : 하향추세 005490 POSCO홀딩스 < 5MA 10MA
[INFO] 'chk_vobres_n_buy.py' 2026-06-02 11:58:24,147 : 하향추세 006400 삼성SDI < 5MA 10MA
[INFO] 'chk_vobres_n_buy.py' 2026-06-02 11:58:24,147 : 하향추세 012450 한화에어로스페이스 < 5MA 10MA
[INFO] 'chk_vobres_n_buy.py' 2026-06-02 11:58:24,148 : 하향추세 042700 한미반도체 < 5MA 10MA
[INFO] 'chk_vobres_n_buy.py' 2026-06-02 11:58:24,148 : 하향추세 047810 한국항공우주 < 5MA 10MA
[INFO] 'chk_vobres_n_buy.py' 2026-06-02 11:58:24,148 : 하향추세 064350 현대로템 < 5MA 10MA
[INFO] 'chk_vobres_n_buy.py' 2026-06-02 11:58:24,149 : 하향추세 079550 LIG디펜스앤에어로스 < 5MA 10MA
[INFO] 'chk_vobres_n_buy.py' 2026-06-02 11:58:24,149 : 하향추세 086520 에코프로 < 5MA 10MA
[INFO] 'chk_vobres_n_buy.py' 2026-06-02 11:58:24,149 : 하향추세 096770 SK이노베이션 < 5MA 10MA
[INFO] 'chk_vobres_n_buy.py' 2026-06-02 11:58:24,150 : 하향추세 247540 에코프로비엠 < 5MA 10MA
[INFO] 'chk_vobres_n_buy.py' 2026-06-02 11:58:24,150 : 하향추세 272210 한화시스템 < 5MA 10MA
[DEBUG] 'chk_vobres_n_buy.py' 2026-06-02 11:58:24,150 : 조건검색 종목 수18
[DEBUG] 'chk_vobres_n_buy.py' 2026-06-02 11:58:25,166 : 조건검색 종목 수2
[INFO] 'chk_vobres_n_buy.py' 2026-06-02 11:58:26,176 : 하향추세 003670 포스코퓨처엠 < 5MA 10MA
[WARNING] 'chk_vobres_n_buy.py' 2026-06-02 11:58:26,176 :  Not found in last_ohlc.txt 005070 코스모신소재
[INFO] 'chk_vobres_n_buy.py' 2026-06-02 11:58:26,177 : 하향추세 005490 POSCO홀딩스 < 5MA 10MA
[INFO] 'chk_vobres_n_buy.py' 2026-06-02 11:58:26,177 : 하향추세 006400 삼성SDI < 5MA 10MA
[INFO] 'chk_vobres_n_buy.py' 2026-06-02 11:58:26,178 : 하향추세 012450 한화에어로스페이스 < 5MA 10MA
[INFO] 'chk_vobres_n_buy.py' 2026-06-02 11:58:26,178 : 하향추세 042700 한미반도체 < 5MA 10MA
[INFO] 'chk_vobres_n_buy.py' 2026-06-02 11:58:26,178 : 하향추세 047810 한국항공우주 < 5MA 10MA
[INFO] 'chk_vobres_n_buy.py' 2026-06-02 11:58:26,179 : 하향추세 064350 현대로템 < 5MA 10MA
[INFO] 'chk_vobres_n_buy.py' 2026-06-02 11:58:26,179 : 하향추세 079550 LIG디펜스앤에어로스 < 5MA 10MA
[INFO] 'chk_vobres_n_buy.py' 2026-06-02 11:58:26,180 : 하향추세 086520 에코프로 < 5MA 10MA
[INFO] 'chk_vobres_n_buy.py' 2026-06-02 11:58:26,180 : 하향추세 096770 SK이노베이션 < 5MA 10MA
[INFO] 'chk_vobres_n_buy.py' 2026-06-02 11:58:26,180 : 하향추세 247540 에코프로비엠 < 5MA 10MA
[INFO] 'chk_vobres_n_buy.py' 2026-06-02 11:58:26,181 : 하향추세 272210 한화시스템 < 5MA 10MA
[DEBUG] 'chk_vobres_n_buy.py' 2026-06-02 11:58:26,181 : 조건검색 종목 수18
[DEBUG] 'chk_vobres_n_buy.py' 2026-06-02 11:58:27,194 : 조건검색 종목 수2
[INFO] 'chk_vobres_n_buy.py' 2026-06-02 11:58:28,204 : 하향추세 003670 포스코퓨처엠 < 5MA 10MA
[WARNING] 'chk_vobres_n_buy.py' 2026-06-02 11:58:28,204 :  Not found in last_ohlc.txt 005070 코스모신소재
[INFO] 'chk_vobres_n_buy.py' 2026-06-02 11:58:28,204 : 하향추세 005490 POSCO홀딩스 < 5MA 10MA
[INFO] 'chk_vobres_n_buy.py' 2026-06-02 11:58:28,205 : 하향추세 006400 삼성SDI < 5MA 10MA
[INFO] 'chk_vobres_n_buy.py' 2026-06-02 11:58:28,205 : 하향추세 012450 한화에어로스페이스 < 5MA 10MA
[INFO] 'chk_vobres_n_buy.py' 2026-06-02 11:58:28,205 : 하향추세 042700 한미반도체 < 5MA 10MA
[INFO] 'chk_vobres_n_buy.py' 2026-06-02 11:58:28,205 : 하향추세 047810 한국항공우주 < 5MA 10MA
[INFO] 'chk_vobres_n_buy.py' 2026-06-02 11:58:28,205 : 하향추세 064350 현대로템 < 5MA 10MA
[INFO] 'chk_vobres_n_buy.py' 2026-06-02 11:58:28,205 : 하향추세 079550 LIG디펜스앤에어로스 < 5MA 10MA
[INFO] 'chk_vobres_n_buy.py' 2026-06-02 11:58:28,205 : 하향추세 086520 에코프로 < 5MA 10MA
[INFO] 'chk_vobres_n_buy.py' 2026-06-02 11:58:28,205 : 하향추세 096770 SK이노베이션 < 5MA 10MA
[INFO] 'chk_vobres_n_buy.py' 2026-06-02 11:58:28,205 : 하향추세 247540 에코프로비엠 < 5MA 10MA
[INFO] 'chk_vobres_n_buy.py' 2026-06-02 11:58:28,205 : 하향추세 272210 한화시스템 < 5MA 10MA
[DEBUG] 'chk_vobres_n_buy.py' 2026-06-02 11:58:28,205 : 조건검색 종목 수18
[DEBUG] 'chk_vobres_n_buy.py' 2026-06-02 11:58:29,215 : 조건검색 종목 수3
[INFO] 'chk_vobres_n_buy.py' 2026-06-02 11:58:30,219 : 하향추세 003670 포스코퓨처엠 < 5MA 10MA
[WARNING] 'chk_vobres_n_buy.py' 2026-06-02 11:58:30,219 :  Not found in last_ohlc.txt 005070 코스모신소재
[INFO] 'chk_vobres_n_buy.py' 2026-06-02 11:58:30,220 : 하향추세 005490 POSCO홀딩스 < 5MA 10MA
[INFO] 'chk_vobres_n_buy.py' 2026-06-02 11:58:30,220 : 하향추세 006400 삼성SDI < 5MA 10MA
[INFO] 'chk_vobres_n_buy.py' 2026-06-02 11:58:30,221 : 하향추세 012450 한화에어로스페이스 < 5MA 10MA
[INFO] 'chk_vobres_n_buy.py' 2026-06-02 11:58:30,221 : 하향추세 042700 한미반도체 < 5MA 10MA
[INFO] 'chk_vobres_n_buy.py' 2026-06-02 11:58:30,221 : 하향추세 047810 한국항공우주 < 5MA 10MA
[INFO] 'chk_vobres_n_buy.py' 2026-06-02 11:58:30,222 : 하향추세 064350 현대로템 < 5MA 10MA
[INFO] 'chk_vobres_n_buy.py' 2026-06-02 11:58:30,222 : 하향추세 079550 LIG디펜스앤에어로스 < 5MA 10MA
[INFO] 'chk_vobres_n_buy.py' 2026-06-02 11:58:30,222 : 하향추세 086520 에코프로 < 5MA 10MA
[INFO] 'chk_vobres_n_buy.py' 2026-06-02 11:58:30,223 : 하향추세 096770 SK이노베이션 < 5MA 10MA
[INFO] 'chk_vobres_n_buy.py' 2026-06-02 11:58:30,223 : 하향추세 247540 에코프로비엠 < 5MA 10MA
[INFO] 'chk_vobres_n_buy.py' 2026-06-02 11:58:30,223 : 하향추세 272210 한화시스템 < 5MA 10MA
[DEBUG] 'chk_vobres_n_buy.py' 2026-06-02 11:58:30,223 : 조건검색 종목 수18
[DEBUG] 'chk_vobres_n_buy.py' 2026-06-02 11:58:31,236 : 조건검색 종목 수2
[INFO] 'chk_vobres_n_buy.py' 2026-06-02 11:58:32,253 : 하향추세 003670 포스코퓨처엠 < 5MA 10MA
[WARNING] 'chk_vobres_n_buy.py' 2026-06-02 11:58:32,254 :  Not found in last_ohlc.txt 005070 코스모신소재
[INFO] 'chk_vobres_n_buy.py' 2026-06-02 11:58:32,254 : 하향추세 005490 POSCO홀딩스 < 5MA 10MA
[INFO] 'chk_vobres_n_buy.py' 2026-06-02 11:58:32,255 : 하향추세 006400 삼성SDI < 5MA 10MA
[INFO] 'chk_vobres_n_buy.py' 2026-06-02 11:58:32,255 : 하향추세 012450 한화에어로스페이스 < 5MA 10MA
[INFO] 'chk_vobres_n_buy.py' 2026-06-02 11:58:32,256 : 하향추세 042700 한미반도체 < 5MA 10MA
[INFO] 'chk_vobres_n_buy.py' 2026-06-02 11:58:32,256 : 하향추세 047810 한국항공우주 < 5MA 10MA
[INFO] 'chk_vobres_n_buy.py' 2026-06-02 11:58:32,256 : 하향추세 064350 현대로템 < 5MA 10MA
[INFO] 'chk_vobres_n_buy.py' 2026-06-02 11:58:32,257 : 하향추세 079550 LIG디펜스앤에어로스 < 5MA 10MA
[INFO] 'chk_vobres_n_buy.py' 2026-06-02 11:58:32,257 : 하향추세 086520 에코프로 < 5MA 10MA
[INFO] 'chk_vobres_n_buy.py' 2026-06-02 11:58:32,257 : 하향추세 096770 SK이노베이션 < 5MA 10MA
[INFO] 'chk_vobres_n_buy.py' 2026-06-02 11:58:32,258 : 하향추세 247540 에코프로비엠 < 5MA 10MA
[INFO] 'chk_vobres_n_buy.py' 2026-06-02 11:58:32,258 : 하향추세 272210 한화시스템 < 5MA 10MA
[DEBUG] 'chk_vobres_n_buy.py' 2026-06-02 11:58:32,258 : 조건검색 종목 수18
[DEBUG] 'chk_vobres_n_buy.py' 2026-06-02 11:58:33,275 : 조건검색 종목 수2
[INFO] 'chk_vobres_n_buy.py' 2026-06-02 11:58:34,281 : 하향추세 003670 포스코퓨처엠 < 5MA 10MA
[WARNING] 'chk_vobres_n_buy.py' 2026-06-02 11:58:34,282 :  Not found in last_ohlc.txt 005070 코스모신소재
[INFO] 'chk_vobres_n_buy.py' 2026-06-02 11:58:34,282 : 하향추세 005490 POSCO홀딩스 < 5MA 10MA
[INFO] 'chk_vobres_n_buy.py' 2026-06-02 11:58:34,283 : 하향추세 006400 삼성SDI < 5MA 10MA
[INFO] 'chk_vobres_n_buy.py' 2026-06-02 11:58:34,283 : 하향추세 012450 한화에어로스페이스 < 5MA 10MA
[INFO] 'chk_vobres_n_buy.py' 2026-06-02 11:58:34,284 : 하향추세 042700 한미반도체 < 5MA 10MA
[INFO] 'chk_vobres_n_buy.py' 2026-06-02 11:58:34,284 : 하향추세 047810 한국항공우주 < 5MA 10MA
[INFO] 'chk_vobres_n_buy.py' 2026-06-02 11:58:34,284 : 하향추세 064350 현대로템 < 5MA 10MA
[INFO] 'chk_vobres_n_buy.py' 2026-06-02 11:58:34,285 : 하향추세 079550 LIG디펜스앤에어로스 < 5MA 10MA
[INFO] 'chk_vobres_n_buy.py' 2026-06-02 11:58:34,285 : 하향추세 086520 에코프로 < 5MA 10MA
[INFO] 'chk_vobres_n_buy.py' 2026-06-02 11:58:34,285 : 하향추세 096770 SK이노베이션 < 5MA 10MA
[INFO] 'chk_vobres_n_buy.py' 2026-06-02 11:58:34,285 : 하향추세 247540 에코프로비엠 < 5MA 10MA
[INFO] 'chk_vobres_n_buy.py' 2026-06-02 11:58:34,286 : 하향추세 272210 한화시스템 < 5MA 10MA
[DEBUG] 'chk_vobres_n_buy.py' 2026-06-02 11:58:34,286 : 조건검색 종목 수18
[DEBUG] 'chk_vobres_n_buy.py' 2026-06-02 11:58:35,303 : 조건검색 종목 수2
[INFO] 'chk_vobres_n_buy.py' 2026-06-02 11:58:36,310 : 하향추세 003670 포스코퓨처엠 < 5MA 10MA
[WARNING] 'chk_vobres_n_buy.py' 2026-06-02 11:58:36,310 :  Not found in last_ohlc.txt 005070 코스모신소재
[INFO] 'chk_vobres_n_buy.py' 2026-06-02 11:58:36,310 : 하향추세 005490 POSCO홀딩스 < 5MA 10MA
[INFO] 'chk_vobres_n_buy.py' 2026-06-02 11:58:36,311 : 하향추세 006400 삼성SDI < 5MA 10MA
[INFO] 'chk_vobres_n_buy.py' 2026-06-02 11:58:36,311 : 하향추세 012450 한화에어로스페이스 < 5MA 10MA
[INFO] 'chk_vobres_n_buy.py' 2026-06-02 11:58:36,312 : 하향추세 042700 한미반도체 < 5MA 10MA
[INFO] 'chk_vobres_n_buy.py' 2026-06-02 11:58:36,312 : 하향추세 047810 한국항공우주 < 5MA 10MA
[INFO] 'chk_vobres_n_buy.py' 2026-06-02 11:58:36,312 : 하향추세 064350 현대로템 < 5MA 10MA
[INFO] 'chk_vobres_n_buy.py' 2026-06-02 11:58:36,312 : 하향추세 079550 LIG디펜스앤에어로스 < 5MA 10MA
[INFO] 'chk_vobres_n_buy.py' 2026-06-02 11:58:36,313 : 하향추세 086520 에코프로 < 5MA 10MA
[INFO] 'chk_vobres_n_buy.py' 2026-06-02 11:58:36,313 : 하향추세 096770 SK이노베이션 < 5MA 10MA
[INFO] 'chk_vobres_n_buy.py' 2026-06-02 11:58:36,313 : 하향추세 247540 에코프로비엠 < 5MA 10MA
[INFO] 'chk_vobres_n_buy.py' 2026-06-02 11:58:36,314 : 하향추세 272210 한화시스템 < 5MA 10MA
[DEBUG] 'chk_vobres_n_buy.py' 2026-06-02 11:58:36,314 : 조건검색 종목 수18
[DEBUG] 'chk_vobres_n_buy.py' 2026-06-02 11:58:37,320 : 조건검색 종목 수2
[INFO] 'chk_vobres_n_buy.py' 2026-06-02 11:58:38,325 : 하향추세 003670 포스코퓨처엠 < 5MA 10MA
[WARNING] 'chk_vobres_n_buy.py' 2026-06-02 11:58:38,325 :  Not found in last_ohlc.txt 005070 코스모신소재
[INFO] 'chk_vobres_n_buy.py' 2026-06-02 11:58:38,325 : 하향추세 005490 POSCO홀딩스 < 5MA 10MA
[INFO] 'chk_vobres_n_buy.py' 2026-06-02 11:58:38,326 : 하향추세 006400 삼성SDI < 5MA 10MA
[INFO] 'chk_vobres_n_buy.py' 2026-06-02 11:58:38,326 : 하향추세 012450 한화에어로스페이스 < 5MA 10MA
[INFO] 'chk_vobres_n_buy.py' 2026-06-02 11:58:38,327 : 하향추세 042700 한미반도체 < 5MA 10MA
[INFO] 'chk_vobres_n_buy.py' 2026-06-02 11:58:38,327 : 하향추세 047810 한국항공우주 < 5MA 10MA
[INFO] 'chk_vobres_n_buy.py' 2026-06-02 11:58:38,327 : 하향추세 064350 현대로템 < 5MA 10MA
[INFO] 'chk_vobres_n_buy.py' 2026-06-02 11:58:38,328 : 하향추세 079550 LIG디펜스앤에어로스 < 5MA 10MA
[INFO] 'chk_vobres_n_buy.py' 2026-06-02 11:58:38,328 : 하향추세 086520 에코프로 < 5MA 10MA
[INFO] 'chk_vobres_n_buy.py' 2026-06-02 11:58:38,328 : 하향추세 096770 SK이노베이션 < 5MA 10MA
[INFO] 'chk_vobres_n_buy.py' 2026-06-02 11:58:38,329 : 하향추세 247540 에코프로비엠 < 5MA 10MA
[INFO] 'chk_vobres_n_buy.py' 2026-06-02 11:58:38,329 : 하향추세 272210 한화시스템 < 5MA 10MA
[DEBUG] 'chk_vobres_n_buy.py' 2026-06-02 11:58:38,329 : 조건검색 종목 수18
[DEBUG] 'chk_vobres_n_buy.py' 2026-06-02 11:58:39,336 : 조건검색 종목 수2
[INFO] 'chk_vobres_n_buy.py' 2026-06-02 11:58:40,349 : 하향추세 003670 포스코퓨처엠 < 5MA 10MA
[WARNING] 'chk_vobres_n_buy.py' 2026-06-02 11:58:40,350 :  Not found in last_ohlc.txt 005070 코스모신소재
[INFO] 'chk_vobres_n_buy.py' 2026-06-02 11:58:40,350 : 하향추세 005490 POSCO홀딩스 < 5MA 10MA
[INFO] 'chk_vobres_n_buy.py' 2026-06-02 11:58:40,351 : 하향추세 006400 삼성SDI < 5MA 10MA
[INFO] 'chk_vobres_n_buy.py' 2026-06-02 11:58:40,351 : 하향추세 012450 한화에어로스페이스 < 5MA 10MA
[INFO] 'chk_vobres_n_buy.py' 2026-06-02 11:58:40,352 : 하향추세 042700 한미반도체 < 5MA 10MA
[INFO] 'chk_vobres_n_buy.py' 2026-06-02 11:58:40,352 : 하향추세 047810 한국항공우주 < 5MA 10MA
[INFO] 'chk_vobres_n_buy.py' 2026-06-02 11:58:40,353 : 하향추세 064350 현대로템 < 5MA 10MA
[INFO] 'chk_vobres_n_buy.py' 2026-06-02 11:58:40,353 : 하향추세 079550 LIG디펜스앤에어로스 < 5MA 10MA
[INFO] 'chk_vobres_n_buy.py' 2026-06-02 11:58:40,353 : 하향추세 086520 에코프로 < 5MA 10MA
[INFO] 'chk_vobres_n_buy.py' 2026-06-02 11:58:40,354 : 하향추세 096770 SK이노베이션 < 5MA 10MA
[INFO] 'chk_vobres_n_buy.py' 2026-06-02 11:58:40,354 : 하향추세 247540 에코프로비엠 < 5MA 10MA
[INFO] 'chk_vobres_n_buy.py' 2026-06-02 11:58:40,354 : 하향추세 272210 한화시스템 < 5MA 10MA
[DEBUG] 'chk_vobres_n_buy.py' 2026-06-02 11:58:40,355 : 조건검색 종목 수18
[DEBUG] 'chk_vobres_n_buy.py' 2026-06-02 11:58:41,371 : 조건검색 종목 수2
[INFO] 'chk_vobres_n_buy.py' 2026-06-02 11:58:42,382 : 하향추세 003670 포스코퓨처엠 < 5MA 10MA
[WARNING] 'chk_vobres_n_buy.py' 2026-06-02 11:58:42,383 :  Not found in last_ohlc.txt 005070 코스모신소재
[INFO] 'chk_vobres_n_buy.py' 2026-06-02 11:58:42,383 : 하향추세 005490 POSCO홀딩스 < 5MA 10MA
[INFO] 'chk_vobres_n_buy.py' 2026-06-02 11:58:42,383 : 하향추세 006400 삼성SDI < 5MA 10MA
[INFO] 'chk_vobres_n_buy.py' 2026-06-02 11:58:42,383 : 하향추세 012450 한화에어로스페이스 < 5MA 10MA
[INFO] 'chk_vobres_n_buy.py' 2026-06-02 11:58:42,383 : 하향추세 042700 한미반도체 < 5MA 10MA
[INFO] 'chk_vobres_n_buy.py' 2026-06-02 11:58:42,383 : 하향추세 047810 한국항공우주 < 5MA 10MA
[INFO] 'chk_vobres_n_buy.py' 2026-06-02 11:58:42,384 : 하향추세 064350 현대로템 < 5MA 10MA
[INFO] 'chk_vobres_n_buy.py' 2026-06-02 11:58:42,384 : 하향추세 079550 LIG디펜스앤에어로스 < 5MA 10MA
[INFO] 'chk_vobres_n_buy.py' 2026-06-02 11:58:42,384 : 하향추세 086520 에코프로 < 5MA 10MA
[INFO] 'chk_vobres_n_buy.py' 2026-06-02 11:58:42,384 : 하향추세 096770 SK이노베이션 < 5MA 10MA
[INFO] 'chk_vobres_n_buy.py' 2026-06-02 11:58:42,384 : 하향추세 247540 에코프로비엠 < 5MA 10MA
[INFO] 'chk_vobres_n_buy.py' 2026-06-02 11:58:42,384 : 하향추세 272210 한화시스템 < 5MA 10MA
[DEBUG] 'chk_vobres_n_buy.py' 2026-06-02 11:58:42,384 : 조건검색 종목 수18
[DEBUG] 'chk_vobres_n_buy.py' 2026-06-02 11:58:43,395 : 조건검색 종목 수1
[INFO] 'chk_vobres_n_buy.py' 2026-06-02 11:58:44,404 : 하향추세 003670 포스코퓨처엠 < 5MA 10MA
[WARNING] 'chk_vobres_n_buy.py' 2026-06-02 11:58:44,404 :  Not found in last_ohlc.txt 005070 코스모신소재
[INFO] 'chk_vobres_n_buy.py' 2026-06-02 11:58:44,405 : 하향추세 005490 POSCO홀딩스 < 5MA 10MA
[INFO] 'chk_vobres_n_buy.py' 2026-06-02 11:58:44,405 : 하향추세 006400 삼성SDI < 5MA 10MA
[INFO] 'chk_vobres_n_buy.py' 2026-06-02 11:58:44,405 : 하향추세 012450 한화에어로스페이스 < 5MA 10MA
[INFO] 'chk_vobres_n_buy.py' 2026-06-02 11:58:44,405 : 하향추세 042700 한미반도체 < 5MA 10MA
[INFO] 'chk_vobres_n_buy.py' 2026-06-02 11:58:44,405 : 하향추세 047810 한국항공우주 < 5MA 10MA
[INFO] 'chk_vobres_n_buy.py' 2026-06-02 11:58:44,405 : 하향추세 064350 현대로템 < 5MA 10MA
[INFO] 'chk_vobres_n_buy.py' 2026-06-02 11:58:44,406 : 하향추세 079550 LIG디펜스앤에어로스 < 5MA 10MA
[INFO] 'chk_vobres_n_buy.py' 2026-06-02 11:58:44,406 : 하향추세 086520 에코프로 < 5MA 10MA
[INFO] 'chk_vobres_n_buy.py' 2026-06-02 11:58:44,406 : 하향추세 096770 SK이노베이션 < 5MA 10MA
[INFO] 'chk_vobres_n_buy.py' 2026-06-02 11:58:44,406 : 하향추세 247540 에코프로비엠 < 5MA 10MA
[INFO] 'chk_vobres_n_buy.py' 2026-06-02 11:58:44,406 : 하향추세 272210 한화시스템 < 5MA 10MA
[DEBUG] 'chk_vobres_n_buy.py' 2026-06-02 11:58:44,406 : 조건검색 종목 수18
[DEBUG] 'chk_vobres_n_buy.py' 2026-06-02 11:58:45,410 : 조건검색 종목 수2
[INFO] 'chk_vobres_n_buy.py' 2026-06-02 11:58:46,413 : 하향추세 003670 포스코퓨처엠 < 5MA 10MA
[WARNING] 'chk_vobres_n_buy.py' 2026-06-02 11:58:46,414 :  Not found in last_ohlc.txt 005070 코스모신소재
[INFO] 'chk_vobres_n_buy.py' 2026-06-02 11:58:46,414 : 하향추세 005490 POSCO홀딩스 < 5MA 10MA
[INFO] 'chk_vobres_n_buy.py' 2026-06-02 11:58:46,415 : 하향추세 006400 삼성SDI < 5MA 10MA
[INFO] 'chk_vobres_n_buy.py' 2026-06-02 11:58:46,415 : 하향추세 012450 한화에어로스페이스 < 5MA 10MA
[INFO] 'chk_vobres_n_buy.py' 2026-06-02 11:58:46,416 : 하향추세 042700 한미반도체 < 5MA 10MA
[INFO] 'chk_vobres_n_buy.py' 2026-06-02 11:58:46,416 : 하향추세 047810 한국항공우주 < 5MA 10MA
[INFO] 'chk_vobres_n_buy.py' 2026-06-02 11:58:46,416 : 하향추세 064350 현대로템 < 5MA 10MA
[INFO] 'chk_vobres_n_buy.py' 2026-06-02 11:58:46,417 : 하향추세 079550 LIG디펜스앤에어로스 < 5MA 10MA
[INFO] 'chk_vobres_n_buy.py' 2026-06-02 11:58:46,417 : 하향추세 086520 에코프로 < 5MA 10MA
[INFO] 'chk_vobres_n_buy.py' 2026-06-02 11:58:46,417 : 하향추세 096770 SK이노베이션 < 5MA 10MA
[INFO] 'chk_vobres_n_buy.py' 2026-06-02 11:58:46,418 : 하향추세 247540 에코프로비엠 < 5MA 10MA
[INFO] 'chk_vobres_n_buy.py' 2026-06-02 11:58:46,418 : 하향추세 272210 한화시스템 < 5MA 10MA
[DEBUG] 'chk_vobres_n_buy.py' 2026-06-02 11:58:46,418 : 조건검색 종목 수18
[DEBUG] 'chk_vobres_n_buy.py' 2026-06-02 11:58:47,434 : 조건검색 종목 수2
[INFO] 'chk_vobres_n_buy.py' 2026-06-02 11:58:48,443 : 하향추세 003670 포스코퓨처엠 < 5MA 10MA
[WARNING] 'chk_vobres_n_buy.py' 2026-06-02 11:58:48,443 :  Not found in last_ohlc.txt 005070 코스모신소재
[INFO] 'chk_vobres_n_buy.py' 2026-06-02 11:58:48,443 : 하향추세 005490 POSCO홀딩스 < 5MA 10MA
[INFO] 'chk_vobres_n_buy.py' 2026-06-02 11:58:48,443 : 하향추세 006400 삼성SDI < 5MA 10MA
[INFO] 'chk_vobres_n_buy.py' 2026-06-02 11:58:48,443 : 하향추세 012450 한화에어로스페이스 < 5MA 10MA
[INFO] 'chk_vobres_n_buy.py' 2026-06-02 11:58:48,444 : 하향추세 042700 한미반도체 < 5MA 10MA
[INFO] 'chk_vobres_n_buy.py' 2026-06-02 11:58:48,444 : 하향추세 047810 한국항공우주 < 5MA 10MA
[INFO] 'chk_vobres_n_buy.py' 2026-06-02 11:58:48,444 : 하향추세 064350 현대로템 < 5MA 10MA
[INFO] 'chk_vobres_n_buy.py' 2026-06-02 11:58:48,444 : 하향추세 079550 LIG디펜스앤에어로스 < 5MA 10MA
[INFO] 'chk_vobres_n_buy.py' 2026-06-02 11:58:48,444 : 하향추세 086520 에코프로 < 5MA 10MA
[INFO] 'chk_vobres_n_buy.py' 2026-06-02 11:58:48,444 : 하향추세 096770 SK이노베이션 < 5MA 10MA
[INFO] 'chk_vobres_n_buy.py' 2026-06-02 11:58:48,444 : 하향추세 247540 에코프로비엠 < 5MA 10MA
[INFO] 'chk_vobres_n_buy.py' 2026-06-02 11:58:48,444 : 하향추세 272210 한화시스템 < 5MA 10MA
[DEBUG] 'chk_vobres_n_buy.py' 2026-06-02 11:58:48,444 : 조건검색 종목 수18
[DEBUG] 'chk_vobres_n_buy.py' 2026-06-02 11:58:49,449 : 조건검색 종목 수2
[INFO] 'chk_vobres_n_buy.py' 2026-06-02 11:58:50,456 : 하향추세 003670 포스코퓨처엠 < 5MA 10MA
[WARNING] 'chk_vobres_n_buy.py' 2026-06-02 11:58:50,457 :  Not found in last_ohlc.txt 005070 코스모신소재
[INFO] 'chk_vobres_n_buy.py' 2026-06-02 11:58:50,457 : 하향추세 005490 POSCO홀딩스 < 5MA 10MA
[INFO] 'chk_vobres_n_buy.py' 2026-06-02 11:58:50,457 : 하향추세 006400 삼성SDI < 5MA 10MA
[INFO] 'chk_vobres_n_buy.py' 2026-06-02 11:58:50,458 : 하향추세 012450 한화에어로스페이스 < 5MA 10MA
[INFO] 'chk_vobres_n_buy.py' 2026-06-02 11:58:50,458 : 하향추세 042700 한미반도체 < 5MA 10MA
[INFO] 'chk_vobres_n_buy.py' 2026-06-02 11:58:50,458 : 하향추세 047810 한국항공우주 < 5MA 10MA
[INFO] 'chk_vobres_n_buy.py' 2026-06-02 11:58:50,458 : 하향추세 064350 현대로템 < 5MA 10MA
[INFO] 'chk_vobres_n_buy.py' 2026-06-02 11:58:50,459 : 하향추세 079550 LIG디펜스앤에어로스 < 5MA 10MA
[INFO] 'chk_vobres_n_buy.py' 2026-06-02 11:58:50,459 : 하향추세 086520 에코프로 < 5MA 10MA
[INFO] 'chk_vobres_n_buy.py' 2026-06-02 11:58:50,459 : 하향추세 096770 SK이노베이션 < 5MA 10MA
[INFO] 'chk_vobres_n_buy.py' 2026-06-02 11:58:50,459 : 하향추세 247540 에코프로비엠 < 5MA 10MA
[INFO] 'chk_vobres_n_buy.py' 2026-06-02 11:58:50,459 : 하향추세 272210 한화시스템 < 5MA 10MA
[DEBUG] 'chk_vobres_n_buy.py' 2026-06-02 11:58:50,460 : 조건검색 종목 수18
[DEBUG] 'chk_vobres_n_buy.py' 2026-06-02 11:58:51,477 : 조건검색 종목 수2
[INFO] 'chk_vobres_n_buy.py' 2026-06-02 11:58:52,487 : 하향추세 003670 포스코퓨처엠 < 5MA 10MA
[WARNING] 'chk_vobres_n_buy.py' 2026-06-02 11:58:52,488 :  Not found in last_ohlc.txt 005070 코스모신소재
[INFO] 'chk_vobres_n_buy.py' 2026-06-02 11:58:52,489 : 하향추세 005490 POSCO홀딩스 < 5MA 10MA
[INFO] 'chk_vobres_n_buy.py' 2026-06-02 11:58:52,489 : 하향추세 006400 삼성SDI < 5MA 10MA
[INFO] 'chk_vobres_n_buy.py' 2026-06-02 11:58:52,490 : 하향추세 012450 한화에어로스페이스 < 5MA 10MA
[INFO] 'chk_vobres_n_buy.py' 2026-06-02 11:58:52,490 : 하향추세 042700 한미반도체 < 5MA 10MA
[INFO] 'chk_vobres_n_buy.py' 2026-06-02 11:58:52,490 : 하향추세 047810 한국항공우주 < 5MA 10MA
[INFO] 'chk_vobres_n_buy.py' 2026-06-02 11:58:52,491 : 하향추세 064350 현대로템 < 5MA 10MA
[INFO] 'chk_vobres_n_buy.py' 2026-06-02 11:58:52,491 : 하향추세 079550 LIG디펜스앤에어로스 < 5MA 10MA
[INFO] 'chk_vobres_n_buy.py' 2026-06-02 11:58:52,491 : 하향추세 086520 에코프로 < 5MA 10MA
[INFO] 'chk_vobres_n_buy.py' 2026-06-02 11:58:52,492 : 하향추세 096770 SK이노베이션 < 5MA 10MA
[INFO] 'chk_vobres_n_buy.py' 2026-06-02 11:58:52,492 : 하향추세 247540 에코프로비엠 < 5MA 10MA
[INFO] 'chk_vobres_n_buy.py' 2026-06-02 11:58:52,492 : 하향추세 272210 한화시스템 < 5MA 10MA
[DEBUG] 'chk_vobres_n_buy.py' 2026-06-02 11:58:52,493 : 조건검색 종목 수18
[DEBUG] 'chk_vobres_n_buy.py' 2026-06-02 11:58:53,508 : 조건검색 종목 수1
[INFO] 'chk_vobres_n_buy.py' 2026-06-02 11:58:54,524 : 하향추세 003670 포스코퓨처엠 < 5MA 10MA
[WARNING] 'chk_vobres_n_buy.py' 2026-06-02 11:58:54,524 :  Not found in last_ohlc.txt 005070 코스모신소재
[INFO] 'chk_vobres_n_buy.py' 2026-06-02 11:58:54,524 : 하향추세 005490 POSCO홀딩스 < 5MA 10MA
[INFO] 'chk_vobres_n_buy.py' 2026-06-02 11:58:54,524 : 하향추세 006400 삼성SDI < 5MA 10MA
[INFO] 'chk_vobres_n_buy.py' 2026-06-02 11:58:54,524 : 하향추세 012450 한화에어로스페이스 < 5MA 10MA
[INFO] 'chk_vobres_n_buy.py' 2026-06-02 11:58:54,525 : 하향추세 042700 한미반도체 < 5MA 10MA
[INFO] 'chk_vobres_n_buy.py' 2026-06-02 11:58:54,525 : 하향추세 047810 한국항공우주 < 5MA 10MA
[INFO] 'chk_vobres_n_buy.py' 2026-06-02 11:58:54,525 : 하향추세 064350 현대로템 < 5MA 10MA
[INFO] 'chk_vobres_n_buy.py' 2026-06-02 11:58:54,525 : 하향추세 079550 LIG디펜스앤에어로스 < 5MA 10MA
[INFO] 'chk_vobres_n_buy.py' 2026-06-02 11:58:54,525 : 하향추세 086520 에코프로 < 5MA 10MA
[INFO] 'chk_vobres_n_buy.py' 2026-06-02 11:58:54,525 : 하향추세 096770 SK이노베이션 < 5MA 10MA
[INFO] 'chk_vobres_n_buy.py' 2026-06-02 11:58:54,525 : 하향추세 247540 에코프로비엠 < 5MA 10MA
[INFO] 'chk_vobres_n_buy.py' 2026-06-02 11:58:54,525 : 하향추세 272210 한화시스템 < 5MA 10MA
[DEBUG] 'chk_vobres_n_buy.py' 2026-06-02 11:58:54,525 : 조건검색 종목 수18
[DEBUG] 'chk_vobres_n_buy.py' 2026-06-02 11:58:55,529 : 조건검색 종목 수2
[INFO] 'chk_vobres_n_buy.py' 2026-06-02 11:58:56,533 : 하향추세 003670 포스코퓨처엠 < 5MA 10MA
[WARNING] 'chk_vobres_n_buy.py' 2026-06-02 11:58:56,534 :  Not found in last_ohlc.txt 005070 코스모신소재
[INFO] 'chk_vobres_n_buy.py' 2026-06-02 11:58:56,534 : 하향추세 005490 POSCO홀딩스 < 5MA 10MA
[INFO] 'chk_vobres_n_buy.py' 2026-06-02 11:58:56,534 : 하향추세 006400 삼성SDI < 5MA 10MA
[INFO] 'chk_vobres_n_buy.py' 2026-06-02 11:58:56,535 : 하향추세 012450 한화에어로스페이스 < 5MA 10MA
[INFO] 'chk_vobres_n_buy.py' 2026-06-02 11:58:56,535 : 하향추세 042700 한미반도체 < 5MA 10MA
[INFO] 'chk_vobres_n_buy.py' 2026-06-02 11:58:56,535 : 하향추세 047810 한국항공우주 < 5MA 10MA
[INFO] 'chk_vobres_n_buy.py' 2026-06-02 11:58:56,536 : 하향추세 064350 현대로템 < 5MA 10MA
[INFO] 'chk_vobres_n_buy.py' 2026-06-02 11:58:56,536 : 하향추세 079550 LIG디펜스앤에어로스 < 5MA 10MA
[INFO] 'chk_vobres_n_buy.py' 2026-06-02 11:58:56,537 : 하향추세 086520 에코프로 < 5MA 10MA
[INFO] 'chk_vobres_n_buy.py' 2026-06-02 11:58:56,537 : 하향추세 096770 SK이노베이션 < 5MA 10MA
[INFO] 'chk_vobres_n_buy.py' 2026-06-02 11:58:56,537 : 하향추세 247540 에코프로비엠 < 5MA 10MA
[INFO] 'chk_vobres_n_buy.py' 2026-06-02 11:58:56,537 : 하향추세 272210 한화시스템 < 5MA 10MA
[DEBUG] 'chk_vobres_n_buy.py' 2026-06-02 11:58:56,538 : 조건검색 종목 수18
[DEBUG] 'chk_vobres_n_buy.py' 2026-06-02 11:58:57,552 : 조건검색 종목 수2
[INFO] 'chk_vobres_n_buy.py' 2026-06-02 11:58:58,558 : 하향추세 003670 포스코퓨처엠 < 5MA 10MA
[WARNING] 'chk_vobres_n_buy.py' 2026-06-02 11:58:58,558 :  Not found in last_ohlc.txt 005070 코스모신소재
[INFO] 'chk_vobres_n_buy.py' 2026-06-02 11:58:58,559 : 하향추세 005490 POSCO홀딩스 < 5MA 10MA
[INFO] 'chk_vobres_n_buy.py' 2026-06-02 11:58:58,559 : 하향추세 006400 삼성SDI < 5MA 10MA
[INFO] 'chk_vobres_n_buy.py' 2026-06-02 11:58:58,559 : 하향추세 012450 한화에어로스페이스 < 5MA 10MA
[INFO] 'chk_vobres_n_buy.py' 2026-06-02 11:58:58,560 : 하향추세 042700 한미반도체 < 5MA 10MA
[INFO] 'chk_vobres_n_buy.py' 2026-06-02 11:58:58,560 : 하향추세 047810 한국항공우주 < 5MA 10MA
[INFO] 'chk_vobres_n_buy.py' 2026-06-02 11:58:58,561 : 하향추세 064350 현대로템 < 5MA 10MA
[INFO] 'chk_vobres_n_buy.py' 2026-06-02 11:58:58,561 : 하향추세 079550 LIG디펜스앤에어로스 < 5MA 10MA
[INFO] 'chk_vobres_n_buy.py' 2026-06-02 11:58:58,561 : 하향추세 086520 에코프로 < 5MA 10MA
[INFO] 'chk_vobres_n_buy.py' 2026-06-02 11:58:58,562 : 하향추세 096770 SK이노베이션 < 5MA 10MA
[INFO] 'chk_vobres_n_buy.py' 2026-06-02 11:58:58,562 : 하향추세 247540 에코프로비엠 < 5MA 10MA
[INFO] 'chk_vobres_n_buy.py' 2026-06-02 11:58:58,562 : 하향추세 272210 한화시스템 < 5MA 10MA
[DEBUG] 'chk_vobres_n_buy.py' 2026-06-02 11:58:58,563 : 조건검색 종목 수18
[DEBUG] 'chk_vobres_n_buy.py' 2026-06-02 11:58:59,567 : 조건검색 종목 수2
[INFO] 'chk_vobres_n_buy.py' 2026-06-02 11:59:00,571 : 하향추세 003670 포스코퓨처엠 < 5MA 10MA
[WARNING] 'chk_vobres_n_buy.py' 2026-06-02 11:59:00,572 :  Not found in last_ohlc.txt 005070 코스모신소재
[INFO] 'chk_vobres_n_buy.py' 2026-06-02 11:59:00,572 : 하향추세 005490 POSCO홀딩스 < 5MA 10MA
[INFO] 'chk_vobres_n_buy.py' 2026-06-02 11:59:00,572 : 하향추세 006400 삼성SDI < 5MA 10MA
[INFO] 'chk_vobres_n_buy.py' 2026-06-02 11:59:00,572 : 하향추세 012450 한화에어로스페이스 < 5MA 10MA
[INFO] 'chk_vobres_n_buy.py' 2026-06-02 11:59:00,572 : 하향추세 042700 한미반도체 < 5MA 10MA
[INFO] 'chk_vobres_n_buy.py' 2026-06-02 11:59:00,572 : 하향추세 047810 한국항공우주 < 5MA 10MA
[INFO] 'chk_vobres_n_buy.py' 2026-06-02 11:59:00,572 : 하향추세 064350 현대로템 < 5MA 10MA
[INFO] 'chk_vobres_n_buy.py' 2026-06-02 11:59:00,572 : 하향추세 079550 LIG디펜스앤에어로스 < 5MA 10MA
[INFO] 'chk_vobres_n_buy.py' 2026-06-02 11:59:00,573 : 하향추세 086520 에코프로 < 5MA 10MA
[INFO] 'chk_vobres_n_buy.py' 2026-06-02 11:59:00,573 : 하향추세 096770 SK이노베이션 < 5MA 10MA
[INFO] 'chk_vobres_n_buy.py' 2026-06-02 11:59:00,573 : 하향추세 247540 에코프로비엠 < 5MA 10MA
[INFO] 'chk_vobres_n_buy.py' 2026-06-02 11:59:00,573 : 하향추세 272210 한화시스템 < 5MA 10MA
[DEBUG] 'chk_vobres_n_buy.py' 2026-06-02 11:59:00,573 : 조건검색 종목 수18
[DEBUG] 'chk_vobres_n_buy.py' 2026-06-02 11:59:01,590 : 조건검색 종목 수2
[INFO] 'chk_vobres_n_buy.py' 2026-06-02 11:59:02,601 : 하향추세 003670 포스코퓨처엠 < 5MA 10MA
[WARNING] 'chk_vobres_n_buy.py' 2026-06-02 11:59:02,601 :  Not found in last_ohlc.txt 005070 코스모신소재
[INFO] 'chk_vobres_n_buy.py' 2026-06-02 11:59:02,602 : 하향추세 005490 POSCO홀딩스 < 5MA 10MA
[INFO] 'chk_vobres_n_buy.py' 2026-06-02 11:59:02,602 : 하향추세 006400 삼성SDI < 5MA 10MA
[INFO] 'chk_vobres_n_buy.py' 2026-06-02 11:59:02,603 : 하향추세 012450 한화에어로스페이스 < 5MA 10MA
[INFO] 'chk_vobres_n_buy.py' 2026-06-02 11:59:02,603 : 하향추세 042700 한미반도체 < 5MA 10MA
[INFO] 'chk_vobres_n_buy.py' 2026-06-02 11:59:02,603 : 하향추세 047810 한국항공우주 < 5MA 10MA
[INFO] 'chk_vobres_n_buy.py' 2026-06-02 11:59:02,604 : 하향추세 064350 현대로템 < 5MA 10MA
[INFO] 'chk_vobres_n_buy.py' 2026-06-02 11:59:02,604 : 하향추세 079550 LIG디펜스앤에어로스 < 5MA 10MA
[INFO] 'chk_vobres_n_buy.py' 2026-06-02 11:59:02,604 : 하향추세 086520 에코프로 < 5MA 10MA
[INFO] 'chk_vobres_n_buy.py' 2026-06-02 11:59:02,605 : 하향추세 096770 SK이노베이션 < 5MA 10MA
[INFO] 'chk_vobres_n_buy.py' 2026-06-02 11:59:02,605 : 하향추세 247540 에코프로비엠 < 5MA 10MA
[INFO] 'chk_vobres_n_buy.py' 2026-06-02 11:59:02,605 : 하향추세 272210 한화시스템 < 5MA 10MA
[DEBUG] 'chk_vobres_n_buy.py' 2026-06-02 11:59:02,606 : 조건검색 종목 수18
[DEBUG] 'chk_vobres_n_buy.py' 2026-06-02 11:59:03,623 : 조건검색 종목 수1
[INFO] 'chk_vobres_n_buy.py' 2026-06-02 11:59:04,629 : 하향추세 003670 포스코퓨처엠 < 5MA 10MA
[WARNING] 'chk_vobres_n_buy.py' 2026-06-02 11:59:04,630 :  Not found in last_ohlc.txt 005070 코스모신소재
[INFO] 'chk_vobres_n_buy.py' 2026-06-02 11:59:04,631 : 하향추세 005490 POSCO홀딩스 < 5MA 10MA
[INFO] 'chk_vobres_n_buy.py' 2026-06-02 11:59:04,631 : 하향추세 006400 삼성SDI < 5MA 10MA
[INFO] 'chk_vobres_n_buy.py' 2026-06-02 11:59:04,631 : 하향추세 012450 한화에어로스페이스 < 5MA 10MA
[INFO] 'chk_vobres_n_buy.py' 2026-06-02 11:59:04,632 : 하향추세 042700 한미반도체 < 5MA 10MA
[INFO] 'chk_vobres_n_buy.py' 2026-06-02 11:59:04,632 : 하향추세 047810 한국항공우주 < 5MA 10MA
[INFO] 'chk_vobres_n_buy.py' 2026-06-02 11:59:04,632 : 하향추세 064350 현대로템 < 5MA 10MA
[INFO] 'chk_vobres_n_buy.py' 2026-06-02 11:59:04,633 : 하향추세 079550 LIG디펜스앤에어로스 < 5MA 10MA
[INFO] 'chk_vobres_n_buy.py' 2026-06-02 11:59:04,633 : 하향추세 086520 에코프로 < 5MA 10MA
[INFO] 'chk_vobres_n_buy.py' 2026-06-02 11:59:04,633 : 하향추세 096770 SK이노베이션 < 5MA 10MA
[INFO] 'chk_vobres_n_buy.py' 2026-06-02 11:59:04,634 : 하향추세 247540 에코프로비엠 < 5MA 10MA
[INFO] 'chk_vobres_n_buy.py' 2026-06-02 11:59:04,634 : 하향추세 272210 한화시스템 < 5MA 10MA
[DEBUG] 'chk_vobres_n_buy.py' 2026-06-02 11:59:04,634 : 조건검색 종목 수18
[DEBUG] 'chk_vobres_n_buy.py' 2026-06-02 11:59:05,649 : 조건검색 종목 수2
[INFO] 'chk_vobres_n_buy.py' 2026-06-02 11:59:06,668 : 하향추세 003670 포스코퓨처엠 < 5MA 10MA
[WARNING] 'chk_vobres_n_buy.py' 2026-06-02 11:59:06,668 :  Not found in last_ohlc.txt 005070 코스모신소재
[INFO] 'chk_vobres_n_buy.py' 2026-06-02 11:59:06,668 : 하향추세 005490 POSCO홀딩스 < 5MA 10MA
[INFO] 'chk_vobres_n_buy.py' 2026-06-02 11:59:06,669 : 하향추세 006400 삼성SDI < 5MA 10MA
[INFO] 'chk_vobres_n_buy.py' 2026-06-02 11:59:06,669 : 하향추세 012450 한화에어로스페이스 < 5MA 10MA
[INFO] 'chk_vobres_n_buy.py' 2026-06-02 11:59:06,669 : 하향추세 042700 한미반도체 < 5MA 10MA
[INFO] 'chk_vobres_n_buy.py' 2026-06-02 11:59:06,669 : 하향추세 047810 한국항공우주 < 5MA 10MA
[INFO] 'chk_vobres_n_buy.py' 2026-06-02 11:59:06,669 : 하향추세 064350 현대로템 < 5MA 10MA
[INFO] 'chk_vobres_n_buy.py' 2026-06-02 11:59:06,670 : 하향추세 079550 LIG디펜스앤에어로스 < 5MA 10MA
[INFO] 'chk_vobres_n_buy.py' 2026-06-02 11:59:06,670 : 하향추세 086520 에코프로 < 5MA 10MA
[INFO] 'chk_vobres_n_buy.py' 2026-06-02 11:59:06,670 : 하향추세 096770 SK이노베이션 < 5MA 10MA
[INFO] 'chk_vobres_n_buy.py' 2026-06-02 11:59:06,670 : 하향추세 247540 에코프로비엠 < 5MA 10MA
[INFO] 'chk_vobres_n_buy.py' 2026-06-02 11:59:06,670 : 하향추세 272210 한화시스템 < 5MA 10MA
[DEBUG] 'chk_vobres_n_buy.py' 2026-06-02 11:59:06,671 : 조건검색 종목 수18
[DEBUG] 'chk_vobres_n_buy.py' 2026-06-02 11:59:07,685 : 조건검색 종목 수1
[INFO] 'chk_vobres_n_buy.py' 2026-06-02 11:59:08,699 : 하향추세 003670 포스코퓨처엠 < 5MA 10MA
[WARNING] 'chk_vobres_n_buy.py' 2026-06-02 11:59:08,700 :  Not found in last_ohlc.txt 005070 코스모신소재
[INFO] 'chk_vobres_n_buy.py' 2026-06-02 11:59:08,700 : 하향추세 005490 POSCO홀딩스 < 5MA 10MA
[INFO] 'chk_vobres_n_buy.py' 2026-06-02 11:59:08,701 : 하향추세 006400 삼성SDI < 5MA 10MA
[INFO] 'chk_vobres_n_buy.py' 2026-06-02 11:59:08,701 : 하향추세 012450 한화에어로스페이스 < 5MA 10MA
[INFO] 'chk_vobres_n_buy.py' 2026-06-02 11:59:08,701 : 하향추세 042700 한미반도체 < 5MA 10MA
[INFO] 'chk_vobres_n_buy.py' 2026-06-02 11:59:08,702 : 하향추세 047810 한국항공우주 < 5MA 10MA
[INFO] 'chk_vobres_n_buy.py' 2026-06-02 11:59:08,702 : 하향추세 064350 현대로템 < 5MA 10MA
[INFO] 'chk_vobres_n_buy.py' 2026-06-02 11:59:08,703 : 하향추세 079550 LIG디펜스앤에어로스 < 5MA 10MA
[INFO] 'chk_vobres_n_buy.py' 2026-06-02 11:59:08,703 : 하향추세 086520 에코프로 < 5MA 10MA
[INFO] 'chk_vobres_n_buy.py' 2026-06-02 11:59:08,703 : 하향추세 096770 SK이노베이션 < 5MA 10MA
[INFO] 'chk_vobres_n_buy.py' 2026-06-02 11:59:08,703 : 하향추세 247540 에코프로비엠 < 5MA 10MA
[INFO] 'chk_vobres_n_buy.py' 2026-06-02 11:59:08,704 : 하향추세 272210 한화시스템 < 5MA 10MA
[DEBUG] 'chk_vobres_n_buy.py' 2026-06-02 11:59:08,704 : 조건검색 종목 수18
[DEBUG] 'chk_vobres_n_buy.py' 2026-06-02 11:59:09,719 : 조건검색 종목 수1
[INFO] 'chk_vobres_n_buy.py' 2026-06-02 11:59:10,729 : 하향추세 003670 포스코퓨처엠 < 5MA 10MA
[WARNING] 'chk_vobres_n_buy.py' 2026-06-02 11:59:10,729 :  Not found in last_ohlc.txt 005070 코스모신소재
[INFO] 'chk_vobres_n_buy.py' 2026-06-02 11:59:10,729 : 하향추세 005490 POSCO홀딩스 < 5MA 10MA
[INFO] 'chk_vobres_n_buy.py' 2026-06-02 11:59:10,730 : 하향추세 006400 삼성SDI < 5MA 10MA
[INFO] 'chk_vobres_n_buy.py' 2026-06-02 11:59:10,730 : 하향추세 012450 한화에어로스페이스 < 5MA 10MA
[INFO] 'chk_vobres_n_buy.py' 2026-06-02 11:59:10,730 : 하향추세 042700 한미반도체 < 5MA 10MA
[INFO] 'chk_vobres_n_buy.py' 2026-06-02 11:59:10,731 : 하향추세 047810 한국항공우주 < 5MA 10MA
[INFO] 'chk_vobres_n_buy.py' 2026-06-02 11:59:10,731 : 하향추세 064350 현대로템 < 5MA 10MA
[INFO] 'chk_vobres_n_buy.py' 2026-06-02 11:59:10,731 : 하향추세 079550 LIG디펜스앤에어로스 < 5MA 10MA
[INFO] 'chk_vobres_n_buy.py' 2026-06-02 11:59:10,732 : 하향추세 086520 에코프로 < 5MA 10MA
[INFO] 'chk_vobres_n_buy.py' 2026-06-02 11:59:10,732 : 하향추세 096770 SK이노베이션 < 5MA 10MA
[INFO] 'chk_vobres_n_buy.py' 2026-06-02 11:59:10,732 : 하향추세 247540 에코프로비엠 < 5MA 10MA
[INFO] 'chk_vobres_n_buy.py' 2026-06-02 11:59:10,733 : 하향추세 272210 한화시스템 < 5MA 10MA
[DEBUG] 'chk_vobres_n_buy.py' 2026-06-02 11:59:10,733 : 조건검색 종목 수18
[DEBUG] 'chk_vobres_n_buy.py' 2026-06-02 11:59:11,748 : 조건검색 종목 수1
[INFO] 'chk_vobres_n_buy.py' 2026-06-02 11:59:12,757 : 하향추세 003670 포스코퓨처엠 < 5MA 10MA
[WARNING] 'chk_vobres_n_buy.py' 2026-06-02 11:59:12,757 :  Not found in last_ohlc.txt 005070 코스모신소재
[INFO] 'chk_vobres_n_buy.py' 2026-06-02 11:59:12,757 : 하향추세 005490 POSCO홀딩스 < 5MA 10MA
[INFO] 'chk_vobres_n_buy.py' 2026-06-02 11:59:12,758 : 하향추세 006400 삼성SDI < 5MA 10MA
[INFO] 'chk_vobres_n_buy.py' 2026-06-02 11:59:12,758 : 하향추세 012450 한화에어로스페이스 < 5MA 10MA
[INFO] 'chk_vobres_n_buy.py' 2026-06-02 11:59:12,759 : 하향추세 042700 한미반도체 < 5MA 10MA
[INFO] 'chk_vobres_n_buy.py' 2026-06-02 11:59:12,759 : 하향추세 047810 한국항공우주 < 5MA 10MA
[INFO] 'chk_vobres_n_buy.py' 2026-06-02 11:59:12,759 : 하향추세 064350 현대로템 < 5MA 10MA
[INFO] 'chk_vobres_n_buy.py' 2026-06-02 11:59:12,760 : 하향추세 079550 LIG디펜스앤에어로스 < 5MA 10MA
[INFO] 'chk_vobres_n_buy.py' 2026-06-02 11:59:12,760 : 하향추세 086520 에코프로 < 5MA 10MA
[INFO] 'chk_vobres_n_buy.py' 2026-06-02 11:59:12,761 : 하향추세 096770 SK이노베이션 < 5MA 10MA
[INFO] 'chk_vobres_n_buy.py' 2026-06-02 11:59:12,761 : 하향추세 247540 에코프로비엠 < 5MA 10MA
[INFO] 'chk_vobres_n_buy.py' 2026-06-02 11:59:12,761 : 하향추세 272210 한화시스템 < 5MA 10MA
[DEBUG] 'chk_vobres_n_buy.py' 2026-06-02 11:59:12,761 : 조건검색 종목 수18
[DEBUG] 'chk_vobres_n_buy.py' 2026-06-02 11:59:13,766 : 조건검색 종목 수2
[INFO] 'chk_vobres_n_buy.py' 2026-06-02 11:59:14,771 : 하향추세 003670 포스코퓨처엠 < 5MA 10MA
[WARNING] 'chk_vobres_n_buy.py' 2026-06-02 11:59:14,772 :  Not found in last_ohlc.txt 005070 코스모신소재
[INFO] 'chk_vobres_n_buy.py' 2026-06-02 11:59:14,772 : 하향추세 005490 POSCO홀딩스 < 5MA 10MA
[INFO] 'chk_vobres_n_buy.py' 2026-06-02 11:59:14,772 : 하향추세 006400 삼성SDI < 5MA 10MA
[INFO] 'chk_vobres_n_buy.py' 2026-06-02 11:59:14,773 : 하향추세 012450 한화에어로스페이스 < 5MA 10MA
[INFO] 'chk_vobres_n_buy.py' 2026-06-02 11:59:14,773 : 하향추세 042700 한미반도체 < 5MA 10MA
[INFO] 'chk_vobres_n_buy.py' 2026-06-02 11:59:14,774 : 하향추세 047810 한국항공우주 < 5MA 10MA
[INFO] 'chk_vobres_n_buy.py' 2026-06-02 11:59:14,774 : 하향추세 064350 현대로템 < 5MA 10MA
[INFO] 'chk_vobres_n_buy.py' 2026-06-02 11:59:14,774 : 하향추세 079550 LIG디펜스앤에어로스 < 5MA 10MA
[INFO] 'chk_vobres_n_buy.py' 2026-06-02 11:59:14,775 : 하향추세 086520 에코프로 < 5MA 10MA
[INFO] 'chk_vobres_n_buy.py' 2026-06-02 11:59:14,775 : 하향추세 096770 SK이노베이션 < 5MA 10MA
[INFO] 'chk_vobres_n_buy.py' 2026-06-02 11:59:14,775 : 하향추세 247540 에코프로비엠 < 5MA 10MA
[INFO] 'chk_vobres_n_buy.py' 2026-06-02 11:59:14,775 : 하향추세 272210 한화시스템 < 5MA 10MA
[DEBUG] 'chk_vobres_n_buy.py' 2026-06-02 11:59:14,776 : 조건검색 종목 수18
[DEBUG] 'chk_vobres_n_buy.py' 2026-06-02 11:59:15,793 : 조건검색 종목 수2
[INFO] 'chk_vobres_n_buy.py' 2026-06-02 11:59:16,798 : 하향추세 003670 포스코퓨처엠 < 5MA 10MA
[WARNING] 'chk_vobres_n_buy.py' 2026-06-02 11:59:16,798 :  Not found in last_ohlc.txt 005070 코스모신소재
[INFO] 'chk_vobres_n_buy.py' 2026-06-02 11:59:16,799 : 하향추세 005490 POSCO홀딩스 < 5MA 10MA
[INFO] 'chk_vobres_n_buy.py' 2026-06-02 11:59:16,799 : 하향추세 006400 삼성SDI < 5MA 10MA
[INFO] 'chk_vobres_n_buy.py' 2026-06-02 11:59:16,800 : 하향추세 012450 한화에어로스페이스 < 5MA 10MA
[INFO] 'chk_vobres_n_buy.py' 2026-06-02 11:59:16,800 : 하향추세 042700 한미반도체 < 5MA 10MA
[INFO] 'chk_vobres_n_buy.py' 2026-06-02 11:59:16,800 : 하향추세 047810 한국항공우주 < 5MA 10MA
[INFO] 'chk_vobres_n_buy.py' 2026-06-02 11:59:16,801 : 하향추세 064350 현대로템 < 5MA 10MA
[INFO] 'chk_vobres_n_buy.py' 2026-06-02 11:59:16,801 : 하향추세 079550 LIG디펜스앤에어로스 < 5MA 10MA
[INFO] 'chk_vobres_n_buy.py' 2026-06-02 11:59:16,801 : 하향추세 086520 에코프로 < 5MA 10MA
[INFO] 'chk_vobres_n_buy.py' 2026-06-02 11:59:16,802 : 하향추세 096770 SK이노베이션 < 5MA 10MA
[INFO] 'chk_vobres_n_buy.py' 2026-06-02 11:59:16,802 : 하향추세 247540 에코프로비엠 < 5MA 10MA
[INFO] 'chk_vobres_n_buy.py' 2026-06-02 11:59:16,802 : 하향추세 272210 한화시스템 < 5MA 10MA
[DEBUG] 'chk_vobres_n_buy.py' 2026-06-02 11:59:16,803 : 조건검색 종목 수18
[DEBUG] 'chk_vobres_n_buy.py' 2026-06-02 11:59:17,819 : 조건검색 종목 수2
[INFO] 'chk_vobres_n_buy.py' 2026-06-02 11:59:18,824 : 하향추세 003670 포스코퓨처엠 < 5MA 10MA
[WARNING] 'chk_vobres_n_buy.py' 2026-06-02 11:59:18,825 :  Not found in last_ohlc.txt 005070 코스모신소재
[INFO] 'chk_vobres_n_buy.py' 2026-06-02 11:59:18,825 : 하향추세 005490 POSCO홀딩스 < 5MA 10MA
[INFO] 'chk_vobres_n_buy.py' 2026-06-02 11:59:18,826 : 하향추세 006400 삼성SDI < 5MA 10MA
[INFO] 'chk_vobres_n_buy.py' 2026-06-02 11:59:18,826 : 하향추세 012450 한화에어로스페이스 < 5MA 10MA
[INFO] 'chk_vobres_n_buy.py' 2026-06-02 11:59:18,827 : 하향추세 042700 한미반도체 < 5MA 10MA
[INFO] 'chk_vobres_n_buy.py' 2026-06-02 11:59:18,827 : 하향추세 047810 한국항공우주 < 5MA 10MA
[INFO] 'chk_vobres_n_buy.py' 2026-06-02 11:59:18,827 : 하향추세 064350 현대로템 < 5MA 10MA
[INFO] 'chk_vobres_n_buy.py' 2026-06-02 11:59:18,828 : 하향추세 079550 LIG디펜스앤에어로스 < 5MA 10MA
[INFO] 'chk_vobres_n_buy.py' 2026-06-02 11:59:18,828 : 하향추세 086520 에코프로 < 5MA 10MA
[INFO] 'chk_vobres_n_buy.py' 2026-06-02 11:59:18,828 : 하향추세 096770 SK이노베이션 < 5MA 10MA
[INFO] 'chk_vobres_n_buy.py' 2026-06-02 11:59:18,828 : 하향추세 247540 에코프로비엠 < 5MA 10MA
[INFO] 'chk_vobres_n_buy.py' 2026-06-02 11:59:18,829 : 하향추세 272210 한화시스템 < 5MA 10MA
[DEBUG] 'chk_vobres_n_buy.py' 2026-06-02 11:59:18,829 : 조건검색 종목 수18
[DEBUG] 'chk_vobres_n_buy.py' 2026-06-02 11:59:19,844 : 조건검색 종목 수2
[INFO] 'chk_vobres_n_buy.py' 2026-06-02 11:59:20,858 : 하향추세 003670 포스코퓨처엠 < 5MA 10MA
[WARNING] 'chk_vobres_n_buy.py' 2026-06-02 11:59:20,858 :  Not found in last_ohlc.txt 005070 코스모신소재
[INFO] 'chk_vobres_n_buy.py' 2026-06-02 11:59:20,859 : 하향추세 005490 POSCO홀딩스 < 5MA 10MA
[INFO] 'chk_vobres_n_buy.py' 2026-06-02 11:59:20,859 : 하향추세 006400 삼성SDI < 5MA 10MA
[INFO] 'chk_vobres_n_buy.py' 2026-06-02 11:59:20,859 : 하향추세 012450 한화에어로스페이스 < 5MA 10MA
[INFO] 'chk_vobres_n_buy.py' 2026-06-02 11:59:20,860 : 하향추세 042700 한미반도체 < 5MA 10MA
[INFO] 'chk_vobres_n_buy.py' 2026-06-02 11:59:20,860 : 하향추세 047810 한국항공우주 < 5MA 10MA
[INFO] 'chk_vobres_n_buy.py' 2026-06-02 11:59:20,860 : 하향추세 064350 현대로템 < 5MA 10MA
[INFO] 'chk_vobres_n_buy.py' 2026-06-02 11:59:20,861 : 하향추세 079550 LIG디펜스앤에어로스 < 5MA 10MA
[INFO] 'chk_vobres_n_buy.py' 2026-06-02 11:59:20,861 : 하향추세 086520 에코프로 < 5MA 10MA
[INFO] 'chk_vobres_n_buy.py' 2026-06-02 11:59:20,861 : 하향추세 096770 SK이노베이션 < 5MA 10MA
[INFO] 'chk_vobres_n_buy.py' 2026-06-02 11:59:20,862 : 하향추세 247540 에코프로비엠 < 5MA 10MA
[INFO] 'chk_vobres_n_buy.py' 2026-06-02 11:59:20,862 : 하향추세 272210 한화시스템 < 5MA 10MA
[DEBUG] 'chk_vobres_n_buy.py' 2026-06-02 11:59:20,862 : 조건검색 종목 수18
[DEBUG] 'chk_vobres_n_buy.py' 2026-06-02 11:59:21,876 : 조건검색 종목 수2
[INFO] 'chk_vobres_n_buy.py' 2026-06-02 11:59:22,882 : 하향추세 003670 포스코퓨처엠 < 5MA 10MA
[WARNING] 'chk_vobres_n_buy.py' 2026-06-02 11:59:22,883 :  Not found in last_ohlc.txt 005070 코스모신소재
[INFO] 'chk_vobres_n_buy.py' 2026-06-02 11:59:22,884 : 하향추세 005490 POSCO홀딩스 < 5MA 10MA
[INFO] 'chk_vobres_n_buy.py' 2026-06-02 11:59:22,884 : 하향추세 006400 삼성SDI < 5MA 10MA
[INFO] 'chk_vobres_n_buy.py' 2026-06-02 11:59:22,884 : 하향추세 012450 한화에어로스페이스 < 5MA 10MA
[INFO] 'chk_vobres_n_buy.py' 2026-06-02 11:59:22,885 : 하향추세 042700 한미반도체 < 5MA 10MA
[INFO] 'chk_vobres_n_buy.py' 2026-06-02 11:59:22,885 : 하향추세 047810 한국항공우주 < 5MA 10MA
[INFO] 'chk_vobres_n_buy.py' 2026-06-02 11:59:22,885 : 하향추세 064350 현대로템 < 5MA 10MA
[INFO] 'chk_vobres_n_buy.py' 2026-06-02 11:59:22,886 : 하향추세 079550 LIG디펜스앤에어로스 < 5MA 10MA
[INFO] 'chk_vobres_n_buy.py' 2026-06-02 11:59:22,886 : 하향추세 086520 에코프로 < 5MA 10MA
[INFO] 'chk_vobres_n_buy.py' 2026-06-02 11:59:22,886 : 하향추세 096770 SK이노베이션 < 5MA 10MA
[INFO] 'chk_vobres_n_buy.py' 2026-06-02 11:59:22,887 : 하향추세 247540 에코프로비엠 < 5MA 10MA
[INFO] 'chk_vobres_n_buy.py' 2026-06-02 11:59:22,887 : 하향추세 272210 한화시스템 < 5MA 10MA
[DEBUG] 'chk_vobres_n_buy.py' 2026-06-02 11:59:22,888 : 조건검색 종목 수18
[DEBUG] 'chk_vobres_n_buy.py' 2026-06-02 11:59:23,901 : 조건검색 종목 수1
[INFO] 'chk_vobres_n_buy.py' 2026-06-02 11:59:24,914 : 하향추세 003670 포스코퓨처엠 < 5MA 10MA
[WARNING] 'chk_vobres_n_buy.py' 2026-06-02 11:59:24,915 :  Not found in last_ohlc.txt 005070 코스모신소재
[INFO] 'chk_vobres_n_buy.py' 2026-06-02 11:59:24,915 : 하향추세 005490 POSCO홀딩스 < 5MA 10MA
[INFO] 'chk_vobres_n_buy.py' 2026-06-02 11:59:24,915 : 하향추세 006400 삼성SDI < 5MA 10MA
[INFO] 'chk_vobres_n_buy.py' 2026-06-02 11:59:24,916 : 하향추세 012450 한화에어로스페이스 < 5MA 10MA
[INFO] 'chk_vobres_n_buy.py' 2026-06-02 11:59:24,916 : 하향추세 042700 한미반도체 < 5MA 10MA
[INFO] 'chk_vobres_n_buy.py' 2026-06-02 11:59:24,916 : 하향추세 047810 한국항공우주 < 5MA 10MA
[INFO] 'chk_vobres_n_buy.py' 2026-06-02 11:59:24,917 : 하향추세 064350 현대로템 < 5MA 10MA
[INFO] 'chk_vobres_n_buy.py' 2026-06-02 11:59:24,917 : 하향추세 079550 LIG디펜스앤에어로스 < 5MA 10MA
[INFO] 'chk_vobres_n_buy.py' 2026-06-02 11:59:24,917 : 하향추세 086520 에코프로 < 5MA 10MA
[INFO] 'chk_vobres_n_buy.py' 2026-06-02 11:59:24,917 : 하향추세 096770 SK이노베이션 < 5MA 10MA
[INFO] 'chk_vobres_n_buy.py' 2026-06-02 11:59:24,918 : 하향추세 247540 에코프로비엠 < 5MA 10MA
[INFO] 'chk_vobres_n_buy.py' 2026-06-02 11:59:24,918 : 하향추세 272210 한화시스템 < 5MA 10MA
[DEBUG] 'chk_vobres_n_buy.py' 2026-06-02 11:59:24,918 : 조건검색 종목 수18
[DEBUG] 'chk_vobres_n_buy.py' 2026-06-02 11:59:25,934 : 조건검색 종목 수1
[INFO] 'chk_vobres_n_buy.py' 2026-06-02 11:59:26,950 : 하향추세 003670 포스코퓨처엠 < 5MA 10MA
[WARNING] 'chk_vobres_n_buy.py' 2026-06-02 11:59:26,951 :  Not found in last_ohlc.txt 005070 코스모신소재
[INFO] 'chk_vobres_n_buy.py' 2026-06-02 11:59:26,952 : 하향추세 005490 POSCO홀딩스 < 5MA 10MA
[INFO] 'chk_vobres_n_buy.py' 2026-06-02 11:59:26,952 : 하향추세 006400 삼성SDI < 5MA 10MA
[INFO] 'chk_vobres_n_buy.py' 2026-06-02 11:59:26,952 : 하향추세 012450 한화에어로스페이스 < 5MA 10MA
[INFO] 'chk_vobres_n_buy.py' 2026-06-02 11:59:26,953 : 하향추세 042700 한미반도체 < 5MA 10MA
[INFO] 'chk_vobres_n_buy.py' 2026-06-02 11:59:26,953 : 하향추세 047810 한국항공우주 < 5MA 10MA
[INFO] 'chk_vobres_n_buy.py' 2026-06-02 11:59:26,953 : 하향추세 064350 현대로템 < 5MA 10MA
[INFO] 'chk_vobres_n_buy.py' 2026-06-02 11:59:26,954 : 하향추세 079550 LIG디펜스앤에어로스 < 5MA 10MA
[INFO] 'chk_vobres_n_buy.py' 2026-06-02 11:59:26,954 : 하향추세 086520 에코프로 < 5MA 10MA
[INFO] 'chk_vobres_n_buy.py' 2026-06-02 11:59:26,954 : 하향추세 096770 SK이노베이션 < 5MA 10MA
[INFO] 'chk_vobres_n_buy.py' 2026-06-02 11:59:26,954 : 하향추세 247540 에코프로비엠 < 5MA 10MA
[INFO] 'chk_vobres_n_buy.py' 2026-06-02 11:59:26,955 : 하향추세 272210 한화시스템 < 5MA 10MA
[DEBUG] 'chk_vobres_n_buy.py' 2026-06-02 11:59:26,955 : 조건검색 종목 수18
[DEBUG] 'chk_vobres_n_buy.py' 2026-06-02 11:59:27,971 : 조건검색 종목 수1
[INFO] 'chk_vobres_n_buy.py' 2026-06-02 11:59:28,979 : 하향추세 003670 포스코퓨처엠 < 5MA 10MA
[WARNING] 'chk_vobres_n_buy.py' 2026-06-02 11:59:28,979 :  Not found in last_ohlc.txt 005070 코스모신소재
[INFO] 'chk_vobres_n_buy.py' 2026-06-02 11:59:28,980 : 하향추세 005490 POSCO홀딩스 < 5MA 10MA
[INFO] 'chk_vobres_n_buy.py' 2026-06-02 11:59:28,980 : 하향추세 006400 삼성SDI < 5MA 10MA
[INFO] 'chk_vobres_n_buy.py' 2026-06-02 11:59:28,981 : 하향추세 012450 한화에어로스페이스 < 5MA 10MA
[INFO] 'chk_vobres_n_buy.py' 2026-06-02 11:59:28,981 : 하향추세 042700 한미반도체 < 5MA 10MA
[INFO] 'chk_vobres_n_buy.py' 2026-06-02 11:59:28,981 : 하향추세 047810 한국항공우주 < 5MA 10MA
[INFO] 'chk_vobres_n_buy.py' 2026-06-02 11:59:28,982 : 하향추세 064350 현대로템 < 5MA 10MA
[INFO] 'chk_vobres_n_buy.py' 2026-06-02 11:59:28,982 : 하향추세 079550 LIG디펜스앤에어로스 < 5MA 10MA
[INFO] 'chk_vobres_n_buy.py' 2026-06-02 11:59:28,983 : 하향추세 086520 에코프로 < 5MA 10MA
[INFO] 'chk_vobres_n_buy.py' 2026-06-02 11:59:28,983 : 하향추세 096770 SK이노베이션 < 5MA 10MA
[INFO] 'chk_vobres_n_buy.py' 2026-06-02 11:59:28,983 : 하향추세 247540 에코프로비엠 < 5MA 10MA
[INFO] 'chk_vobres_n_buy.py' 2026-06-02 11:59:28,983 : 하향추세 272210 한화시스템 < 5MA 10MA
[DEBUG] 'chk_vobres_n_buy.py' 2026-06-02 11:59:28,984 : 조건검색 종목 수18
[DEBUG] 'chk_vobres_n_buy.py' 2026-06-02 11:59:29,999 : 조건검색 종목 수2
[INFO] 'chk_vobres_n_buy.py' 2026-06-02 11:59:31,012 : 하향추세 003670 포스코퓨처엠 < 5MA 10MA
[WARNING] 'chk_vobres_n_buy.py' 2026-06-02 11:59:31,013 :  Not found in last_ohlc.txt 005070 코스모신소재
[INFO] 'chk_vobres_n_buy.py' 2026-06-02 11:59:31,013 : 하향추세 005490 POSCO홀딩스 < 5MA 10MA
[INFO] 'chk_vobres_n_buy.py' 2026-06-02 11:59:31,014 : 하향추세 006400 삼성SDI < 5MA 10MA
[INFO] 'chk_vobres_n_buy.py' 2026-06-02 11:59:31,014 : 하향추세 012450 한화에어로스페이스 < 5MA 10MA
[INFO] 'chk_vobres_n_buy.py' 2026-06-02 11:59:31,014 : 하향추세 042700 한미반도체 < 5MA 10MA
[INFO] 'chk_vobres_n_buy.py' 2026-06-02 11:59:31,014 : 하향추세 047810 한국항공우주 < 5MA 10MA
[INFO] 'chk_vobres_n_buy.py' 2026-06-02 11:59:31,015 : 하향추세 064350 현대로템 < 5MA 10MA
[INFO] 'chk_vobres_n_buy.py' 2026-06-02 11:59:31,015 : 하향추세 079550 LIG디펜스앤에어로스 < 5MA 10MA
[INFO] 'chk_vobres_n_buy.py' 2026-06-02 11:59:31,015 : 하향추세 086520 에코프로 < 5MA 10MA
[INFO] 'chk_vobres_n_buy.py' 2026-06-02 11:59:31,016 : 하향추세 096770 SK이노베이션 < 5MA 10MA
[INFO] 'chk_vobres_n_buy.py' 2026-06-02 11:59:31,016 : 하향추세 247540 에코프로비엠 < 5MA 10MA
[INFO] 'chk_vobres_n_buy.py' 2026-06-02 11:59:31,016 : 하향추세 272210 한화시스템 < 5MA 10MA
[DEBUG] 'chk_vobres_n_buy.py' 2026-06-02 11:59:31,017 : 조건검색 종목 수18
[DEBUG] 'chk_vobres_n_buy.py' 2026-06-02 11:59:32,032 : 조건검색 종목 수2
[INFO] 'chk_vobres_n_buy.py' 2026-06-02 11:59:33,050 : 하향추세 003670 포스코퓨처엠 < 5MA 10MA
[WARNING] 'chk_vobres_n_buy.py' 2026-06-02 11:59:33,051 :  Not found in last_ohlc.txt 005070 코스모신소재
[INFO] 'chk_vobres_n_buy.py' 2026-06-02 11:59:33,052 : 하향추세 005490 POSCO홀딩스 < 5MA 10MA
[INFO] 'chk_vobres_n_buy.py' 2026-06-02 11:59:33,053 : 하향추세 006400 삼성SDI < 5MA 10MA
[INFO] 'chk_vobres_n_buy.py' 2026-06-02 11:59:33,053 : 하향추세 012450 한화에어로스페이스 < 5MA 10MA
[INFO] 'chk_vobres_n_buy.py' 2026-06-02 11:59:33,054 : 하향추세 042700 한미반도체 < 5MA 10MA
[INFO] 'chk_vobres_n_buy.py' 2026-06-02 11:59:33,054 : 하향추세 047810 한국항공우주 < 5MA 10MA
[INFO] 'chk_vobres_n_buy.py' 2026-06-02 11:59:33,055 : 하향추세 064350 현대로템 < 5MA 10MA
[INFO] 'chk_vobres_n_buy.py' 2026-06-02 11:59:33,055 : 하향추세 079550 LIG디펜스앤에어로스 < 5MA 10MA
[INFO] 'chk_vobres_n_buy.py' 2026-06-02 11:59:33,056 : 하향추세 086520 에코프로 < 5MA 10MA
[INFO] 'chk_vobres_n_buy.py' 2026-06-02 11:59:33,056 : 하향추세 096770 SK이노베이션 < 5MA 10MA
[INFO] 'chk_vobres_n_buy.py' 2026-06-02 11:59:33,056 : 하향추세 247540 에코프로비엠 < 5MA 10MA
[INFO] 'chk_vobres_n_buy.py' 2026-06-02 11:59:33,057 : 하향추세 272210 한화시스템 < 5MA 10MA
[DEBUG] 'chk_vobres_n_buy.py' 2026-06-02 11:59:33,057 : 조건검색 종목 수18
[DEBUG] 'chk_vobres_n_buy.py' 2026-06-02 11:59:34,067 : 조건검색 종목 수1
[INFO] 'chk_vobres_n_buy.py' 2026-06-02 11:59:35,074 : 하향추세 003670 포스코퓨처엠 < 5MA 10MA
[WARNING] 'chk_vobres_n_buy.py' 2026-06-02 11:59:35,074 :  Not found in last_ohlc.txt 005070 코스모신소재
[INFO] 'chk_vobres_n_buy.py' 2026-06-02 11:59:35,075 : 하향추세 005490 POSCO홀딩스 < 5MA 10MA
[INFO] 'chk_vobres_n_buy.py' 2026-06-02 11:59:35,076 : 하향추세 006400 삼성SDI < 5MA 10MA
[INFO] 'chk_vobres_n_buy.py' 2026-06-02 11:59:35,076 : 하향추세 012450 한화에어로스페이스 < 5MA 10MA
[INFO] 'chk_vobres_n_buy.py' 2026-06-02 11:59:35,076 : 하향추세 042700 한미반도체 < 5MA 10MA
[INFO] 'chk_vobres_n_buy.py' 2026-06-02 11:59:35,077 : 하향추세 047810 한국항공우주 < 5MA 10MA
[INFO] 'chk_vobres_n_buy.py' 2026-06-02 11:59:35,077 : 하향추세 064350 현대로템 < 5MA 10MA
[INFO] 'chk_vobres_n_buy.py' 2026-06-02 11:59:35,077 : 하향추세 079550 LIG디펜스앤에어로스 < 5MA 10MA
[INFO] 'chk_vobres_n_buy.py' 2026-06-02 11:59:35,078 : 하향추세 086520 에코프로 < 5MA 10MA
[INFO] 'chk_vobres_n_buy.py' 2026-06-02 11:59:35,078 : 하향추세 096770 SK이노베이션 < 5MA 10MA
[INFO] 'chk_vobres_n_buy.py' 2026-06-02 11:59:35,078 : 하향추세 247540 에코프로비엠 < 5MA 10MA
[INFO] 'chk_vobres_n_buy.py' 2026-06-02 11:59:35,078 : 하향추세 272210 한화시스템 < 5MA 10MA
[DEBUG] 'chk_vobres_n_buy.py' 2026-06-02 11:59:35,079 : 조건검색 종목 수18
[DEBUG] 'chk_vobres_n_buy.py' 2026-06-02 11:59:36,095 : 조건검색 종목 수1
[INFO] 'chk_vobres_n_buy.py' 2026-06-02 11:59:37,105 : 하향추세 003670 포스코퓨처엠 < 5MA 10MA
[WARNING] 'chk_vobres_n_buy.py' 2026-06-02 11:59:37,106 :  Not found in last_ohlc.txt 005070 코스모신소재
[INFO] 'chk_vobres_n_buy.py' 2026-06-02 11:59:37,106 : 하향추세 005490 POSCO홀딩스 < 5MA 10MA
[INFO] 'chk_vobres_n_buy.py' 2026-06-02 11:59:37,107 : 하향추세 006400 삼성SDI < 5MA 10MA
[INFO] 'chk_vobres_n_buy.py' 2026-06-02 11:59:37,107 : 하향추세 012450 한화에어로스페이스 < 5MA 10MA
[INFO] 'chk_vobres_n_buy.py' 2026-06-02 11:59:37,107 : 하향추세 042700 한미반도체 < 5MA 10MA
[INFO] 'chk_vobres_n_buy.py' 2026-06-02 11:59:37,108 : 하향추세 047810 한국항공우주 < 5MA 10MA
[INFO] 'chk_vobres_n_buy.py' 2026-06-02 11:59:37,108 : 하향추세 064350 현대로템 < 5MA 10MA
[INFO] 'chk_vobres_n_buy.py' 2026-06-02 11:59:37,108 : 하향추세 079550 LIG디펜스앤에어로스 < 5MA 10MA
[INFO] 'chk_vobres_n_buy.py' 2026-06-02 11:59:37,109 : 하향추세 086520 에코프로 < 5MA 10MA
[INFO] 'chk_vobres_n_buy.py' 2026-06-02 11:59:37,109 : 하향추세 096770 SK이노베이션 < 5MA 10MA
[INFO] 'chk_vobres_n_buy.py' 2026-06-02 11:59:37,109 : 하향추세 247540 에코프로비엠 < 5MA 10MA
[INFO] 'chk_vobres_n_buy.py' 2026-06-02 11:59:37,109 : 하향추세 272210 한화시스템 < 5MA 10MA
[DEBUG] 'chk_vobres_n_buy.py' 2026-06-02 11:59:37,110 : 조건검색 종목 수18
[DEBUG] 'chk_vobres_n_buy.py' 2026-06-02 11:59:38,112 : 조건검색 종목 수1
[INFO] 'chk_vobres_n_buy.py' 2026-06-02 11:59:39,117 : 하향추세 003670 포스코퓨처엠 < 5MA 10MA
[WARNING] 'chk_vobres_n_buy.py' 2026-06-02 11:59:39,118 :  Not found in last_ohlc.txt 005070 코스모신소재
[INFO] 'chk_vobres_n_buy.py' 2026-06-02 11:59:39,118 : 하향추세 005490 POSCO홀딩스 < 5MA 10MA
[INFO] 'chk_vobres_n_buy.py' 2026-06-02 11:59:39,119 : 하향추세 006400 삼성SDI < 5MA 10MA
[INFO] 'chk_vobres_n_buy.py' 2026-06-02 11:59:39,119 : 하향추세 012450 한화에어로스페이스 < 5MA 10MA
[INFO] 'chk_vobres_n_buy.py' 2026-06-02 11:59:39,119 : 하향추세 042700 한미반도체 < 5MA 10MA
[INFO] 'chk_vobres_n_buy.py' 2026-06-02 11:59:39,120 : 하향추세 047810 한국항공우주 < 5MA 10MA
[INFO] 'chk_vobres_n_buy.py' 2026-06-02 11:59:39,120 : 하향추세 064350 현대로템 < 5MA 10MA
[INFO] 'chk_vobres_n_buy.py' 2026-06-02 11:59:39,120 : 하향추세 079550 LIG디펜스앤에어로스 < 5MA 10MA
[INFO] 'chk_vobres_n_buy.py' 2026-06-02 11:59:39,121 : 하향추세 086520 에코프로 < 5MA 10MA
[INFO] 'chk_vobres_n_buy.py' 2026-06-02 11:59:39,121 : 하향추세 096770 SK이노베이션 < 5MA 10MA
[INFO] 'chk_vobres_n_buy.py' 2026-06-02 11:59:39,121 : 하향추세 247540 에코프로비엠 < 5MA 10MA
[INFO] 'chk_vobres_n_buy.py' 2026-06-02 11:59:39,122 : 하향추세 272210 한화시스템 < 5MA 10MA
[DEBUG] 'chk_vobres_n_buy.py' 2026-06-02 11:59:39,122 : 조건검색 종목 수18
[DEBUG] 'chk_vobres_n_buy.py' 2026-06-02 11:59:40,141 : 조건검색 종목 수1
[INFO] 'chk_vobres_n_buy.py' 2026-06-02 11:59:41,157 : 하향추세 003670 포스코퓨처엠 < 5MA 10MA
[WARNING] 'chk_vobres_n_buy.py' 2026-06-02 11:59:41,157 :  Not found in last_ohlc.txt 005070 코스모신소재
[INFO] 'chk_vobres_n_buy.py' 2026-06-02 11:59:41,158 : 하향추세 005490 POSCO홀딩스 < 5MA 10MA
[INFO] 'chk_vobres_n_buy.py' 2026-06-02 11:59:41,158 : 하향추세 006400 삼성SDI < 5MA 10MA
[INFO] 'chk_vobres_n_buy.py' 2026-06-02 11:59:41,158 : 하향추세 012450 한화에어로스페이스 < 5MA 10MA
[INFO] 'chk_vobres_n_buy.py' 2026-06-02 11:59:41,159 : 하향추세 042700 한미반도체 < 5MA 10MA
[INFO] 'chk_vobres_n_buy.py' 2026-06-02 11:59:41,159 : 하향추세 047810 한국항공우주 < 5MA 10MA
[INFO] 'chk_vobres_n_buy.py' 2026-06-02 11:59:41,159 : 하향추세 064350 현대로템 < 5MA 10MA
[INFO] 'chk_vobres_n_buy.py' 2026-06-02 11:59:41,160 : 하향추세 079550 LIG디펜스앤에어로스 < 5MA 10MA
[INFO] 'chk_vobres_n_buy.py' 2026-06-02 11:59:41,160 : 하향추세 086520 에코프로 < 5MA 10MA
[INFO] 'chk_vobres_n_buy.py' 2026-06-02 11:59:41,160 : 하향추세 096770 SK이노베이션 < 5MA 10MA
[INFO] 'chk_vobres_n_buy.py' 2026-06-02 11:59:41,161 : 하향추세 247540 에코프로비엠 < 5MA 10MA
[INFO] 'chk_vobres_n_buy.py' 2026-06-02 11:59:41,161 : 하향추세 272210 한화시스템 < 5MA 10MA
[DEBUG] 'chk_vobres_n_buy.py' 2026-06-02 11:59:41,161 : 조건검색 종목 수18
[INFO] 'chk_vobres_n_buy.py' 2026-06-02 11:59:42,177 : 하향추세 030200 KT < 5MA 10MA
[DEBUG] 'chk_vobres_n_buy.py' 2026-06-02 11:59:42,177 : 조건검색 종목 수3
[INFO] 'chk_vobres_n_buy.py' 2026-06-02 11:59:43,192 : 하향추세 003670 포스코퓨처엠 < 5MA 10MA
[WARNING] 'chk_vobres_n_buy.py' 2026-06-02 11:59:43,192 :  Not found in last_ohlc.txt 005070 코스모신소재
[INFO] 'chk_vobres_n_buy.py' 2026-06-02 11:59:43,193 : 하향추세 005490 POSCO홀딩스 < 5MA 10MA
[INFO] 'chk_vobres_n_buy.py' 2026-06-02 11:59:43,193 : 하향추세 006400 삼성SDI < 5MA 10MA
[INFO] 'chk_vobres_n_buy.py' 2026-06-02 11:59:43,193 : 하향추세 012450 한화에어로스페이스 < 5MA 10MA
[INFO] 'chk_vobres_n_buy.py' 2026-06-02 11:59:43,194 : 하향추세 042700 한미반도체 < 5MA 10MA
[INFO] 'chk_vobres_n_buy.py' 2026-06-02 11:59:43,194 : 하향추세 047810 한국항공우주 < 5MA 10MA
[INFO] 'chk_vobres_n_buy.py' 2026-06-02 11:59:43,194 : 하향추세 064350 현대로템 < 5MA 10MA
[INFO] 'chk_vobres_n_buy.py' 2026-06-02 11:59:43,195 : 하향추세 079550 LIG디펜스앤에어로스 < 5MA 10MA
[INFO] 'chk_vobres_n_buy.py' 2026-06-02 11:59:43,195 : 하향추세 086520 에코프로 < 5MA 10MA
[INFO] 'chk_vobres_n_buy.py' 2026-06-02 11:59:43,195 : 하향추세 096770 SK이노베이션 < 5MA 10MA
[INFO] 'chk_vobres_n_buy.py' 2026-06-02 11:59:43,195 : 하향추세 247540 에코프로비엠 < 5MA 10MA
[INFO] 'chk_vobres_n_buy.py' 2026-06-02 11:59:43,196 : 하향추세 272210 한화시스템 < 5MA 10MA
[DEBUG] 'chk_vobres_n_buy.py' 2026-06-02 11:59:43,196 : 조건검색 종목 수18
[INFO] 'chk_vobres_n_buy.py' 2026-06-02 11:59:44,205 : 하향추세 030200 KT < 5MA 10MA
[DEBUG] 'chk_vobres_n_buy.py' 2026-06-02 11:59:44,206 : 조건검색 종목 수3
[INFO] 'chk_vobres_n_buy.py' 2026-06-02 11:59:45,220 : 하향추세 003670 포스코퓨처엠 < 5MA 10MA
[WARNING] 'chk_vobres_n_buy.py' 2026-06-02 11:59:45,220 :  Not found in last_ohlc.txt 005070 코스모신소재
[INFO] 'chk_vobres_n_buy.py' 2026-06-02 11:59:45,221 : 하향추세 005490 POSCO홀딩스 < 5MA 10MA
[INFO] 'chk_vobres_n_buy.py' 2026-06-02 11:59:45,221 : 하향추세 006400 삼성SDI < 5MA 10MA
[INFO] 'chk_vobres_n_buy.py' 2026-06-02 11:59:45,221 : 하향추세 012450 한화에어로스페이스 < 5MA 10MA
[INFO] 'chk_vobres_n_buy.py' 2026-06-02 11:59:45,222 : 하향추세 042700 한미반도체 < 5MA 10MA
[INFO] 'chk_vobres_n_buy.py' 2026-06-02 11:59:45,222 : 하향추세 047810 한국항공우주 < 5MA 10MA
[INFO] 'chk_vobres_n_buy.py' 2026-06-02 11:59:45,222 : 하향추세 064350 현대로템 < 5MA 10MA
[INFO] 'chk_vobres_n_buy.py' 2026-06-02 11:59:45,223 : 하향추세 079550 LIG디펜스앤에어로스 < 5MA 10MA
[INFO] 'chk_vobres_n_buy.py' 2026-06-02 11:59:45,223 : 하향추세 086520 에코프로 < 5MA 10MA
[INFO] 'chk_vobres_n_buy.py' 2026-06-02 11:59:45,223 : 하향추세 096770 SK이노베이션 < 5MA 10MA
[INFO] 'chk_vobres_n_buy.py' 2026-06-02 11:59:45,224 : 하향추세 247540 에코프로비엠 < 5MA 10MA
[INFO] 'chk_vobres_n_buy.py' 2026-06-02 11:59:45,224 : 하향추세 272210 한화시스템 < 5MA 10MA
[DEBUG] 'chk_vobres_n_buy.py' 2026-06-02 11:59:45,224 : 조건검색 종목 수18
[INFO] 'chk_vobres_n_buy.py' 2026-06-02 11:59:46,231 : 하향추세 030200 KT < 5MA 10MA
[DEBUG] 'chk_vobres_n_buy.py' 2026-06-02 11:59:46,231 : 조건검색 종목 수2
[INFO] 'chk_vobres_n_buy.py' 2026-06-02 11:59:47,235 : 하향추세 003670 포스코퓨처엠 < 5MA 10MA
[WARNING] 'chk_vobres_n_buy.py' 2026-06-02 11:59:47,236 :  Not found in last_ohlc.txt 005070 코스모신소재
[INFO] 'chk_vobres_n_buy.py' 2026-06-02 11:59:47,236 : 하향추세 005490 POSCO홀딩스 < 5MA 10MA
[INFO] 'chk_vobres_n_buy.py' 2026-06-02 11:59:47,236 : 하향추세 006400 삼성SDI < 5MA 10MA
[INFO] 'chk_vobres_n_buy.py' 2026-06-02 11:59:47,236 : 하향추세 012450 한화에어로스페이스 < 5MA 10MA
[INFO] 'chk_vobres_n_buy.py' 2026-06-02 11:59:47,237 : 하향추세 042700 한미반도체 < 5MA 10MA
[INFO] 'chk_vobres_n_buy.py' 2026-06-02 11:59:47,237 : 하향추세 047810 한국항공우주 < 5MA 10MA
[INFO] 'chk_vobres_n_buy.py' 2026-06-02 11:59:47,237 : 하향추세 064350 현대로템 < 5MA 10MA
[INFO] 'chk_vobres_n_buy.py' 2026-06-02 11:59:47,238 : 하향추세 079550 LIG디펜스앤에어로스 < 5MA 10MA
[INFO] 'chk_vobres_n_buy.py' 2026-06-02 11:59:47,238 : 하향추세 086520 에코프로 < 5MA 10MA
[INFO] 'chk_vobres_n_buy.py' 2026-06-02 11:59:47,238 : 하향추세 096770 SK이노베이션 < 5MA 10MA
[INFO] 'chk_vobres_n_buy.py' 2026-06-02 11:59:47,238 : 하향추세 247540 에코프로비엠 < 5MA 10MA
[INFO] 'chk_vobres_n_buy.py' 2026-06-02 11:59:47,239 : 하향추세 272210 한화시스템 < 5MA 10MA
[DEBUG] 'chk_vobres_n_buy.py' 2026-06-02 11:59:47,239 : 조건검색 종목 수18
[DEBUG] 'chk_vobres_n_buy.py' 2026-06-02 11:59:48,243 : 조건검색 종목 수1
[INFO] 'chk_vobres_n_buy.py' 2026-06-02 11:59:49,250 : 하향추세 003670 포스코퓨처엠 < 5MA 10MA
[WARNING] 'chk_vobres_n_buy.py' 2026-06-02 11:59:49,250 :  Not found in last_ohlc.txt 005070 코스모신소재
[INFO] 'chk_vobres_n_buy.py' 2026-06-02 11:59:49,251 : 하향추세 005490 POSCO홀딩스 < 5MA 10MA
[INFO] 'chk_vobres_n_buy.py' 2026-06-02 11:59:49,251 : 하향추세 006400 삼성SDI < 5MA 10MA
[INFO] 'chk_vobres_n_buy.py' 2026-06-02 11:59:49,251 : 하향추세 012450 한화에어로스페이스 < 5MA 10MA
[INFO] 'chk_vobres_n_buy.py' 2026-06-02 11:59:49,251 : 하향추세 042700 한미반도체 < 5MA 10MA
[INFO] 'chk_vobres_n_buy.py' 2026-06-02 11:59:49,251 : 하향추세 047810 한국항공우주 < 5MA 10MA
[INFO] 'chk_vobres_n_buy.py' 2026-06-02 11:59:49,251 : 하향추세 064350 현대로템 < 5MA 10MA
[INFO] 'chk_vobres_n_buy.py' 2026-06-02 11:59:49,251 : 하향추세 079550 LIG디펜스앤에어로스 < 5MA 10MA
[INFO] 'chk_vobres_n_buy.py' 2026-06-02 11:59:49,251 : 하향추세 086520 에코프로 < 5MA 10MA
[INFO] 'chk_vobres_n_buy.py' 2026-06-02 11:59:49,251 : 하향추세 096770 SK이노베이션 < 5MA 10MA
[INFO] 'chk_vobres_n_buy.py' 2026-06-02 11:59:49,252 : 하향추세 247540 에코프로비엠 < 5MA 10MA
[INFO] 'chk_vobres_n_buy.py' 2026-06-02 11:59:49,252 : 하향추세 272210 한화시스템 < 5MA 10MA
[DEBUG] 'chk_vobres_n_buy.py' 2026-06-02 11:59:49,252 : 조건검색 종목 수18
[DEBUG] 'chk_vobres_n_buy.py' 2026-06-02 11:59:50,269 : 조건검색 종목 수1
[INFO] 'chk_vobres_n_buy.py' 2026-06-02 11:59:51,278 : 하향추세 003670 포스코퓨처엠 < 5MA 10MA
[WARNING] 'chk_vobres_n_buy.py' 2026-06-02 11:59:51,278 :  Not found in last_ohlc.txt 005070 코스모신소재
[INFO] 'chk_vobres_n_buy.py' 2026-06-02 11:59:51,278 : 하향추세 005490 POSCO홀딩스 < 5MA 10MA
[INFO] 'chk_vobres_n_buy.py' 2026-06-02 11:59:51,278 : 하향추세 006400 삼성SDI < 5MA 10MA
[INFO] 'chk_vobres_n_buy.py' 2026-06-02 11:59:51,278 : 하향추세 012450 한화에어로스페이스 < 5MA 10MA
[INFO] 'chk_vobres_n_buy.py' 2026-06-02 11:59:51,278 : 하향추세 042700 한미반도체 < 5MA 10MA
[INFO] 'chk_vobres_n_buy.py' 2026-06-02 11:59:51,278 : 하향추세 047810 한국항공우주 < 5MA 10MA
[INFO] 'chk_vobres_n_buy.py' 2026-06-02 11:59:51,278 : 하향추세 064350 현대로템 < 5MA 10MA
[INFO] 'chk_vobres_n_buy.py' 2026-06-02 11:59:51,279 : 하향추세 079550 LIG디펜스앤에어로스 < 5MA 10MA
[INFO] 'chk_vobres_n_buy.py' 2026-06-02 11:59:51,279 : 하향추세 086520 에코프로 < 5MA 10MA
[INFO] 'chk_vobres_n_buy.py' 2026-06-02 11:59:51,279 : 하향추세 096770 SK이노베이션 < 5MA 10MA
[INFO] 'chk_vobres_n_buy.py' 2026-06-02 11:59:51,279 : 하향추세 247540 에코프로비엠 < 5MA 10MA
[INFO] 'chk_vobres_n_buy.py' 2026-06-02 11:59:51,279 : 하향추세 272210 한화시스템 < 5MA 10MA
[DEBUG] 'chk_vobres_n_buy.py' 2026-06-02 11:59:51,279 : 조건검색 종목 수18
[DEBUG] 'chk_vobres_n_buy.py' 2026-06-02 11:59:52,284 : 조건검색 종목 수2
[INFO] 'chk_vobres_n_buy.py' 2026-06-02 11:59:53,289 : 하향추세 003670 포스코퓨처엠 < 5MA 10MA
[WARNING] 'chk_vobres_n_buy.py' 2026-06-02 11:59:53,290 :  Not found in last_ohlc.txt 005070 코스모신소재
[INFO] 'chk_vobres_n_buy.py' 2026-06-02 11:59:53,290 : 하향추세 005490 POSCO홀딩스 < 5MA 10MA
[INFO] 'chk_vobres_n_buy.py' 2026-06-02 11:59:53,291 : 하향추세 006400 삼성SDI < 5MA 10MA
[INFO] 'chk_vobres_n_buy.py' 2026-06-02 11:59:53,291 : 하향추세 012450 한화에어로스페이스 < 5MA 10MA
[INFO] 'chk_vobres_n_buy.py' 2026-06-02 11:59:53,291 : 하향추세 042700 한미반도체 < 5MA 10MA
[INFO] 'chk_vobres_n_buy.py' 2026-06-02 11:59:53,292 : 하향추세 047810 한국항공우주 < 5MA 10MA
[INFO] 'chk_vobres_n_buy.py' 2026-06-02 11:59:53,292 : 하향추세 064350 현대로템 < 5MA 10MA
[INFO] 'chk_vobres_n_buy.py' 2026-06-02 11:59:53,292 : 하향추세 079550 LIG디펜스앤에어로스 < 5MA 10MA
[INFO] 'chk_vobres_n_buy.py' 2026-06-02 11:59:53,293 : 하향추세 086520 에코프로 < 5MA 10MA
[INFO] 'chk_vobres_n_buy.py' 2026-06-02 11:59:53,293 : 하향추세 096770 SK이노베이션 < 5MA 10MA
[INFO] 'chk_vobres_n_buy.py' 2026-06-02 11:59:53,293 : 하향추세 247540 에코프로비엠 < 5MA 10MA
[INFO] 'chk_vobres_n_buy.py' 2026-06-02 11:59:53,293 : 하향추세 272210 한화시스템 < 5MA 10MA
[DEBUG] 'chk_vobres_n_buy.py' 2026-06-02 11:59:53,293 : 조건검색 종목 수18
[DEBUG] 'chk_vobres_n_buy.py' 2026-06-02 11:59:54,297 : 조건검색 종목 수2
[INFO] 'chk_vobres_n_buy.py' 2026-06-02 11:59:55,319 : 하향추세 003670 포스코퓨처엠 < 5MA 10MA
[WARNING] 'chk_vobres_n_buy.py' 2026-06-02 11:59:55,319 :  Not found in last_ohlc.txt 005070 코스모신소재
[INFO] 'chk_vobres_n_buy.py' 2026-06-02 11:59:55,320 : 하향추세 005490 POSCO홀딩스 < 5MA 10MA
[INFO] 'chk_vobres_n_buy.py' 2026-06-02 11:59:55,320 : 하향추세 006400 삼성SDI < 5MA 10MA
[INFO] 'chk_vobres_n_buy.py' 2026-06-02 11:59:55,320 : 하향추세 012450 한화에어로스페이스 < 5MA 10MA
[INFO] 'chk_vobres_n_buy.py' 2026-06-02 11:59:55,321 : 하향추세 042700 한미반도체 < 5MA 10MA
[INFO] 'chk_vobres_n_buy.py' 2026-06-02 11:59:55,321 : 하향추세 047810 한국항공우주 < 5MA 10MA
[INFO] 'chk_vobres_n_buy.py' 2026-06-02 11:59:55,321 : 하향추세 064350 현대로템 < 5MA 10MA
[INFO] 'chk_vobres_n_buy.py' 2026-06-02 11:59:55,322 : 하향추세 079550 LIG디펜스앤에어로스 < 5MA 10MA
[INFO] 'chk_vobres_n_buy.py' 2026-06-02 11:59:55,322 : 하향추세 086520 에코프로 < 5MA 10MA
[INFO] 'chk_vobres_n_buy.py' 2026-06-02 11:59:55,322 : 하향추세 096770 SK이노베이션 < 5MA 10MA
[INFO] 'chk_vobres_n_buy.py' 2026-06-02 11:59:55,323 : 하향추세 247540 에코프로비엠 < 5MA 10MA
[INFO] 'chk_vobres_n_buy.py' 2026-06-02 11:59:55,323 : 하향추세 272210 한화시스템 < 5MA 10MA
[DEBUG] 'chk_vobres_n_buy.py' 2026-06-02 11:59:55,323 : 조건검색 종목 수18
[DEBUG] 'chk_vobres_n_buy.py' 2026-06-02 11:59:56,333 : 조건검색 종목 수2
[INFO] 'chk_vobres_n_buy.py' 2026-06-02 11:59:57,345 : 하향추세 003670 포스코퓨처엠 < 5MA 10MA
[WARNING] 'chk_vobres_n_buy.py' 2026-06-02 11:59:57,346 :  Not found in last_ohlc.txt 005070 코스모신소재
[INFO] 'chk_vobres_n_buy.py' 2026-06-02 11:59:57,346 : 하향추세 005490 POSCO홀딩스 < 5MA 10MA
[INFO] 'chk_vobres_n_buy.py' 2026-06-02 11:59:57,346 : 하향추세 006400 삼성SDI < 5MA 10MA
[INFO] 'chk_vobres_n_buy.py' 2026-06-02 11:59:57,346 : 하향추세 012450 한화에어로스페이스 < 5MA 10MA
[INFO] 'chk_vobres_n_buy.py' 2026-06-02 11:59:57,346 : 하향추세 042700 한미반도체 < 5MA 10MA
[INFO] 'chk_vobres_n_buy.py' 2026-06-02 11:59:57,346 : 하향추세 047810 한국항공우주 < 5MA 10MA
[INFO] 'chk_vobres_n_buy.py' 2026-06-02 11:59:57,346 : 하향추세 064350 현대로템 < 5MA 10MA
[INFO] 'chk_vobres_n_buy.py' 2026-06-02 11:59:57,346 : 하향추세 079550 LIG디펜스앤에어로스 < 5MA 10MA
[INFO] 'chk_vobres_n_buy.py' 2026-06-02 11:59:57,346 : 하향추세 086520 에코프로 < 5MA 10MA
[INFO] 'chk_vobres_n_buy.py' 2026-06-02 11:59:57,346 : 하향추세 096770 SK이노베이션 < 5MA 10MA
[INFO] 'chk_vobres_n_buy.py' 2026-06-02 11:59:57,346 : 하향추세 247540 에코프로비엠 < 5MA 10MA
[INFO] 'chk_vobres_n_buy.py' 2026-06-02 11:59:57,357 : 하향추세 272210 한화시스템 < 5MA 10MA
[DEBUG] 'chk_vobres_n_buy.py' 2026-06-02 11:59:57,358 : 조건검색 종목 수18
[DEBUG] 'chk_vobres_n_buy.py' 2026-06-02 11:59:58,376 : 조건검색 종목 수2
[INFO] 'chk_vobres_n_buy.py' 2026-06-02 11:59:59,382 : 하향추세 003670 포스코퓨처엠 < 5MA 10MA
[WARNING] 'chk_vobres_n_buy.py' 2026-06-02 11:59:59,382 :  Not found in last_ohlc.txt 005070 코스모신소재
[INFO] 'chk_vobres_n_buy.py' 2026-06-02 11:59:59,383 : 하향추세 005490 POSCO홀딩스 < 5MA 10MA
[INFO] 'chk_vobres_n_buy.py' 2026-06-02 11:59:59,383 : 하향추세 006400 삼성SDI < 5MA 10MA
[INFO] 'chk_vobres_n_buy.py' 2026-06-02 11:59:59,384 : 하향추세 012450 한화에어로스페이스 < 5MA 10MA
[INFO] 'chk_vobres_n_buy.py' 2026-06-02 11:59:59,384 : 하향추세 042700 한미반도체 < 5MA 10MA
[INFO] 'chk_vobres_n_buy.py' 2026-06-02 11:59:59,384 : 하향추세 047810 한국항공우주 < 5MA 10MA
[INFO] 'chk_vobres_n_buy.py' 2026-06-02 11:59:59,385 : 하향추세 064350 현대로템 < 5MA 10MA
[INFO] 'chk_vobres_n_buy.py' 2026-06-02 11:59:59,385 : 하향추세 079550 LIG디펜스앤에어로스 < 5MA 10MA
[INFO] 'chk_vobres_n_buy.py' 2026-06-02 11:59:59,385 : 하향추세 086520 에코프로 < 5MA 10MA
[INFO] 'chk_vobres_n_buy.py' 2026-06-02 11:59:59,386 : 하향추세 096770 SK이노베이션 < 5MA 10MA
[INFO] 'chk_vobres_n_buy.py' 2026-06-02 11:59:59,386 : 하향추세 247540 에코프로비엠 < 5MA 10MA
[INFO] 'chk_vobres_n_buy.py' 2026-06-02 11:59:59,386 : 하향추세 272210 한화시스템 < 5MA 10MA
[DEBUG] 'chk_vobres_n_buy.py' 2026-06-02 11:59:59,387 : 조건검색 종목 수18
[DEBUG] 'chk_vobres_n_buy.py' 2026-06-02 12:00:00,391 : 조건검색 종목 수1
[INFO] 'chk_vobres_n_buy.py' 2026-06-02 12:00:01,407 : 하향추세 003670 포스코퓨처엠 < 5MA 10MA
[WARNING] 'chk_vobres_n_buy.py' 2026-06-02 12:00:01,407 :  Not found in last_ohlc.txt 005070 코스모신소재
[INFO] 'chk_vobres_n_buy.py' 2026-06-02 12:00:01,408 : 하향추세 005490 POSCO홀딩스 < 5MA 10MA
[INFO] 'chk_vobres_n_buy.py' 2026-06-02 12:00:01,408 : 하향추세 006400 삼성SDI < 5MA 10MA
[INFO] 'chk_vobres_n_buy.py' 2026-06-02 12:00:01,408 : 하향추세 012450 한화에어로스페이스 < 5MA 10MA
[INFO] 'chk_vobres_n_buy.py' 2026-06-02 12:00:01,409 : 하향추세 042700 한미반도체 < 5MA 10MA
[INFO] 'chk_vobres_n_buy.py' 2026-06-02 12:00:01,409 : 하향추세 047810 한국항공우주 < 5MA 10MA
[INFO] 'chk_vobres_n_buy.py' 2026-06-02 12:00:01,409 : 하향추세 064350 현대로템 < 5MA 10MA
[INFO] 'chk_vobres_n_buy.py' 2026-06-02 12:00:01,410 : 하향추세 079550 LIG디펜스앤에어로스 < 5MA 10MA
[INFO] 'chk_vobres_n_buy.py' 2026-06-02 12:00:01,410 : 하향추세 086520 에코프로 < 5MA 10MA
[INFO] 'chk_vobres_n_buy.py' 2026-06-02 12:00:01,410 : 하향추세 096770 SK이노베이션 < 5MA 10MA
[INFO] 'chk_vobres_n_buy.py' 2026-06-02 12:00:01,410 : 하향추세 247540 에코프로비엠 < 5MA 10MA
[INFO] 'chk_vobres_n_buy.py' 2026-06-02 12:00:01,411 : 하향추세 272210 한화시스템 < 5MA 10MA
[DEBUG] 'chk_vobres_n_buy.py' 2026-06-02 12:00:01,411 : 조건검색 종목 수18
[DEBUG] 'chk_vobres_n_buy.py' 2026-06-02 12:00:02,422 : 조건검색 종목 수3
[INFO] 'chk_vobres_n_buy.py' 2026-06-02 12:00:03,430 : 하향추세 003670 포스코퓨처엠 < 5MA 10MA
[WARNING] 'chk_vobres_n_buy.py' 2026-06-02 12:00:03,430 :  Not found in last_ohlc.txt 005070 코스모신소재
[INFO] 'chk_vobres_n_buy.py' 2026-06-02 12:00:03,430 : 하향추세 005490 POSCO홀딩스 < 5MA 10MA
[INFO] 'chk_vobres_n_buy.py' 2026-06-02 12:00:03,431 : 하향추세 006400 삼성SDI < 5MA 10MA
[INFO] 'chk_vobres_n_buy.py' 2026-06-02 12:00:03,431 : 하향추세 012450 한화에어로스페이스 < 5MA 10MA
[INFO] 'chk_vobres_n_buy.py' 2026-06-02 12:00:03,431 : 하향추세 042700 한미반도체 < 5MA 10MA
[INFO] 'chk_vobres_n_buy.py' 2026-06-02 12:00:03,431 : 하향추세 047810 한국항공우주 < 5MA 10MA
[INFO] 'chk_vobres_n_buy.py' 2026-06-02 12:00:03,432 : 하향추세 064350 현대로템 < 5MA 10MA
[INFO] 'chk_vobres_n_buy.py' 2026-06-02 12:00:03,432 : 하향추세 079550 LIG디펜스앤에어로스 < 5MA 10MA
[INFO] 'chk_vobres_n_buy.py' 2026-06-02 12:00:03,432 : 하향추세 086520 에코프로 < 5MA 10MA
[INFO] 'chk_vobres_n_buy.py' 2026-06-02 12:00:03,432 : 하향추세 096770 SK이노베이션 < 5MA 10MA
[INFO] 'chk_vobres_n_buy.py' 2026-06-02 12:00:03,432 : 하향추세 247540 에코프로비엠 < 5MA 10MA
[INFO] 'chk_vobres_n_buy.py' 2026-06-02 12:00:03,432 : 하향추세 272210 한화시스템 < 5MA 10MA
[DEBUG] 'chk_vobres_n_buy.py' 2026-06-02 12:00:03,433 : 조건검색 종목 수18
[DEBUG] 'chk_vobres_n_buy.py' 2026-06-02 12:00:04,439 : 조건검색 종목 수3
[INFO] 'chk_vobres_n_buy.py' 2026-06-02 12:00:05,450 : 하향추세 003670 포스코퓨처엠 < 5MA 10MA
[WARNING] 'chk_vobres_n_buy.py' 2026-06-02 12:00:05,451 :  Not found in last_ohlc.txt 005070 코스모신소재
[INFO] 'chk_vobres_n_buy.py' 2026-06-02 12:00:05,451 : 하향추세 005490 POSCO홀딩스 < 5MA 10MA
[INFO] 'chk_vobres_n_buy.py' 2026-06-02 12:00:05,451 : 하향추세 006400 삼성SDI < 5MA 10MA
[INFO] 'chk_vobres_n_buy.py' 2026-06-02 12:00:05,452 : 하향추세 012450 한화에어로스페이스 < 5MA 10MA
[INFO] 'chk_vobres_n_buy.py' 2026-06-02 12:00:05,453 : 하향추세 042700 한미반도체 < 5MA 10MA
[INFO] 'chk_vobres_n_buy.py' 2026-06-02 12:00:05,454 : 하향추세 047810 한국항공우주 < 5MA 10MA
[INFO] 'chk_vobres_n_buy.py' 2026-06-02 12:00:05,454 : 하향추세 064350 현대로템 < 5MA 10MA
[INFO] 'chk_vobres_n_buy.py' 2026-06-02 12:00:05,454 : 하향추세 079550 LIG디펜스앤에어로스 < 5MA 10MA
[INFO] 'chk_vobres_n_buy.py' 2026-06-02 12:00:05,455 : 하향추세 086520 에코프로 < 5MA 10MA
[INFO] 'chk_vobres_n_buy.py' 2026-06-02 12:00:05,455 : 하향추세 096770 SK이노베이션 < 5MA 10MA
[INFO] 'chk_vobres_n_buy.py' 2026-06-02 12:00:05,456 : 하향추세 247540 에코프로비엠 < 5MA 10MA
[INFO] 'chk_vobres_n_buy.py' 2026-06-02 12:00:05,456 : 하향추세 272210 한화시스템 < 5MA 10MA
[DEBUG] 'chk_vobres_n_buy.py' 2026-06-02 12:00:05,456 : 조건검색 종목 수18
[DEBUG] 'chk_vobres_n_buy.py' 2026-06-02 12:00:06,471 : 조건검색 종목 수3
[INFO] 'chk_vobres_n_buy.py' 2026-06-02 12:00:07,489 : 하향추세 003670 포스코퓨처엠 < 5MA 10MA
[WARNING] 'chk_vobres_n_buy.py' 2026-06-02 12:00:07,490 :  Not found in last_ohlc.txt 005070 코스모신소재
[INFO] 'chk_vobres_n_buy.py' 2026-06-02 12:00:07,490 : 하향추세 005490 POSCO홀딩스 < 5MA 10MA
[INFO] 'chk_vobres_n_buy.py' 2026-06-02 12:00:07,491 : 하향추세 006400 삼성SDI < 5MA 10MA
[INFO] 'chk_vobres_n_buy.py' 2026-06-02 12:00:07,491 : 하향추세 012450 한화에어로스페이스 < 5MA 10MA
[INFO] 'chk_vobres_n_buy.py' 2026-06-02 12:00:07,491 : 하향추세 042700 한미반도체 < 5MA 10MA
[INFO] 'chk_vobres_n_buy.py' 2026-06-02 12:00:07,492 : 하향추세 047810 한국항공우주 < 5MA 10MA
[INFO] 'chk_vobres_n_buy.py' 2026-06-02 12:00:07,492 : 하향추세 064350 현대로템 < 5MA 10MA
[INFO] 'chk_vobres_n_buy.py' 2026-06-02 12:00:07,493 : 하향추세 079550 LIG디펜스앤에어로스 < 5MA 10MA
[INFO] 'chk_vobres_n_buy.py' 2026-06-02 12:00:07,493 : 하향추세 086520 에코프로 < 5MA 10MA
[INFO] 'chk_vobres_n_buy.py' 2026-06-02 12:00:07,493 : 하향추세 096770 SK이노베이션 < 5MA 10MA
[INFO] 'chk_vobres_n_buy.py' 2026-06-02 12:00:07,494 : 하향추세 247540 에코프로비엠 < 5MA 10MA
[INFO] 'chk_vobres_n_buy.py' 2026-06-02 12:00:07,494 : 하향추세 272210 한화시스템 < 5MA 10MA
[DEBUG] 'chk_vobres_n_buy.py' 2026-06-02 12:00:07,494 : 조건검색 종목 수18
[DEBUG] 'chk_vobres_n_buy.py' 2026-06-02 12:00:08,501 : 조건검색 종목 수4
[INFO] 'chk_vobres_n_buy.py' 2026-06-02 12:00:09,510 : 하향추세 003670 포스코퓨처엠 < 5MA 10MA
[WARNING] 'chk_vobres_n_buy.py' 2026-06-02 12:00:09,510 :  Not found in last_ohlc.txt 005070 코스모신소재
[INFO] 'chk_vobres_n_buy.py' 2026-06-02 12:00:09,511 : 하향추세 005490 POSCO홀딩스 < 5MA 10MA
[INFO] 'chk_vobres_n_buy.py' 2026-06-02 12:00:09,511 : 하향추세 006400 삼성SDI < 5MA 10MA
[INFO] 'chk_vobres_n_buy.py' 2026-06-02 12:00:09,511 : 하향추세 012450 한화에어로스페이스 < 5MA 10MA
[INFO] 'chk_vobres_n_buy.py' 2026-06-02 12:00:09,511 : 하향추세 042700 한미반도체 < 5MA 10MA
[INFO] 'chk_vobres_n_buy.py' 2026-06-02 12:00:09,512 : 하향추세 047810 한국항공우주 < 5MA 10MA
[INFO] 'chk_vobres_n_buy.py' 2026-06-02 12:00:09,512 : 하향추세 064350 현대로템 < 5MA 10MA
[INFO] 'chk_vobres_n_buy.py' 2026-06-02 12:00:09,512 : 하향추세 079550 LIG디펜스앤에어로스 < 5MA 10MA
[INFO] 'chk_vobres_n_buy.py' 2026-06-02 12:00:09,513 : 하향추세 086520 에코프로 < 5MA 10MA
[INFO] 'chk_vobres_n_buy.py' 2026-06-02 12:00:09,513 : 하향추세 096770 SK이노베이션 < 5MA 10MA
[INFO] 'chk_vobres_n_buy.py' 2026-06-02 12:00:09,513 : 하향추세 247540 에코프로비엠 < 5MA 10MA
[INFO] 'chk_vobres_n_buy.py' 2026-06-02 12:00:09,513 : 하향추세 272210 한화시스템 < 5MA 10MA
[DEBUG] 'chk_vobres_n_buy.py' 2026-06-02 12:00:09,513 : 조건검색 종목 수18
[DEBUG] 'chk_vobres_n_buy.py' 2026-06-02 12:00:10,518 : 조건검색 종목 수4
[INFO] 'chk_vobres_n_buy.py' 2026-06-02 12:00:11,522 : 하향추세 003670 포스코퓨처엠 < 5MA 10MA
[WARNING] 'chk_vobres_n_buy.py' 2026-06-02 12:00:11,523 :  Not found in last_ohlc.txt 005070 코스모신소재
[INFO] 'chk_vobres_n_buy.py' 2026-06-02 12:00:11,523 : 하향추세 005490 POSCO홀딩스 < 5MA 10MA
[INFO] 'chk_vobres_n_buy.py' 2026-06-02 12:00:11,523 : 하향추세 006400 삼성SDI < 5MA 10MA
[INFO] 'chk_vobres_n_buy.py' 2026-06-02 12:00:11,523 : 하향추세 012450 한화에어로스페이스 < 5MA 10MA
[INFO] 'chk_vobres_n_buy.py' 2026-06-02 12:00:11,523 : 하향추세 042700 한미반도체 < 5MA 10MA
[INFO] 'chk_vobres_n_buy.py' 2026-06-02 12:00:11,524 : 하향추세 047810 한국항공우주 < 5MA 10MA
[INFO] 'chk_vobres_n_buy.py' 2026-06-02 12:00:11,525 : 하향추세 064350 현대로템 < 5MA 10MA
[INFO] 'chk_vobres_n_buy.py' 2026-06-02 12:00:11,525 : 하향추세 079550 LIG디펜스앤에어로스 < 5MA 10MA
[INFO] 'chk_vobres_n_buy.py' 2026-06-02 12:00:11,525 : 하향추세 086520 에코프로 < 5MA 10MA
[INFO] 'chk_vobres_n_buy.py' 2026-06-02 12:00:11,527 : 하향추세 096770 SK이노베이션 < 5MA 10MA
[INFO] 'chk_vobres_n_buy.py' 2026-06-02 12:00:11,527 : 하향추세 247540 에코프로비엠 < 5MA 10MA
[INFO] 'chk_vobres_n_buy.py' 2026-06-02 12:00:11,528 : 하향추세 272210 한화시스템 < 5MA 10MA
[DEBUG] 'chk_vobres_n_buy.py' 2026-06-02 12:00:11,528 : 조건검색 종목 수18
[DEBUG] 'chk_vobres_n_buy.py' 2026-06-02 12:00:12,532 : 조건검색 종목 수3
[INFO] 'chk_vobres_n_buy.py' 2026-06-02 12:00:13,549 : 하향추세 003670 포스코퓨처엠 < 5MA 10MA
[WARNING] 'chk_vobres_n_buy.py' 2026-06-02 12:00:13,550 :  Not found in last_ohlc.txt 005070 코스모신소재
[INFO] 'chk_vobres_n_buy.py' 2026-06-02 12:00:13,550 : 하향추세 005490 POSCO홀딩스 < 5MA 10MA
[INFO] 'chk_vobres_n_buy.py' 2026-06-02 12:00:13,550 : 하향추세 006400 삼성SDI < 5MA 10MA
[INFO] 'chk_vobres_n_buy.py' 2026-06-02 12:00:13,551 : 하향추세 012450 한화에어로스페이스 < 5MA 10MA
[INFO] 'chk_vobres_n_buy.py' 2026-06-02 12:00:13,551 : 하향추세 042700 한미반도체 < 5MA 10MA
[INFO] 'chk_vobres_n_buy.py' 2026-06-02 12:00:13,551 : 하향추세 047810 한국항공우주 < 5MA 10MA
[INFO] 'chk_vobres_n_buy.py' 2026-06-02 12:00:13,552 : 하향추세 064350 현대로템 < 5MA 10MA
[INFO] 'chk_vobres_n_buy.py' 2026-06-02 12:00:13,552 : 하향추세 079550 LIG디펜스앤에어로스 < 5MA 10MA
[INFO] 'chk_vobres_n_buy.py' 2026-06-02 12:00:13,553 : 하향추세 086520 에코프로 < 5MA 10MA
[INFO] 'chk_vobres_n_buy.py' 2026-06-02 12:00:13,553 : 하향추세 096770 SK이노베이션 < 5MA 10MA
[INFO] 'chk_vobres_n_buy.py' 2026-06-02 12:00:13,553 : 하향추세 247540 에코프로비엠 < 5MA 10MA
[INFO] 'chk_vobres_n_buy.py' 2026-06-02 12:00:13,553 : 하향추세 272210 한화시스템 < 5MA 10MA
[DEBUG] 'chk_vobres_n_buy.py' 2026-06-02 12:00:13,554 : 조건검색 종목 수18
[DEBUG] 'chk_vobres_n_buy.py' 2026-06-02 12:00:14,563 : 조건검색 종목 수3
[INFO] 'chk_vobres_n_buy.py' 2026-06-02 12:00:15,576 : 하향추세 003670 포스코퓨처엠 < 5MA 10MA
[WARNING] 'chk_vobres_n_buy.py' 2026-06-02 12:00:15,577 :  Not found in last_ohlc.txt 005070 코스모신소재
[INFO] 'chk_vobres_n_buy.py' 2026-06-02 12:00:15,577 : 하향추세 005490 POSCO홀딩스 < 5MA 10MA
[INFO] 'chk_vobres_n_buy.py' 2026-06-02 12:00:15,578 : 하향추세 006400 삼성SDI < 5MA 10MA
[INFO] 'chk_vobres_n_buy.py' 2026-06-02 12:00:15,578 : 하향추세 012450 한화에어로스페이스 < 5MA 10MA
[INFO] 'chk_vobres_n_buy.py' 2026-06-02 12:00:15,578 : 하향추세 042700 한미반도체 < 5MA 10MA
[INFO] 'chk_vobres_n_buy.py' 2026-06-02 12:00:15,579 : 하향추세 047810 한국항공우주 < 5MA 10MA
[INFO] 'chk_vobres_n_buy.py' 2026-06-02 12:00:15,579 : 하향추세 064350 현대로템 < 5MA 10MA
[INFO] 'chk_vobres_n_buy.py' 2026-06-02 12:00:15,579 : 하향추세 079550 LIG디펜스앤에어로스 < 5MA 10MA
[INFO] 'chk_vobres_n_buy.py' 2026-06-02 12:00:15,580 : 하향추세 086520 에코프로 < 5MA 10MA
[INFO] 'chk_vobres_n_buy.py' 2026-06-02 12:00:15,580 : 하향추세 096770 SK이노베이션 < 5MA 10MA
[INFO] 'chk_vobres_n_buy.py' 2026-06-02 12:00:15,580 : 하향추세 247540 에코프로비엠 < 5MA 10MA
[INFO] 'chk_vobres_n_buy.py' 2026-06-02 12:00:15,580 : 하향추세 272210 한화시스템 < 5MA 10MA
[DEBUG] 'chk_vobres_n_buy.py' 2026-06-02 12:00:15,581 : 조건검색 종목 수18
[DEBUG] 'chk_vobres_n_buy.py' 2026-06-02 12:00:16,592 : 조건검색 종목 수3
[INFO] 'chk_vobres_n_buy.py' 2026-06-02 12:00:17,608 : 하향추세 003670 포스코퓨처엠 < 5MA 10MA
[WARNING] 'chk_vobres_n_buy.py' 2026-06-02 12:00:17,609 :  Not found in last_ohlc.txt 005070 코스모신소재
[INFO] 'chk_vobres_n_buy.py' 2026-06-02 12:00:17,609 : 하향추세 005490 POSCO홀딩스 < 5MA 10MA
[INFO] 'chk_vobres_n_buy.py' 2026-06-02 12:00:17,609 : 하향추세 006400 삼성SDI < 5MA 10MA
[INFO] 'chk_vobres_n_buy.py' 2026-06-02 12:00:17,610 : 하향추세 012450 한화에어로스페이스 < 5MA 10MA
[INFO] 'chk_vobres_n_buy.py' 2026-06-02 12:00:17,610 : 하향추세 042700 한미반도체 < 5MA 10MA
[INFO] 'chk_vobres_n_buy.py' 2026-06-02 12:00:17,610 : 하향추세 047810 한국항공우주 < 5MA 10MA
[INFO] 'chk_vobres_n_buy.py' 2026-06-02 12:00:17,611 : 하향추세 064350 현대로템 < 5MA 10MA
[INFO] 'chk_vobres_n_buy.py' 2026-06-02 12:00:17,611 : 하향추세 079550 LIG디펜스앤에어로스 < 5MA 10MA
[INFO] 'chk_vobres_n_buy.py' 2026-06-02 12:00:17,612 : 하향추세 086520 에코프로 < 5MA 10MA
[INFO] 'chk_vobres_n_buy.py' 2026-06-02 12:00:17,612 : 하향추세 096770 SK이노베이션 < 5MA 10MA
[INFO] 'chk_vobres_n_buy.py' 2026-06-02 12:00:17,612 : 하향추세 247540 에코프로비엠 < 5MA 10MA
[INFO] 'chk_vobres_n_buy.py' 2026-06-02 12:00:17,612 : 하향추세 272210 한화시스템 < 5MA 10MA
[DEBUG] 'chk_vobres_n_buy.py' 2026-06-02 12:00:17,613 : 조건검색 종목 수18
[DEBUG] 'chk_vobres_n_buy.py' 2026-06-02 12:00:18,625 : 조건검색 종목 수3
[INFO] 'chk_vobres_n_buy.py' 2026-06-02 12:00:19,632 : 하향추세 003670 포스코퓨처엠 < 5MA 10MA
[WARNING] 'chk_vobres_n_buy.py' 2026-06-02 12:00:19,633 :  Not found in last_ohlc.txt 005070 코스모신소재
[INFO] 'chk_vobres_n_buy.py' 2026-06-02 12:00:19,633 : 하향추세 005490 POSCO홀딩스 < 5MA 10MA
[INFO] 'chk_vobres_n_buy.py' 2026-06-02 12:00:19,634 : 하향추세 006400 삼성SDI < 5MA 10MA
[INFO] 'chk_vobres_n_buy.py' 2026-06-02 12:00:19,634 : 하향추세 012450 한화에어로스페이스 < 5MA 10MA
[INFO] 'chk_vobres_n_buy.py' 2026-06-02 12:00:19,634 : 하향추세 042700 한미반도체 < 5MA 10MA
[INFO] 'chk_vobres_n_buy.py' 2026-06-02 12:00:19,635 : 하향추세 047810 한국항공우주 < 5MA 10MA
[INFO] 'chk_vobres_n_buy.py' 2026-06-02 12:00:19,635 : 하향추세 064350 현대로템 < 5MA 10MA
[INFO] 'chk_vobres_n_buy.py' 2026-06-02 12:00:19,636 : 하향추세 079550 LIG디펜스앤에어로스 < 5MA 10MA
[INFO] 'chk_vobres_n_buy.py' 2026-06-02 12:00:19,636 : 하향추세 086520 에코프로 < 5MA 10MA
[INFO] 'chk_vobres_n_buy.py' 2026-06-02 12:00:19,636 : 하향추세 096770 SK이노베이션 < 5MA 10MA
[INFO] 'chk_vobres_n_buy.py' 2026-06-02 12:00:19,636 : 하향추세 247540 에코프로비엠 < 5MA 10MA
[INFO] 'chk_vobres_n_buy.py' 2026-06-02 12:00:19,637 : 하향추세 272210 한화시스템 < 5MA 10MA
[DEBUG] 'chk_vobres_n_buy.py' 2026-06-02 12:00:19,637 : 조건검색 종목 수18
[DEBUG] 'chk_vobres_n_buy.py' 2026-06-02 12:00:20,652 : 조건검색 종목 수4
[INFO] 'chk_vobres_n_buy.py' 2026-06-02 12:00:21,671 : 하향추세 003670 포스코퓨처엠 < 5MA 10MA
[WARNING] 'chk_vobres_n_buy.py' 2026-06-02 12:00:21,672 :  Not found in last_ohlc.txt 005070 코스모신소재
[INFO] 'chk_vobres_n_buy.py' 2026-06-02 12:00:21,672 : 하향추세 005490 POSCO홀딩스 < 5MA 10MA
[INFO] 'chk_vobres_n_buy.py' 2026-06-02 12:00:21,672 : 하향추세 006400 삼성SDI < 5MA 10MA
[INFO] 'chk_vobres_n_buy.py' 2026-06-02 12:00:21,673 : 하향추세 012450 한화에어로스페이스 < 5MA 10MA
[INFO] 'chk_vobres_n_buy.py' 2026-06-02 12:00:21,673 : 하향추세 042700 한미반도체 < 5MA 10MA
[INFO] 'chk_vobres_n_buy.py' 2026-06-02 12:00:21,673 : 하향추세 047810 한국항공우주 < 5MA 10MA
[INFO] 'chk_vobres_n_buy.py' 2026-06-02 12:00:21,674 : 하향추세 064350 현대로템 < 5MA 10MA
[INFO] 'chk_vobres_n_buy.py' 2026-06-02 12:00:21,674 : 하향추세 079550 LIG디펜스앤에어로스 < 5MA 10MA
[INFO] 'chk_vobres_n_buy.py' 2026-06-02 12:00:21,674 : 하향추세 086520 에코프로 < 5MA 10MA
[INFO] 'chk_vobres_n_buy.py' 2026-06-02 12:00:21,675 : 하향추세 096770 SK이노베이션 < 5MA 10MA
[INFO] 'chk_vobres_n_buy.py' 2026-06-02 12:00:21,675 : 하향추세 247540 에코프로비엠 < 5MA 10MA
[INFO] 'chk_vobres_n_buy.py' 2026-06-02 12:00:21,675 : 하향추세 272210 한화시스템 < 5MA 10MA
[DEBUG] 'chk_vobres_n_buy.py' 2026-06-02 12:00:21,676 : 조건검색 종목 수18
[DEBUG] 'chk_vobres_n_buy.py' 2026-06-02 12:00:22,693 : 조건검색 종목 수3
[INFO] 'chk_vobres_n_buy.py' 2026-06-02 12:00:23,713 : 하향추세 003670 포스코퓨처엠 < 5MA 10MA
[WARNING] 'chk_vobres_n_buy.py' 2026-06-02 12:00:23,714 :  Not found in last_ohlc.txt 005070 코스모신소재
[INFO] 'chk_vobres_n_buy.py' 2026-06-02 12:00:23,715 : 하향추세 005490 POSCO홀딩스 < 5MA 10MA
[INFO] 'chk_vobres_n_buy.py' 2026-06-02 12:00:23,715 : 하향추세 006400 삼성SDI < 5MA 10MA
[INFO] 'chk_vobres_n_buy.py' 2026-06-02 12:00:23,715 : 하향추세 012450 한화에어로스페이스 < 5MA 10MA
[INFO] 'chk_vobres_n_buy.py' 2026-06-02 12:00:23,716 : 하향추세 042700 한미반도체 < 5MA 10MA
[INFO] 'chk_vobres_n_buy.py' 2026-06-02 12:00:23,716 : 하향추세 047810 한국항공우주 < 5MA 10MA
[INFO] 'chk_vobres_n_buy.py' 2026-06-02 12:00:23,716 : 하향추세 064350 현대로템 < 5MA 10MA
[INFO] 'chk_vobres_n_buy.py' 2026-06-02 12:00:23,717 : 하향추세 079550 LIG디펜스앤에어로스 < 5MA 10MA
[INFO] 'chk_vobres_n_buy.py' 2026-06-02 12:00:23,717 : 하향추세 086520 에코프로 < 5MA 10MA
[INFO] 'chk_vobres_n_buy.py' 2026-06-02 12:00:23,717 : 하향추세 096770 SK이노베이션 < 5MA 10MA
[INFO] 'chk_vobres_n_buy.py' 2026-06-02 12:00:23,718 : 하향추세 247540 에코프로비엠 < 5MA 10MA
[INFO] 'chk_vobres_n_buy.py' 2026-06-02 12:00:23,718 : 하향추세 272210 한화시스템 < 5MA 10MA
[DEBUG] 'chk_vobres_n_buy.py' 2026-06-02 12:00:23,718 : 조건검색 종목 수18
[DEBUG] 'chk_vobres_n_buy.py' 2026-06-02 12:00:24,735 : 조건검색 종목 수4
[INFO] 'chk_vobres_n_buy.py' 2026-06-02 12:00:25,740 : 하향추세 003670 포스코퓨처엠 < 5MA 10MA
[WARNING] 'chk_vobres_n_buy.py' 2026-06-02 12:00:25,741 :  Not found in last_ohlc.txt 005070 코스모신소재
[INFO] 'chk_vobres_n_buy.py' 2026-06-02 12:00:25,741 : 하향추세 005490 POSCO홀딩스 < 5MA 10MA
[INFO] 'chk_vobres_n_buy.py' 2026-06-02 12:00:25,742 : 하향추세 006400 삼성SDI < 5MA 10MA
[INFO] 'chk_vobres_n_buy.py' 2026-06-02 12:00:25,742 : 하향추세 012450 한화에어로스페이스 < 5MA 10MA
[INFO] 'chk_vobres_n_buy.py' 2026-06-02 12:00:25,742 : 하향추세 042700 한미반도체 < 5MA 10MA
[INFO] 'chk_vobres_n_buy.py' 2026-06-02 12:00:25,743 : 하향추세 047810 한국항공우주 < 5MA 10MA
[INFO] 'chk_vobres_n_buy.py' 2026-06-02 12:00:25,743 : 하향추세 064350 현대로템 < 5MA 10MA
[INFO] 'chk_vobres_n_buy.py' 2026-06-02 12:00:25,743 : 하향추세 079550 LIG디펜스앤에어로스 < 5MA 10MA
[INFO] 'chk_vobres_n_buy.py' 2026-06-02 12:00:25,744 : 하향추세 086520 에코프로 < 5MA 10MA
[INFO] 'chk_vobres_n_buy.py' 2026-06-02 12:00:25,744 : 하향추세 096770 SK이노베이션 < 5MA 10MA
[INFO] 'chk_vobres_n_buy.py' 2026-06-02 12:00:25,744 : 하향추세 247540 에코프로비엠 < 5MA 10MA
[INFO] 'chk_vobres_n_buy.py' 2026-06-02 12:00:25,745 : 하향추세 272210 한화시스템 < 5MA 10MA
[DEBUG] 'chk_vobres_n_buy.py' 2026-06-02 12:00:25,745 : 조건검색 종목 수18
[DEBUG] 'chk_vobres_n_buy.py' 2026-06-02 12:00:26,748 : 조건검색 종목 수4
[INFO] 'chk_vobres_n_buy.py' 2026-06-02 12:00:27,752 : 하향추세 003670 포스코퓨처엠 < 5MA 10MA
[WARNING] 'chk_vobres_n_buy.py' 2026-06-02 12:00:27,752 :  Not found in last_ohlc.txt 005070 코스모신소재
[INFO] 'chk_vobres_n_buy.py' 2026-06-02 12:00:27,753 : 하향추세 005490 POSCO홀딩스 < 5MA 10MA
[INFO] 'chk_vobres_n_buy.py' 2026-06-02 12:00:27,753 : 하향추세 006400 삼성SDI < 5MA 10MA
[INFO] 'chk_vobres_n_buy.py' 2026-06-02 12:00:27,754 : 하향추세 012450 한화에어로스페이스 < 5MA 10MA
[INFO] 'chk_vobres_n_buy.py' 2026-06-02 12:00:27,754 : 하향추세 042700 한미반도체 < 5MA 10MA
[INFO] 'chk_vobres_n_buy.py' 2026-06-02 12:00:27,754 : 하향추세 047810 한국항공우주 < 5MA 10MA
[INFO] 'chk_vobres_n_buy.py' 2026-06-02 12:00:27,755 : 하향추세 064350 현대로템 < 5MA 10MA
[INFO] 'chk_vobres_n_buy.py' 2026-06-02 12:00:27,755 : 하향추세 079550 LIG디펜스앤에어로스 < 5MA 10MA
[INFO] 'chk_vobres_n_buy.py' 2026-06-02 12:00:27,755 : 하향추세 086520 에코프로 < 5MA 10MA
[INFO] 'chk_vobres_n_buy.py' 2026-06-02 12:00:27,756 : 하향추세 096770 SK이노베이션 < 5MA 10MA
[INFO] 'chk_vobres_n_buy.py' 2026-06-02 12:00:27,756 : 하향추세 247540 에코프로비엠 < 5MA 10MA
[INFO] 'chk_vobres_n_buy.py' 2026-06-02 12:00:27,756 : 하향추세 272210 한화시스템 < 5MA 10MA
[DEBUG] 'chk_vobres_n_buy.py' 2026-06-02 12:00:27,757 : 조건검색 종목 수18
[DEBUG] 'chk_vobres_n_buy.py' 2026-06-02 12:00:28,768 : 조건검색 종목 수3
[INFO] 'chk_vobres_n_buy.py' 2026-06-02 12:00:29,772 : 하향추세 003670 포스코퓨처엠 < 5MA 10MA
[WARNING] 'chk_vobres_n_buy.py' 2026-06-02 12:00:29,773 :  Not found in last_ohlc.txt 005070 코스모신소재
[INFO] 'chk_vobres_n_buy.py' 2026-06-02 12:00:29,773 : 하향추세 005490 POSCO홀딩스 < 5MA 10MA
[INFO] 'chk_vobres_n_buy.py' 2026-06-02 12:00:29,773 : 하향추세 006400 삼성SDI < 5MA 10MA
[INFO] 'chk_vobres_n_buy.py' 2026-06-02 12:00:29,774 : 하향추세 012450 한화에어로스페이스 < 5MA 10MA
[INFO] 'chk_vobres_n_buy.py' 2026-06-02 12:00:29,774 : 하향추세 042700 한미반도체 < 5MA 10MA
[INFO] 'chk_vobres_n_buy.py' 2026-06-02 12:00:29,774 : 하향추세 047810 한국항공우주 < 5MA 10MA
[INFO] 'chk_vobres_n_buy.py' 2026-06-02 12:00:29,775 : 하향추세 064350 현대로템 < 5MA 10MA
[INFO] 'chk_vobres_n_buy.py' 2026-06-02 12:00:29,775 : 하향추세 079550 LIG디펜스앤에어로스 < 5MA 10MA
[INFO] 'chk_vobres_n_buy.py' 2026-06-02 12:00:29,775 : 하향추세 086520 에코프로 < 5MA 10MA
[INFO] 'chk_vobres_n_buy.py' 2026-06-02 12:00:29,776 : 하향추세 096770 SK이노베이션 < 5MA 10MA
[INFO] 'chk_vobres_n_buy.py' 2026-06-02 12:00:29,776 : 하향추세 247540 에코프로비엠 < 5MA 10MA
[INFO] 'chk_vobres_n_buy.py' 2026-06-02 12:00:29,776 : 하향추세 272210 한화시스템 < 5MA 10MA
[DEBUG] 'chk_vobres_n_buy.py' 2026-06-02 12:00:29,777 : 조건검색 종목 수18
[DEBUG] 'chk_vobres_n_buy.py' 2026-06-02 12:00:30,784 : 조건검색 종목 수4
[INFO] 'chk_vobres_n_buy.py' 2026-06-02 12:00:31,788 : 하향추세 003670 포스코퓨처엠 < 5MA 10MA
[WARNING] 'chk_vobres_n_buy.py' 2026-06-02 12:00:31,789 :  Not found in last_ohlc.txt 005070 코스모신소재
[INFO] 'chk_vobres_n_buy.py' 2026-06-02 12:00:31,789 : 하향추세 005490 POSCO홀딩스 < 5MA 10MA
[INFO] 'chk_vobres_n_buy.py' 2026-06-02 12:00:31,789 : 하향추세 006400 삼성SDI < 5MA 10MA
[INFO] 'chk_vobres_n_buy.py' 2026-06-02 12:00:31,790 : 하향추세 012450 한화에어로스페이스 < 5MA 10MA
[INFO] 'chk_vobres_n_buy.py' 2026-06-02 12:00:31,790 : 하향추세 042700 한미반도체 < 5MA 10MA
[INFO] 'chk_vobres_n_buy.py' 2026-06-02 12:00:31,790 : 하향추세 047810 한국항공우주 < 5MA 10MA
[INFO] 'chk_vobres_n_buy.py' 2026-06-02 12:00:31,791 : 하향추세 064350 현대로템 < 5MA 10MA
[INFO] 'chk_vobres_n_buy.py' 2026-06-02 12:00:31,791 : 하향추세 079550 LIG디펜스앤에어로스 < 5MA 10MA
[INFO] 'chk_vobres_n_buy.py' 2026-06-02 12:00:31,791 : 하향추세 086520 에코프로 < 5MA 10MA
[INFO] 'chk_vobres_n_buy.py' 2026-06-02 12:00:31,792 : 하향추세 096770 SK이노베이션 < 5MA 10MA
[INFO] 'chk_vobres_n_buy.py' 2026-06-02 12:00:31,792 : 하향추세 247540 에코프로비엠 < 5MA 10MA
[INFO] 'chk_vobres_n_buy.py' 2026-06-02 12:00:31,792 : 하향추세 272210 한화시스템 < 5MA 10MA
[DEBUG] 'chk_vobres_n_buy.py' 2026-06-02 12:00:31,792 : 조건검색 종목 수18
[DEBUG] 'chk_vobres_n_buy.py' 2026-06-02 12:00:32,810 : 조건검색 종목 수3
[INFO] 'chk_vobres_n_buy.py' 2026-06-02 12:00:33,816 : 하향추세 003670 포스코퓨처엠 < 5MA 10MA
[WARNING] 'chk_vobres_n_buy.py' 2026-06-02 12:00:33,816 :  Not found in last_ohlc.txt 005070 코스모신소재
[INFO] 'chk_vobres_n_buy.py' 2026-06-02 12:00:33,817 : 하향추세 005490 POSCO홀딩스 < 5MA 10MA
[INFO] 'chk_vobres_n_buy.py' 2026-06-02 12:00:33,817 : 하향추세 006400 삼성SDI < 5MA 10MA
[INFO] 'chk_vobres_n_buy.py' 2026-06-02 12:00:33,818 : 하향추세 012450 한화에어로스페이스 < 5MA 10MA
[INFO] 'chk_vobres_n_buy.py' 2026-06-02 12:00:33,818 : 하향추세 042700 한미반도체 < 5MA 10MA
[INFO] 'chk_vobres_n_buy.py' 2026-06-02 12:00:33,818 : 하향추세 047810 한국항공우주 < 5MA 10MA
[INFO] 'chk_vobres_n_buy.py' 2026-06-02 12:00:33,819 : 하향추세 064350 현대로템 < 5MA 10MA
[INFO] 'chk_vobres_n_buy.py' 2026-06-02 12:00:33,819 : 하향추세 079550 LIG디펜스앤에어로스 < 5MA 10MA
[INFO] 'chk_vobres_n_buy.py' 2026-06-02 12:00:33,819 : 하향추세 086520 에코프로 < 5MA 10MA
[INFO] 'chk_vobres_n_buy.py' 2026-06-02 12:00:33,820 : 하향추세 096770 SK이노베이션 < 5MA 10MA
[INFO] 'chk_vobres_n_buy.py' 2026-06-02 12:00:33,820 : 하향추세 247540 에코프로비엠 < 5MA 10MA
[INFO] 'chk_vobres_n_buy.py' 2026-06-02 12:00:33,820 : 하향추세 272210 한화시스템 < 5MA 10MA
[DEBUG] 'chk_vobres_n_buy.py' 2026-06-02 12:00:33,821 : 조건검색 종목 수18
[DEBUG] 'chk_vobres_n_buy.py' 2026-06-02 12:00:34,838 : 조건검색 종목 수4
[INFO] 'chk_vobres_n_buy.py' 2026-06-02 12:00:35,847 : 하향추세 003670 포스코퓨처엠 < 5MA 10MA
[WARNING] 'chk_vobres_n_buy.py' 2026-06-02 12:00:35,848 :  Not found in last_ohlc.txt 005070 코스모신소재
[INFO] 'chk_vobres_n_buy.py' 2026-06-02 12:00:35,849 : 하향추세 005490 POSCO홀딩스 < 5MA 10MA
[INFO] 'chk_vobres_n_buy.py' 2026-06-02 12:00:35,849 : 하향추세 006400 삼성SDI < 5MA 10MA
[INFO] 'chk_vobres_n_buy.py' 2026-06-02 12:00:35,850 : 하향추세 012450 한화에어로스페이스 < 5MA 10MA
[INFO] 'chk_vobres_n_buy.py' 2026-06-02 12:00:35,850 : 하향추세 042700 한미반도체 < 5MA 10MA
[INFO] 'chk_vobres_n_buy.py' 2026-06-02 12:00:35,850 : 하향추세 047810 한국항공우주 < 5MA 10MA
[INFO] 'chk_vobres_n_buy.py' 2026-06-02 12:00:35,851 : 하향추세 064350 현대로템 < 5MA 10MA
[INFO] 'chk_vobres_n_buy.py' 2026-06-02 12:00:35,851 : 하향추세 079550 LIG디펜스앤에어로스 < 5MA 10MA
[INFO] 'chk_vobres_n_buy.py' 2026-06-02 12:00:35,851 : 하향추세 086520 에코프로 < 5MA 10MA
[INFO] 'chk_vobres_n_buy.py' 2026-06-02 12:00:35,852 : 하향추세 096770 SK이노베이션 < 5MA 10MA
[INFO] 'chk_vobres_n_buy.py' 2026-06-02 12:00:35,852 : 하향추세 247540 에코프로비엠 < 5MA 10MA
[INFO] 'chk_vobres_n_buy.py' 2026-06-02 12:00:35,852 : 하향추세 272210 한화시스템 < 5MA 10MA
[DEBUG] 'chk_vobres_n_buy.py' 2026-06-02 12:00:35,852 : 조건검색 종목 수18
[DEBUG] 'chk_vobres_n_buy.py' 2026-06-02 12:00:36,867 : 조건검색 종목 수3
[INFO] 'chk_vobres_n_buy.py' 2026-06-02 12:00:37,884 : 하향추세 003670 포스코퓨처엠 < 5MA 10MA
[WARNING] 'chk_vobres_n_buy.py' 2026-06-02 12:00:37,884 :  Not found in last_ohlc.txt 005070 코스모신소재
[INFO] 'chk_vobres_n_buy.py' 2026-06-02 12:00:37,885 : 하향추세 005490 POSCO홀딩스 < 5MA 10MA
[INFO] 'chk_vobres_n_buy.py' 2026-06-02 12:00:37,885 : 하향추세 006400 삼성SDI < 5MA 10MA
[INFO] 'chk_vobres_n_buy.py' 2026-06-02 12:00:37,886 : 하향추세 012450 한화에어로스페이스 < 5MA 10MA
[INFO] 'chk_vobres_n_buy.py' 2026-06-02 12:00:37,886 : 하향추세 042700 한미반도체 < 5MA 10MA
[INFO] 'chk_vobres_n_buy.py' 2026-06-02 12:00:37,886 : 하향추세 047810 한국항공우주 < 5MA 10MA
[INFO] 'chk_vobres_n_buy.py' 2026-06-02 12:00:37,887 : 하향추세 064350 현대로템 < 5MA 10MA
[INFO] 'chk_vobres_n_buy.py' 2026-06-02 12:00:37,887 : 하향추세 079550 LIG디펜스앤에어로스 < 5MA 10MA
[INFO] 'chk_vobres_n_buy.py' 2026-06-02 12:00:37,887 : 하향추세 086520 에코프로 < 5MA 10MA
[INFO] 'chk_vobres_n_buy.py' 2026-06-02 12:00:37,888 : 하향추세 096770 SK이노베이션 < 5MA 10MA
[INFO] 'chk_vobres_n_buy.py' 2026-06-02 12:00:37,888 : 하향추세 247540 에코프로비엠 < 5MA 10MA
[INFO] 'chk_vobres_n_buy.py' 2026-06-02 12:00:37,888 : 하향추세 272210 한화시스템 < 5MA 10MA
[DEBUG] 'chk_vobres_n_buy.py' 2026-06-02 12:00:37,888 : 조건검색 종목 수18
[DEBUG] 'chk_vobres_n_buy.py' 2026-06-02 12:00:38,893 : 조건검색 종목 수4
[INFO] 'chk_vobres_n_buy.py' 2026-06-02 12:00:39,911 : 하향추세 003670 포스코퓨처엠 < 5MA 10MA
[WARNING] 'chk_vobres_n_buy.py' 2026-06-02 12:00:39,911 :  Not found in last_ohlc.txt 005070 코스모신소재
[INFO] 'chk_vobres_n_buy.py' 2026-06-02 12:00:39,912 : 하향추세 005490 POSCO홀딩스 < 5MA 10MA
[INFO] 'chk_vobres_n_buy.py' 2026-06-02 12:00:39,912 : 하향추세 006400 삼성SDI < 5MA 10MA
[INFO] 'chk_vobres_n_buy.py' 2026-06-02 12:00:39,913 : 하향추세 012450 한화에어로스페이스 < 5MA 10MA
[INFO] 'chk_vobres_n_buy.py' 2026-06-02 12:00:39,913 : 하향추세 042700 한미반도체 < 5MA 10MA
[INFO] 'chk_vobres_n_buy.py' 2026-06-02 12:00:39,913 : 하향추세 047810 한국항공우주 < 5MA 10MA
[INFO] 'chk_vobres_n_buy.py' 2026-06-02 12:00:39,914 : 하향추세 064350 현대로템 < 5MA 10MA
[INFO] 'chk_vobres_n_buy.py' 2026-06-02 12:00:39,914 : 하향추세 079550 LIG디펜스앤에어로스 < 5MA 10MA
[INFO] 'chk_vobres_n_buy.py' 2026-06-02 12:00:39,914 : 하향추세 086520 에코프로 < 5MA 10MA
[INFO] 'chk_vobres_n_buy.py' 2026-06-02 12:00:39,915 : 하향추세 096770 SK이노베이션 < 5MA 10MA
[INFO] 'chk_vobres_n_buy.py' 2026-06-02 12:00:39,915 : 하향추세 247540 에코프로비엠 < 5MA 10MA
[INFO] 'chk_vobres_n_buy.py' 2026-06-02 12:00:39,915 : 하향추세 272210 한화시스템 < 5MA 10MA
[DEBUG] 'chk_vobres_n_buy.py' 2026-06-02 12:00:39,916 : 조건검색 종목 수18
[DEBUG] 'chk_vobres_n_buy.py' 2026-06-02 12:00:40,926 : 조건검색 종목 수3
[INFO] 'chk_vobres_n_buy.py' 2026-06-02 12:00:41,934 : 하향추세 003670 포스코퓨처엠 < 5MA 10MA
[WARNING] 'chk_vobres_n_buy.py' 2026-06-02 12:00:41,935 :  Not found in last_ohlc.txt 005070 코스모신소재
[INFO] 'chk_vobres_n_buy.py' 2026-06-02 12:00:41,935 : 하향추세 005490 POSCO홀딩스 < 5MA 10MA
[INFO] 'chk_vobres_n_buy.py' 2026-06-02 12:00:41,935 : 하향추세 006400 삼성SDI < 5MA 10MA
[INFO] 'chk_vobres_n_buy.py' 2026-06-02 12:00:41,936 : 하향추세 012450 한화에어로스페이스 < 5MA 10MA
[INFO] 'chk_vobres_n_buy.py' 2026-06-02 12:00:41,936 : 하향추세 042700 한미반도체 < 5MA 10MA
[INFO] 'chk_vobres_n_buy.py' 2026-06-02 12:00:41,936 : 하향추세 047810 한국항공우주 < 5MA 10MA
[INFO] 'chk_vobres_n_buy.py' 2026-06-02 12:00:41,937 : 하향추세 064350 현대로템 < 5MA 10MA
[INFO] 'chk_vobres_n_buy.py' 2026-06-02 12:00:41,937 : 하향추세 079550 LIG디펜스앤에어로스 < 5MA 10MA
[INFO] 'chk_vobres_n_buy.py' 2026-06-02 12:00:41,937 : 하향추세 086520 에코프로 < 5MA 10MA
[INFO] 'chk_vobres_n_buy.py' 2026-06-02 12:00:41,938 : 하향추세 096770 SK이노베이션 < 5MA 10MA
[INFO] 'chk_vobres_n_buy.py' 2026-06-02 12:00:41,938 : 하향추세 247540 에코프로비엠 < 5MA 10MA
[INFO] 'chk_vobres_n_buy.py' 2026-06-02 12:00:41,938 : 하향추세 272210 한화시스템 < 5MA 10MA
[DEBUG] 'chk_vobres_n_buy.py' 2026-06-02 12:00:41,939 : 조건검색 종목 수18
[DEBUG] 'chk_vobres_n_buy.py' 2026-06-02 12:00:42,944 : 조건검색 종목 수3
[INFO] 'chk_vobres_n_buy.py' 2026-06-02 12:00:43,961 : 하향추세 003670 포스코퓨처엠 < 5MA 10MA
[WARNING] 'chk_vobres_n_buy.py' 2026-06-02 12:00:43,962 :  Not found in last_ohlc.txt 005070 코스모신소재
[INFO] 'chk_vobres_n_buy.py' 2026-06-02 12:00:43,962 : 하향추세 005490 POSCO홀딩스 < 5MA 10MA
[INFO] 'chk_vobres_n_buy.py' 2026-06-02 12:00:43,963 : 하향추세 006400 삼성SDI < 5MA 10MA
[INFO] 'chk_vobres_n_buy.py' 2026-06-02 12:00:43,963 : 하향추세 012450 한화에어로스페이스 < 5MA 10MA
[INFO] 'chk_vobres_n_buy.py' 2026-06-02 12:00:43,963 : 하향추세 042700 한미반도체 < 5MA 10MA
[INFO] 'chk_vobres_n_buy.py' 2026-06-02 12:00:43,964 : 하향추세 047810 한국항공우주 < 5MA 10MA
[INFO] 'chk_vobres_n_buy.py' 2026-06-02 12:00:43,964 : 하향추세 064350 현대로템 < 5MA 10MA
[INFO] 'chk_vobres_n_buy.py' 2026-06-02 12:00:43,965 : 하향추세 079550 LIG디펜스앤에어로스 < 5MA 10MA
[INFO] 'chk_vobres_n_buy.py' 2026-06-02 12:00:43,965 : 하향추세 086520 에코프로 < 5MA 10MA
[INFO] 'chk_vobres_n_buy.py' 2026-06-02 12:00:43,965 : 하향추세 096770 SK이노베이션 < 5MA 10MA
[INFO] 'chk_vobres_n_buy.py' 2026-06-02 12:00:43,966 : 하향추세 247540 에코프로비엠 < 5MA 10MA
[INFO] 'chk_vobres_n_buy.py' 2026-06-02 12:00:43,966 : 하향추세 272210 한화시스템 < 5MA 10MA
[DEBUG] 'chk_vobres_n_buy.py' 2026-06-02 12:00:43,966 : 조건검색 종목 수18
[DEBUG] 'chk_vobres_n_buy.py' 2026-06-02 12:00:44,984 : 조건검색 종목 수3
[INFO] 'chk_vobres_n_buy.py' 2026-06-02 12:00:45,994 : 하향추세 003670 포스코퓨처엠 < 5MA 10MA
[WARNING] 'chk_vobres_n_buy.py' 2026-06-02 12:00:45,995 :  Not found in last_ohlc.txt 005070 코스모신소재
[INFO] 'chk_vobres_n_buy.py' 2026-06-02 12:00:45,995 : 하향추세 005490 POSCO홀딩스 < 5MA 10MA
[INFO] 'chk_vobres_n_buy.py' 2026-06-02 12:00:45,996 : 하향추세 006400 삼성SDI < 5MA 10MA
[INFO] 'chk_vobres_n_buy.py' 2026-06-02 12:00:45,996 : 하향추세 012450 한화에어로스페이스 < 5MA 10MA
[INFO] 'chk_vobres_n_buy.py' 2026-06-02 12:00:45,996 : 하향추세 042700 한미반도체 < 5MA 10MA
[INFO] 'chk_vobres_n_buy.py' 2026-06-02 12:00:45,997 : 하향추세 047810 한국항공우주 < 5MA 10MA
[INFO] 'chk_vobres_n_buy.py' 2026-06-02 12:00:45,997 : 하향추세 064350 현대로템 < 5MA 10MA
[INFO] 'chk_vobres_n_buy.py' 2026-06-02 12:00:45,998 : 하향추세 079550 LIG디펜스앤에어로스 < 5MA 10MA
[INFO] 'chk_vobres_n_buy.py' 2026-06-02 12:00:45,998 : 하향추세 086520 에코프로 < 5MA 10MA
[INFO] 'chk_vobres_n_buy.py' 2026-06-02 12:00:45,998 : 하향추세 096770 SK이노베이션 < 5MA 10MA
[INFO] 'chk_vobres_n_buy.py' 2026-06-02 12:00:45,999 : 하향추세 247540 에코프로비엠 < 5MA 10MA
[INFO] 'chk_vobres_n_buy.py' 2026-06-02 12:00:45,999 : 하향추세 272210 한화시스템 < 5MA 10MA
[DEBUG] 'chk_vobres_n_buy.py' 2026-06-02 12:00:46,000 : 조건검색 종목 수18
[DEBUG] 'chk_vobres_n_buy.py' 2026-06-02 12:00:47,006 : 조건검색 종목 수3
[INFO] 'chk_vobres_n_buy.py' 2026-06-02 12:00:48,018 : 하향추세 003670 포스코퓨처엠 < 5MA 10MA
[WARNING] 'chk_vobres_n_buy.py' 2026-06-02 12:00:48,018 :  Not found in last_ohlc.txt 005070 코스모신소재
[INFO] 'chk_vobres_n_buy.py' 2026-06-02 12:00:48,019 : 하향추세 005490 POSCO홀딩스 < 5MA 10MA
[INFO] 'chk_vobres_n_buy.py' 2026-06-02 12:00:48,019 : 하향추세 006400 삼성SDI < 5MA 10MA
[INFO] 'chk_vobres_n_buy.py' 2026-06-02 12:00:48,019 : 하향추세 012450 한화에어로스페이스 < 5MA 10MA
[INFO] 'chk_vobres_n_buy.py' 2026-06-02 12:00:48,019 : 하향추세 042700 한미반도체 < 5MA 10MA
[INFO] 'chk_vobres_n_buy.py' 2026-06-02 12:00:48,020 : 하향추세 047810 한국항공우주 < 5MA 10MA
[INFO] 'chk_vobres_n_buy.py' 2026-06-02 12:00:48,020 : 하향추세 064350 현대로템 < 5MA 10MA
[INFO] 'chk_vobres_n_buy.py' 2026-06-02 12:00:48,020 : 하향추세 079550 LIG디펜스앤에어로스 < 5MA 10MA
[INFO] 'chk_vobres_n_buy.py' 2026-06-02 12:00:48,020 : 하향추세 086520 에코프로 < 5MA 10MA
[INFO] 'chk_vobres_n_buy.py' 2026-06-02 12:00:48,021 : 하향추세 096770 SK이노베이션 < 5MA 10MA
[INFO] 'chk_vobres_n_buy.py' 2026-06-02 12:00:48,021 : 하향추세 247540 에코프로비엠 < 5MA 10MA
[INFO] 'chk_vobres_n_buy.py' 2026-06-02 12:00:48,021 : 하향추세 272210 한화시스템 < 5MA 10MA
[DEBUG] 'chk_vobres_n_buy.py' 2026-06-02 12:00:48,021 : 조건검색 종목 수18
[DEBUG] 'chk_vobres_n_buy.py' 2026-06-02 12:00:49,034 : 조건검색 종목 수4
[INFO] 'chk_vobres_n_buy.py' 2026-06-02 12:00:50,052 : 하향추세 003670 포스코퓨처엠 < 5MA 10MA
[WARNING] 'chk_vobres_n_buy.py' 2026-06-02 12:00:50,052 :  Not found in last_ohlc.txt 005070 코스모신소재
[INFO] 'chk_vobres_n_buy.py' 2026-06-02 12:00:50,053 : 하향추세 005490 POSCO홀딩스 < 5MA 10MA
[INFO] 'chk_vobres_n_buy.py' 2026-06-02 12:00:50,053 : 하향추세 006400 삼성SDI < 5MA 10MA
[INFO] 'chk_vobres_n_buy.py' 2026-06-02 12:00:50,053 : 하향추세 012450 한화에어로스페이스 < 5MA 10MA
[INFO] 'chk_vobres_n_buy.py' 2026-06-02 12:00:50,053 : 하향추세 042700 한미반도체 < 5MA 10MA
[INFO] 'chk_vobres_n_buy.py' 2026-06-02 12:00:50,053 : 하향추세 047810 한국항공우주 < 5MA 10MA
[INFO] 'chk_vobres_n_buy.py' 2026-06-02 12:00:50,054 : 하향추세 064350 현대로템 < 5MA 10MA
[INFO] 'chk_vobres_n_buy.py' 2026-06-02 12:00:50,054 : 하향추세 079550 LIG디펜스앤에어로스 < 5MA 10MA
[INFO] 'chk_vobres_n_buy.py' 2026-06-02 12:00:50,054 : 하향추세 086520 에코프로 < 5MA 10MA
[INFO] 'chk_vobres_n_buy.py' 2026-06-02 12:00:50,054 : 하향추세 096770 SK이노베이션 < 5MA 10MA
[INFO] 'chk_vobres_n_buy.py' 2026-06-02 12:00:50,054 : 하향추세 247540 에코프로비엠 < 5MA 10MA
[INFO] 'chk_vobres_n_buy.py' 2026-06-02 12:00:50,054 : 하향추세 272210 한화시스템 < 5MA 10MA
[DEBUG] 'chk_vobres_n_buy.py' 2026-06-02 12:00:50,055 : 조건검색 종목 수18
[DEBUG] 'chk_vobres_n_buy.py' 2026-06-02 12:00:51,063 : 조건검색 종목 수3
[INFO] 'chk_vobres_n_buy.py' 2026-06-02 12:00:52,071 : 하향추세 003670 포스코퓨처엠 < 5MA 10MA
[WARNING] 'chk_vobres_n_buy.py' 2026-06-02 12:00:52,072 :  Not found in last_ohlc.txt 005070 코스모신소재
[INFO] 'chk_vobres_n_buy.py' 2026-06-02 12:00:52,072 : 하향추세 005490 POSCO홀딩스 < 5MA 10MA
[INFO] 'chk_vobres_n_buy.py' 2026-06-02 12:00:52,073 : 하향추세 006400 삼성SDI < 5MA 10MA
[INFO] 'chk_vobres_n_buy.py' 2026-06-02 12:00:52,073 : 하향추세 012450 한화에어로스페이스 < 5MA 10MA
[INFO] 'chk_vobres_n_buy.py' 2026-06-02 12:00:52,073 : 하향추세 042700 한미반도체 < 5MA 10MA
[INFO] 'chk_vobres_n_buy.py' 2026-06-02 12:00:52,074 : 하향추세 047810 한국항공우주 < 5MA 10MA
[INFO] 'chk_vobres_n_buy.py' 2026-06-02 12:00:52,074 : 하향추세 064350 현대로템 < 5MA 10MA
[INFO] 'chk_vobres_n_buy.py' 2026-06-02 12:00:52,074 : 하향추세 079550 LIG디펜스앤에어로스 < 5MA 10MA
[INFO] 'chk_vobres_n_buy.py' 2026-06-02 12:00:52,075 : 하향추세 086520 에코프로 < 5MA 10MA
[INFO] 'chk_vobres_n_buy.py' 2026-06-02 12:00:52,075 : 하향추세 096770 SK이노베이션 < 5MA 10MA
[INFO] 'chk_vobres_n_buy.py' 2026-06-02 12:00:52,075 : 하향추세 247540 에코프로비엠 < 5MA 10MA
[INFO] 'chk_vobres_n_buy.py' 2026-06-02 12:00:52,076 : 하향추세 272210 한화시스템 < 5MA 10MA
[DEBUG] 'chk_vobres_n_buy.py' 2026-06-02 12:00:52,076 : 조건검색 종목 수18
[DEBUG] 'chk_vobres_n_buy.py' 2026-06-02 12:00:53,080 : 조건검색 종목 수3
[INFO] 'chk_vobres_n_buy.py' 2026-06-02 12:00:54,097 : 하향추세 003670 포스코퓨처엠 < 5MA 10MA
[WARNING] 'chk_vobres_n_buy.py' 2026-06-02 12:00:54,098 :  Not found in last_ohlc.txt 005070 코스모신소재
[INFO] 'chk_vobres_n_buy.py' 2026-06-02 12:00:54,098 : 하향추세 005490 POSCO홀딩스 < 5MA 10MA
[INFO] 'chk_vobres_n_buy.py' 2026-06-02 12:00:54,099 : 하향추세 006400 삼성SDI < 5MA 10MA
[INFO] 'chk_vobres_n_buy.py' 2026-06-02 12:00:54,099 : 하향추세 012450 한화에어로스페이스 < 5MA 10MA
[INFO] 'chk_vobres_n_buy.py' 2026-06-02 12:00:54,099 : 하향추세 042700 한미반도체 < 5MA 10MA
[INFO] 'chk_vobres_n_buy.py' 2026-06-02 12:00:54,100 : 하향추세 047810 한국항공우주 < 5MA 10MA
[INFO] 'chk_vobres_n_buy.py' 2026-06-02 12:00:54,100 : 하향추세 064350 현대로템 < 5MA 10MA
[INFO] 'chk_vobres_n_buy.py' 2026-06-02 12:00:54,101 : 하향추세 079550 LIG디펜스앤에어로스 < 5MA 10MA
[INFO] 'chk_vobres_n_buy.py' 2026-06-02 12:00:54,101 : 하향추세 086520 에코프로 < 5MA 10MA
[INFO] 'chk_vobres_n_buy.py' 2026-06-02 12:00:54,101 : 하향추세 096770 SK이노베이션 < 5MA 10MA
[INFO] 'chk_vobres_n_buy.py' 2026-06-02 12:00:54,102 : 하향추세 247540 에코프로비엠 < 5MA 10MA
[INFO] 'chk_vobres_n_buy.py' 2026-06-02 12:00:54,102 : 하향추세 272210 한화시스템 < 5MA 10MA
[DEBUG] 'chk_vobres_n_buy.py' 2026-06-02 12:00:54,102 : 조건검색 종목 수18
[INFO] 'chk_vobres_n_buy.py' 2026-06-02 12:00:55,118 : 하향추세 030200 KT < 5MA 10MA
[DEBUG] 'chk_vobres_n_buy.py' 2026-06-02 12:00:55,119 : 조건검색 종목 수5
[INFO] 'chk_vobres_n_buy.py' 2026-06-02 12:00:56,127 : 하향추세 003670 포스코퓨처엠 < 5MA 10MA
[WARNING] 'chk_vobres_n_buy.py' 2026-06-02 12:00:56,127 :  Not found in last_ohlc.txt 005070 코스모신소재
[INFO] 'chk_vobres_n_buy.py' 2026-06-02 12:00:56,128 : 하향추세 005490 POSCO홀딩스 < 5MA 10MA
[INFO] 'chk_vobres_n_buy.py' 2026-06-02 12:00:56,128 : 하향추세 006400 삼성SDI < 5MA 10MA
[INFO] 'chk_vobres_n_buy.py' 2026-06-02 12:00:56,128 : 하향추세 012450 한화에어로스페이스 < 5MA 10MA
[INFO] 'chk_vobres_n_buy.py' 2026-06-02 12:00:56,129 : 하향추세 042700 한미반도체 < 5MA 10MA
[INFO] 'chk_vobres_n_buy.py' 2026-06-02 12:00:56,129 : 하향추세 047810 한국항공우주 < 5MA 10MA
[INFO] 'chk_vobres_n_buy.py' 2026-06-02 12:00:56,129 : 하향추세 064350 현대로템 < 5MA 10MA
[INFO] 'chk_vobres_n_buy.py' 2026-06-02 12:00:56,130 : 하향추세 079550 LIG디펜스앤에어로스 < 5MA 10MA
[INFO] 'chk_vobres_n_buy.py' 2026-06-02 12:00:56,130 : 하향추세 086520 에코프로 < 5MA 10MA
[INFO] 'chk_vobres_n_buy.py' 2026-06-02 12:00:56,130 : 하향추세 096770 SK이노베이션 < 5MA 10MA
[INFO] 'chk_vobres_n_buy.py' 2026-06-02 12:00:56,131 : 하향추세 247540 에코프로비엠 < 5MA 10MA
[INFO] 'chk_vobres_n_buy.py' 2026-06-02 12:00:56,131 : 하향추세 272210 한화시스템 < 5MA 10MA
[DEBUG] 'chk_vobres_n_buy.py' 2026-06-02 12:00:56,131 : 조건검색 종목 수18
[INFO] 'chk_vobres_n_buy.py' 2026-06-02 12:00:57,134 : 하향추세 030200 KT < 5MA 10MA
[DEBUG] 'chk_vobres_n_buy.py' 2026-06-02 12:00:57,135 : 조건검색 종목 수5
[INFO] 'chk_vobres_n_buy.py' 2026-06-02 12:00:58,145 : 하향추세 003670 포스코퓨처엠 < 5MA 10MA
[WARNING] 'chk_vobres_n_buy.py' 2026-06-02 12:00:58,145 :  Not found in last_ohlc.txt 005070 코스모신소재
[INFO] 'chk_vobres_n_buy.py' 2026-06-02 12:00:58,146 : 하향추세 005490 POSCO홀딩스 < 5MA 10MA
[INFO] 'chk_vobres_n_buy.py' 2026-06-02 12:00:58,146 : 하향추세 006400 삼성SDI < 5MA 10MA
[INFO] 'chk_vobres_n_buy.py' 2026-06-02 12:00:58,146 : 하향추세 012450 한화에어로스페이스 < 5MA 10MA
[INFO] 'chk_vobres_n_buy.py' 2026-06-02 12:00:58,147 : 하향추세 042700 한미반도체 < 5MA 10MA
[INFO] 'chk_vobres_n_buy.py' 2026-06-02 12:00:58,147 : 하향추세 047810 한국항공우주 < 5MA 10MA
[INFO] 'chk_vobres_n_buy.py' 2026-06-02 12:00:58,147 : 하향추세 064350 현대로템 < 5MA 10MA
[INFO] 'chk_vobres_n_buy.py' 2026-06-02 12:00:58,148 : 하향추세 079550 LIG디펜스앤에어로스 < 5MA 10MA
[INFO] 'chk_vobres_n_buy.py' 2026-06-02 12:00:58,148 : 하향추세 086520 에코프로 < 5MA 10MA
[INFO] 'chk_vobres_n_buy.py' 2026-06-02 12:00:58,148 : 하향추세 096770 SK이노베이션 < 5MA 10MA
[INFO] 'chk_vobres_n_buy.py' 2026-06-02 12:00:58,149 : 하향추세 247540 에코프로비엠 < 5MA 10MA
[INFO] 'chk_vobres_n_buy.py' 2026-06-02 12:00:58,149 : 하향추세 272210 한화시스템 < 5MA 10MA
[DEBUG] 'chk_vobres_n_buy.py' 2026-06-02 12:00:58,150 : 조건검색 종목 수18
[INFO] 'chk_vobres_n_buy.py' 2026-06-02 12:00:59,154 : 하향추세 030200 KT < 5MA 10MA
[DEBUG] 'chk_vobres_n_buy.py' 2026-06-02 12:00:59,154 : 조건검색 종목 수5
[INFO] 'chk_vobres_n_buy.py' 2026-06-02 12:01:00,161 : 하향추세 003670 포스코퓨처엠 < 5MA 10MA
[WARNING] 'chk_vobres_n_buy.py' 2026-06-02 12:01:00,161 :  Not found in last_ohlc.txt 005070 코스모신소재
[INFO] 'chk_vobres_n_buy.py' 2026-06-02 12:01:00,162 : 하향추세 005490 POSCO홀딩스 < 5MA 10MA
[INFO] 'chk_vobres_n_buy.py' 2026-06-02 12:01:00,162 : 하향추세 006400 삼성SDI < 5MA 10MA
[INFO] 'chk_vobres_n_buy.py' 2026-06-02 12:01:00,163 : 하향추세 012450 한화에어로스페이스 < 5MA 10MA
[INFO] 'chk_vobres_n_buy.py' 2026-06-02 12:01:00,163 : 하향추세 042700 한미반도체 < 5MA 10MA
[INFO] 'chk_vobres_n_buy.py' 2026-06-02 12:01:00,163 : 하향추세 047810 한국항공우주 < 5MA 10MA
[INFO] 'chk_vobres_n_buy.py' 2026-06-02 12:01:00,164 : 하향추세 064350 현대로템 < 5MA 10MA
[INFO] 'chk_vobres_n_buy.py' 2026-06-02 12:01:00,164 : 하향추세 079550 LIG디펜스앤에어로스 < 5MA 10MA
[INFO] 'chk_vobres_n_buy.py' 2026-06-02 12:01:00,165 : 하향추세 086520 에코프로 < 5MA 10MA
[INFO] 'chk_vobres_n_buy.py' 2026-06-02 12:01:00,165 : 하향추세 096770 SK이노베이션 < 5MA 10MA
[INFO] 'chk_vobres_n_buy.py' 2026-06-02 12:01:00,165 : 하향추세 247540 에코프로비엠 < 5MA 10MA
[INFO] 'chk_vobres_n_buy.py' 2026-06-02 12:01:00,166 : 하향추세 272210 한화시스템 < 5MA 10MA
[DEBUG] 'chk_vobres_n_buy.py' 2026-06-02 12:01:00,166 : 조건검색 종목 수18
[INFO] 'chk_vobres_n_buy.py' 2026-06-02 12:01:01,171 : 하향추세 030200 KT < 5MA 10MA
[DEBUG] 'chk_vobres_n_buy.py' 2026-06-02 12:01:01,172 : 조건검색 종목 수5
[INFO] 'chk_vobres_n_buy.py' 2026-06-02 12:01:02,176 : 하향추세 003670 포스코퓨처엠 < 5MA 10MA
[WARNING] 'chk_vobres_n_buy.py' 2026-06-02 12:01:02,176 :  Not found in last_ohlc.txt 005070 코스모신소재
[INFO] 'chk_vobres_n_buy.py' 2026-06-02 12:01:02,177 : 하향추세 005490 POSCO홀딩스 < 5MA 10MA
[INFO] 'chk_vobres_n_buy.py' 2026-06-02 12:01:02,177 : 하향추세 006400 삼성SDI < 5MA 10MA
[INFO] 'chk_vobres_n_buy.py' 2026-06-02 12:01:02,178 : 하향추세 012450 한화에어로스페이스 < 5MA 10MA
[INFO] 'chk_vobres_n_buy.py' 2026-06-02 12:01:02,178 : 하향추세 042700 한미반도체 < 5MA 10MA
[INFO] 'chk_vobres_n_buy.py' 2026-06-02 12:01:02,178 : 하향추세 047810 한국항공우주 < 5MA 10MA
[INFO] 'chk_vobres_n_buy.py' 2026-06-02 12:01:02,179 : 하향추세 064350 현대로템 < 5MA 10MA
[INFO] 'chk_vobres_n_buy.py' 2026-06-02 12:01:02,179 : 하향추세 079550 LIG디펜스앤에어로스 < 5MA 10MA
[INFO] 'chk_vobres_n_buy.py' 2026-06-02 12:01:02,179 : 하향추세 086520 에코프로 < 5MA 10MA
[INFO] 'chk_vobres_n_buy.py' 2026-06-02 12:01:02,180 : 하향추세 096770 SK이노베이션 < 5MA 10MA
[INFO] 'chk_vobres_n_buy.py' 2026-06-02 12:01:02,180 : 하향추세 247540 에코프로비엠 < 5MA 10MA
[INFO] 'chk_vobres_n_buy.py' 2026-06-02 12:01:02,180 : 하향추세 272210 한화시스템 < 5MA 10MA
[DEBUG] 'chk_vobres_n_buy.py' 2026-06-02 12:01:02,181 : 조건검색 종목 수18
[DEBUG] 'chk_vobres_n_buy.py' 2026-06-02 12:01:03,195 : 조건검색 종목 수4
[INFO] 'chk_vobres_n_buy.py' 2026-06-02 12:01:04,199 : 하향추세 003670 포스코퓨처엠 < 5MA 10MA
[WARNING] 'chk_vobres_n_buy.py' 2026-06-02 12:01:04,200 :  Not found in last_ohlc.txt 005070 코스모신소재
[INFO] 'chk_vobres_n_buy.py' 2026-06-02 12:01:04,200 : 하향추세 005490 POSCO홀딩스 < 5MA 10MA
[INFO] 'chk_vobres_n_buy.py' 2026-06-02 12:01:04,201 : 하향추세 006400 삼성SDI < 5MA 10MA
[INFO] 'chk_vobres_n_buy.py' 2026-06-02 12:01:04,201 : 하향추세 012450 한화에어로스페이스 < 5MA 10MA
[INFO] 'chk_vobres_n_buy.py' 2026-06-02 12:01:04,201 : 하향추세 042700 한미반도체 < 5MA 10MA
[INFO] 'chk_vobres_n_buy.py' 2026-06-02 12:01:04,202 : 하향추세 047810 한국항공우주 < 5MA 10MA
[INFO] 'chk_vobres_n_buy.py' 2026-06-02 12:01:04,202 : 하향추세 064350 현대로템 < 5MA 10MA
[INFO] 'chk_vobres_n_buy.py' 2026-06-02 12:01:04,202 : 하향추세 079550 LIG디펜스앤에어로스 < 5MA 10MA
[INFO] 'chk_vobres_n_buy.py' 2026-06-02 12:01:04,203 : 하향추세 086520 에코프로 < 5MA 10MA
[INFO] 'chk_vobres_n_buy.py' 2026-06-02 12:01:04,203 : 하향추세 096770 SK이노베이션 < 5MA 10MA
[INFO] 'chk_vobres_n_buy.py' 2026-06-02 12:01:04,203 : 하향추세 247540 에코프로비엠 < 5MA 10MA
[INFO] 'chk_vobres_n_buy.py' 2026-06-02 12:01:04,204 : 하향추세 272210 한화시스템 < 5MA 10MA
[DEBUG] 'chk_vobres_n_buy.py' 2026-06-02 12:01:04,204 : 조건검색 종목 수18
[DEBUG] 'chk_vobres_n_buy.py' 2026-06-02 12:01:05,207 : 조건검색 종목 수4
[INFO] 'chk_vobres_n_buy.py' 2026-06-02 12:01:06,211 : 하향추세 003670 포스코퓨처엠 < 5MA 10MA
[WARNING] 'chk_vobres_n_buy.py' 2026-06-02 12:01:06,212 :  Not found in last_ohlc.txt 005070 코스모신소재
[INFO] 'chk_vobres_n_buy.py' 2026-06-02 12:01:06,212 : 하향추세 005490 POSCO홀딩스 < 5MA 10MA
[INFO] 'chk_vobres_n_buy.py' 2026-06-02 12:01:06,213 : 하향추세 006400 삼성SDI < 5MA 10MA
[INFO] 'chk_vobres_n_buy.py' 2026-06-02 12:01:06,213 : 하향추세 012450 한화에어로스페이스 < 5MA 10MA
[INFO] 'chk_vobres_n_buy.py' 2026-06-02 12:01:06,213 : 하향추세 042700 한미반도체 < 5MA 10MA
[INFO] 'chk_vobres_n_buy.py' 2026-06-02 12:01:06,214 : 하향추세 047810 한국항공우주 < 5MA 10MA
[INFO] 'chk_vobres_n_buy.py' 2026-06-02 12:01:06,214 : 하향추세 064350 현대로템 < 5MA 10MA
[INFO] 'chk_vobres_n_buy.py' 2026-06-02 12:01:06,215 : 하향추세 079550 LIG디펜스앤에어로스 < 5MA 10MA
[INFO] 'chk_vobres_n_buy.py' 2026-06-02 12:01:06,215 : 하향추세 086520 에코프로 < 5MA 10MA
[INFO] 'chk_vobres_n_buy.py' 2026-06-02 12:01:06,215 : 하향추세 096770 SK이노베이션 < 5MA 10MA
[INFO] 'chk_vobres_n_buy.py' 2026-06-02 12:01:06,215 : 하향추세 247540 에코프로비엠 < 5MA 10MA
[INFO] 'chk_vobres_n_buy.py' 2026-06-02 12:01:06,216 : 하향추세 272210 한화시스템 < 5MA 10MA
[DEBUG] 'chk_vobres_n_buy.py' 2026-06-02 12:01:06,216 : 조건검색 종목 수18
[DEBUG] 'chk_vobres_n_buy.py' 2026-06-02 12:01:07,234 : 조건검색 종목 수4
[INFO] 'chk_vobres_n_buy.py' 2026-06-02 12:01:08,245 : 하향추세 003670 포스코퓨처엠 < 5MA 10MA
[WARNING] 'chk_vobres_n_buy.py' 2026-06-02 12:01:08,245 :  Not found in last_ohlc.txt 005070 코스모신소재
[INFO] 'chk_vobres_n_buy.py' 2026-06-02 12:01:08,246 : 하향추세 005490 POSCO홀딩스 < 5MA 10MA
[INFO] 'chk_vobres_n_buy.py' 2026-06-02 12:01:08,246 : 하향추세 006400 삼성SDI < 5MA 10MA
[INFO] 'chk_vobres_n_buy.py' 2026-06-02 12:01:08,246 : 하향추세 012450 한화에어로스페이스 < 5MA 10MA
[INFO] 'chk_vobres_n_buy.py' 2026-06-02 12:01:08,247 : 하향추세 042700 한미반도체 < 5MA 10MA
[INFO] 'chk_vobres_n_buy.py' 2026-06-02 12:01:08,247 : 하향추세 047810 한국항공우주 < 5MA 10MA
[INFO] 'chk_vobres_n_buy.py' 2026-06-02 12:01:08,247 : 하향추세 064350 현대로템 < 5MA 10MA
[INFO] 'chk_vobres_n_buy.py' 2026-06-02 12:01:08,248 : 하향추세 079550 LIG디펜스앤에어로스 < 5MA 10MA
[INFO] 'chk_vobres_n_buy.py' 2026-06-02 12:01:08,248 : 하향추세 086520 에코프로 < 5MA 10MA
[INFO] 'chk_vobres_n_buy.py' 2026-06-02 12:01:08,248 : 하향추세 096770 SK이노베이션 < 5MA 10MA
[INFO] 'chk_vobres_n_buy.py' 2026-06-02 12:01:08,249 : 하향추세 247540 에코프로비엠 < 5MA 10MA
[INFO] 'chk_vobres_n_buy.py' 2026-06-02 12:01:08,249 : 하향추세 272210 한화시스템 < 5MA 10MA
[DEBUG] 'chk_vobres_n_buy.py' 2026-06-02 12:01:08,249 : 조건검색 종목 수18
[DEBUG] 'chk_vobres_n_buy.py' 2026-06-02 12:01:09,264 : 조건검색 종목 수4
[INFO] 'chk_vobres_n_buy.py' 2026-06-02 12:01:10,269 : 하향추세 003670 포스코퓨처엠 < 5MA 10MA
[WARNING] 'chk_vobres_n_buy.py' 2026-06-02 12:01:10,269 :  Not found in last_ohlc.txt 005070 코스모신소재
[INFO] 'chk_vobres_n_buy.py' 2026-06-02 12:01:10,270 : 하향추세 005490 POSCO홀딩스 < 5MA 10MA
[INFO] 'chk_vobres_n_buy.py' 2026-06-02 12:01:10,270 : 하향추세 006400 삼성SDI < 5MA 10MA
[INFO] 'chk_vobres_n_buy.py' 2026-06-02 12:01:10,270 : 하향추세 012450 한화에어로스페이스 < 5MA 10MA
[INFO] 'chk_vobres_n_buy.py' 2026-06-02 12:01:10,271 : 하향추세 042700 한미반도체 < 5MA 10MA
[INFO] 'chk_vobres_n_buy.py' 2026-06-02 12:01:10,271 : 하향추세 047810 한국항공우주 < 5MA 10MA
[INFO] 'chk_vobres_n_buy.py' 2026-06-02 12:01:10,272 : 하향추세 064350 현대로템 < 5MA 10MA
[INFO] 'chk_vobres_n_buy.py' 2026-06-02 12:01:10,272 : 하향추세 079550 LIG디펜스앤에어로스 < 5MA 10MA
[INFO] 'chk_vobres_n_buy.py' 2026-06-02 12:01:10,272 : 하향추세 086520 에코프로 < 5MA 10MA
[INFO] 'chk_vobres_n_buy.py' 2026-06-02 12:01:10,273 : 하향추세 096770 SK이노베이션 < 5MA 10MA
[INFO] 'chk_vobres_n_buy.py' 2026-06-02 12:01:10,273 : 하향추세 247540 에코프로비엠 < 5MA 10MA
[INFO] 'chk_vobres_n_buy.py' 2026-06-02 12:01:10,273 : 하향추세 272210 한화시스템 < 5MA 10MA
[DEBUG] 'chk_vobres_n_buy.py' 2026-06-02 12:01:10,274 : 조건검색 종목 수18
[DEBUG] 'chk_vobres_n_buy.py' 2026-06-02 12:01:11,278 : 조건검색 종목 수4
[INFO] 'chk_vobres_n_buy.py' 2026-06-02 12:01:12,282 : 하향추세 003670 포스코퓨처엠 < 5MA 10MA
[WARNING] 'chk_vobres_n_buy.py' 2026-06-02 12:01:12,283 :  Not found in last_ohlc.txt 005070 코스모신소재
[INFO] 'chk_vobres_n_buy.py' 2026-06-02 12:01:12,283 : 하향추세 005490 POSCO홀딩스 < 5MA 10MA
[INFO] 'chk_vobres_n_buy.py' 2026-06-02 12:01:12,284 : 하향추세 006400 삼성SDI < 5MA 10MA
[INFO] 'chk_vobres_n_buy.py' 2026-06-02 12:01:12,284 : 하향추세 012450 한화에어로스페이스 < 5MA 10MA
[INFO] 'chk_vobres_n_buy.py' 2026-06-02 12:01:12,284 : 하향추세 042700 한미반도체 < 5MA 10MA
[INFO] 'chk_vobres_n_buy.py' 2026-06-02 12:01:12,285 : 하향추세 047810 한국항공우주 < 5MA 10MA
[INFO] 'chk_vobres_n_buy.py' 2026-06-02 12:01:12,285 : 하향추세 064350 현대로템 < 5MA 10MA
[INFO] 'chk_vobres_n_buy.py' 2026-06-02 12:01:12,285 : 하향추세 079550 LIG디펜스앤에어로스 < 5MA 10MA
[INFO] 'chk_vobres_n_buy.py' 2026-06-02 12:01:12,286 : 하향추세 086520 에코프로 < 5MA 10MA
[INFO] 'chk_vobres_n_buy.py' 2026-06-02 12:01:12,286 : 하향추세 096770 SK이노베이션 < 5MA 10MA
[INFO] 'chk_vobres_n_buy.py' 2026-06-02 12:01:12,286 : 하향추세 247540 에코프로비엠 < 5MA 10MA
[INFO] 'chk_vobres_n_buy.py' 2026-06-02 12:01:12,287 : 하향추세 272210 한화시스템 < 5MA 10MA
[DEBUG] 'chk_vobres_n_buy.py' 2026-06-02 12:01:12,287 : 조건검색 종목 수18
[DEBUG] 'chk_vobres_n_buy.py' 2026-06-02 12:01:13,297 : 조건검색 종목 수4
[INFO] 'chk_vobres_n_buy.py' 2026-06-02 12:01:14,304 : 하향추세 003670 포스코퓨처엠 < 5MA 10MA
[WARNING] 'chk_vobres_n_buy.py' 2026-06-02 12:01:14,305 :  Not found in last_ohlc.txt 005070 코스모신소재
[INFO] 'chk_vobres_n_buy.py' 2026-06-02 12:01:14,305 : 하향추세 005490 POSCO홀딩스 < 5MA 10MA
[INFO] 'chk_vobres_n_buy.py' 2026-06-02 12:01:14,306 : 하향추세 006400 삼성SDI < 5MA 10MA
[INFO] 'chk_vobres_n_buy.py' 2026-06-02 12:01:14,306 : 하향추세 012450 한화에어로스페이스 < 5MA 10MA
[INFO] 'chk_vobres_n_buy.py' 2026-06-02 12:01:14,307 : 하향추세 042700 한미반도체 < 5MA 10MA
[INFO] 'chk_vobres_n_buy.py' 2026-06-02 12:01:14,307 : 하향추세 047810 한국항공우주 < 5MA 10MA
[INFO] 'chk_vobres_n_buy.py' 2026-06-02 12:01:14,307 : 하향추세 064350 현대로템 < 5MA 10MA
[INFO] 'chk_vobres_n_buy.py' 2026-06-02 12:01:14,308 : 하향추세 079550 LIG디펜스앤에어로스 < 5MA 10MA
[INFO] 'chk_vobres_n_buy.py' 2026-06-02 12:01:14,308 : 하향추세 086520 에코프로 < 5MA 10MA
[INFO] 'chk_vobres_n_buy.py' 2026-06-02 12:01:14,308 : 하향추세 096770 SK이노베이션 < 5MA 10MA
[INFO] 'chk_vobres_n_buy.py' 2026-06-02 12:01:14,309 : 하향추세 247540 에코프로비엠 < 5MA 10MA
[INFO] 'chk_vobres_n_buy.py' 2026-06-02 12:01:14,309 : 하향추세 272210 한화시스템 < 5MA 10MA
[DEBUG] 'chk_vobres_n_buy.py' 2026-06-02 12:01:14,309 : 조건검색 종목 수18
[DEBUG] 'chk_vobres_n_buy.py' 2026-06-02 12:01:15,326 : 조건검색 종목 수4
[INFO] 'chk_vobres_n_buy.py' 2026-06-02 12:01:16,334 : 하향추세 003670 포스코퓨처엠 < 5MA 10MA
[WARNING] 'chk_vobres_n_buy.py' 2026-06-02 12:01:16,335 :  Not found in last_ohlc.txt 005070 코스모신소재
[INFO] 'chk_vobres_n_buy.py' 2026-06-02 12:01:16,335 : 하향추세 005490 POSCO홀딩스 < 5MA 10MA
[INFO] 'chk_vobres_n_buy.py' 2026-06-02 12:01:16,335 : 하향추세 006400 삼성SDI < 5MA 10MA
[INFO] 'chk_vobres_n_buy.py' 2026-06-02 12:01:16,336 : 하향추세 012450 한화에어로스페이스 < 5MA 10MA
[INFO] 'chk_vobres_n_buy.py' 2026-06-02 12:01:16,336 : 하향추세 042700 한미반도체 < 5MA 10MA
[INFO] 'chk_vobres_n_buy.py' 2026-06-02 12:01:16,336 : 하향추세 047810 한국항공우주 < 5MA 10MA
[INFO] 'chk_vobres_n_buy.py' 2026-06-02 12:01:16,337 : 하향추세 064350 현대로템 < 5MA 10MA
[INFO] 'chk_vobres_n_buy.py' 2026-06-02 12:01:16,337 : 하향추세 079550 LIG디펜스앤에어로스 < 5MA 10MA
[INFO] 'chk_vobres_n_buy.py' 2026-06-02 12:01:16,337 : 하향추세 086520 에코프로 < 5MA 10MA
[INFO] 'chk_vobres_n_buy.py' 2026-06-02 12:01:16,338 : 하향추세 096770 SK이노베이션 < 5MA 10MA
[INFO] 'chk_vobres_n_buy.py' 2026-06-02 12:01:16,338 : 하향추세 247540 에코프로비엠 < 5MA 10MA
[INFO] 'chk_vobres_n_buy.py' 2026-06-02 12:01:16,338 : 하향추세 272210 한화시스템 < 5MA 10MA
[DEBUG] 'chk_vobres_n_buy.py' 2026-06-02 12:01:16,339 : 조건검색 종목 수18
[DEBUG] 'chk_vobres_n_buy.py' 2026-06-02 12:01:17,352 : 조건검색 종목 수4
[INFO] 'chk_vobres_n_buy.py' 2026-06-02 12:01:18,358 : 하향추세 003670 포스코퓨처엠 < 5MA 10MA
[WARNING] 'chk_vobres_n_buy.py' 2026-06-02 12:01:18,358 :  Not found in last_ohlc.txt 005070 코스모신소재
[INFO] 'chk_vobres_n_buy.py' 2026-06-02 12:01:18,358 : 하향추세 005490 POSCO홀딩스 < 5MA 10MA
[INFO] 'chk_vobres_n_buy.py' 2026-06-02 12:01:18,359 : 하향추세 006400 삼성SDI < 5MA 10MA
[INFO] 'chk_vobres_n_buy.py' 2026-06-02 12:01:18,359 : 하향추세 012450 한화에어로스페이스 < 5MA 10MA
[INFO] 'chk_vobres_n_buy.py' 2026-06-02 12:01:18,359 : 하향추세 042700 한미반도체 < 5MA 10MA
[INFO] 'chk_vobres_n_buy.py' 2026-06-02 12:01:18,360 : 하향추세 047810 한국항공우주 < 5MA 10MA
[INFO] 'chk_vobres_n_buy.py' 2026-06-02 12:01:18,360 : 하향추세 064350 현대로템 < 5MA 10MA
[INFO] 'chk_vobres_n_buy.py' 2026-06-02 12:01:18,360 : 하향추세 079550 LIG디펜스앤에어로스 < 5MA 10MA
[INFO] 'chk_vobres_n_buy.py' 2026-06-02 12:01:18,361 : 하향추세 086520 에코프로 < 5MA 10MA
[INFO] 'chk_vobres_n_buy.py' 2026-06-02 12:01:18,361 : 하향추세 096770 SK이노베이션 < 5MA 10MA
[INFO] 'chk_vobres_n_buy.py' 2026-06-02 12:01:18,361 : 하향추세 247540 에코프로비엠 < 5MA 10MA
[INFO] 'chk_vobres_n_buy.py' 2026-06-02 12:01:18,362 : 하향추세 272210 한화시스템 < 5MA 10MA
[DEBUG] 'chk_vobres_n_buy.py' 2026-06-02 12:01:18,362 : 조건검색 종목 수18
[DEBUG] 'chk_vobres_n_buy.py' 2026-06-02 12:01:19,379 : 조건검색 종목 수4
[INFO] 'chk_vobres_n_buy.py' 2026-06-02 12:01:20,390 : 하향추세 003670 포스코퓨처엠 < 5MA 10MA
[WARNING] 'chk_vobres_n_buy.py' 2026-06-02 12:01:20,390 :  Not found in last_ohlc.txt 005070 코스모신소재
[INFO] 'chk_vobres_n_buy.py' 2026-06-02 12:01:20,391 : 하향추세 005490 POSCO홀딩스 < 5MA 10MA
[INFO] 'chk_vobres_n_buy.py' 2026-06-02 12:01:20,391 : 하향추세 006400 삼성SDI < 5MA 10MA
[INFO] 'chk_vobres_n_buy.py' 2026-06-02 12:01:20,392 : 하향추세 012450 한화에어로스페이스 < 5MA 10MA
[INFO] 'chk_vobres_n_buy.py' 2026-06-02 12:01:20,392 : 하향추세 042700 한미반도체 < 5MA 10MA
[INFO] 'chk_vobres_n_buy.py' 2026-06-02 12:01:20,392 : 하향추세 047810 한국항공우주 < 5MA 10MA
[INFO] 'chk_vobres_n_buy.py' 2026-06-02 12:01:20,393 : 하향추세 064350 현대로템 < 5MA 10MA
[INFO] 'chk_vobres_n_buy.py' 2026-06-02 12:01:20,393 : 하향추세 079550 LIG디펜스앤에어로스 < 5MA 10MA
[INFO] 'chk_vobres_n_buy.py' 2026-06-02 12:01:20,394 : 하향추세 086520 에코프로 < 5MA 10MA
[INFO] 'chk_vobres_n_buy.py' 2026-06-02 12:01:20,394 : 하향추세 096770 SK이노베이션 < 5MA 10MA
[INFO] 'chk_vobres_n_buy.py' 2026-06-02 12:01:20,394 : 하향추세 247540 에코프로비엠 < 5MA 10MA
[INFO] 'chk_vobres_n_buy.py' 2026-06-02 12:01:20,395 : 하향추세 272210 한화시스템 < 5MA 10MA
[DEBUG] 'chk_vobres_n_buy.py' 2026-06-02 12:01:20,395 : 조건검색 종목 수18
[DEBUG] 'chk_vobres_n_buy.py' 2026-06-02 12:01:21,410 : 조건검색 종목 수4
[INFO] 'chk_vobres_n_buy.py' 2026-06-02 12:01:22,415 : 하향추세 003670 포스코퓨처엠 < 5MA 10MA
[WARNING] 'chk_vobres_n_buy.py' 2026-06-02 12:01:22,415 :  Not found in last_ohlc.txt 005070 코스모신소재
[INFO] 'chk_vobres_n_buy.py' 2026-06-02 12:01:22,415 : 하향추세 005490 POSCO홀딩스 < 5MA 10MA
[INFO] 'chk_vobres_n_buy.py' 2026-06-02 12:01:22,416 : 하향추세 006400 삼성SDI < 5MA 10MA
[INFO] 'chk_vobres_n_buy.py' 2026-06-02 12:01:22,416 : 하향추세 012450 한화에어로스페이스 < 5MA 10MA
[INFO] 'chk_vobres_n_buy.py' 2026-06-02 12:01:22,417 : 하향추세 042700 한미반도체 < 5MA 10MA
[INFO] 'chk_vobres_n_buy.py' 2026-06-02 12:01:22,417 : 하향추세 047810 한국항공우주 < 5MA 10MA
[INFO] 'chk_vobres_n_buy.py' 2026-06-02 12:01:22,418 : 하향추세 064350 현대로템 < 5MA 10MA
[INFO] 'chk_vobres_n_buy.py' 2026-06-02 12:01:22,418 : 하향추세 079550 LIG디펜스앤에어로스 < 5MA 10MA
[INFO] 'chk_vobres_n_buy.py' 2026-06-02 12:01:22,418 : 하향추세 086520 에코프로 < 5MA 10MA
[INFO] 'chk_vobres_n_buy.py' 2026-06-02 12:01:22,419 : 하향추세 096770 SK이노베이션 < 5MA 10MA
[INFO] 'chk_vobres_n_buy.py' 2026-06-02 12:01:22,419 : 하향추세 247540 에코프로비엠 < 5MA 10MA
[INFO] 'chk_vobres_n_buy.py' 2026-06-02 12:01:22,419 : 하향추세 272210 한화시스템 < 5MA 10MA
[DEBUG] 'chk_vobres_n_buy.py' 2026-06-02 12:01:22,420 : 조건검색 종목 수18
[DEBUG] 'chk_vobres_n_buy.py' 2026-06-02 12:01:23,425 : 조건검색 종목 수4
[INFO] 'chk_vobres_n_buy.py' 2026-06-02 12:01:24,443 : 하향추세 003670 포스코퓨처엠 < 5MA 10MA
[WARNING] 'chk_vobres_n_buy.py' 2026-06-02 12:01:24,444 :  Not found in last_ohlc.txt 005070 코스모신소재
[INFO] 'chk_vobres_n_buy.py' 2026-06-02 12:01:24,444 : 하향추세 005490 POSCO홀딩스 < 5MA 10MA
[INFO] 'chk_vobres_n_buy.py' 2026-06-02 12:01:24,444 : 하향추세 006400 삼성SDI < 5MA 10MA
[INFO] 'chk_vobres_n_buy.py' 2026-06-02 12:01:24,445 : 하향추세 012450 한화에어로스페이스 < 5MA 10MA
[INFO] 'chk_vobres_n_buy.py' 2026-06-02 12:01:24,445 : 하향추세 042700 한미반도체 < 5MA 10MA
[INFO] 'chk_vobres_n_buy.py' 2026-06-02 12:01:24,445 : 하향추세 047810 한국항공우주 < 5MA 10MA
[INFO] 'chk_vobres_n_buy.py' 2026-06-02 12:01:24,446 : 하향추세 064350 현대로템 < 5MA 10MA
[INFO] 'chk_vobres_n_buy.py' 2026-06-02 12:01:24,446 : 하향추세 079550 LIG디펜스앤에어로스 < 5MA 10MA
[INFO] 'chk_vobres_n_buy.py' 2026-06-02 12:01:24,446 : 하향추세 086520 에코프로 < 5MA 10MA
[INFO] 'chk_vobres_n_buy.py' 2026-06-02 12:01:24,447 : 하향추세 096770 SK이노베이션 < 5MA 10MA
[INFO] 'chk_vobres_n_buy.py' 2026-06-02 12:01:24,447 : 하향추세 247540 에코프로비엠 < 5MA 10MA
[INFO] 'chk_vobres_n_buy.py' 2026-06-02 12:01:24,447 : 하향추세 272210 한화시스템 < 5MA 10MA
[DEBUG] 'chk_vobres_n_buy.py' 2026-06-02 12:01:24,448 : 조건검색 종목 수18
[DEBUG] 'chk_vobres_n_buy.py' 2026-06-02 12:01:25,461 : 조건검색 종목 수4
[INFO] 'chk_vobres_n_buy.py' 2026-06-02 12:01:26,478 : 하향추세 003670 포스코퓨처엠 < 5MA 10MA
[WARNING] 'chk_vobres_n_buy.py' 2026-06-02 12:01:26,479 :  Not found in last_ohlc.txt 005070 코스모신소재
[INFO] 'chk_vobres_n_buy.py' 2026-06-02 12:01:26,479 : 하향추세 005490 POSCO홀딩스 < 5MA 10MA
[INFO] 'chk_vobres_n_buy.py' 2026-06-02 12:01:26,479 : 하향추세 006400 삼성SDI < 5MA 10MA
[INFO] 'chk_vobres_n_buy.py' 2026-06-02 12:01:26,480 : 하향추세 012450 한화에어로스페이스 < 5MA 10MA
[INFO] 'chk_vobres_n_buy.py' 2026-06-02 12:01:26,480 : 하향추세 042700 한미반도체 < 5MA 10MA
[INFO] 'chk_vobres_n_buy.py' 2026-06-02 12:01:26,480 : 하향추세 047810 한국항공우주 < 5MA 10MA
[INFO] 'chk_vobres_n_buy.py' 2026-06-02 12:01:26,481 : 하향추세 064350 현대로템 < 5MA 10MA
[INFO] 'chk_vobres_n_buy.py' 2026-06-02 12:01:26,481 : 하향추세 079550 LIG디펜스앤에어로스 < 5MA 10MA
[INFO] 'chk_vobres_n_buy.py' 2026-06-02 12:01:26,481 : 하향추세 086520 에코프로 < 5MA 10MA
[INFO] 'chk_vobres_n_buy.py' 2026-06-02 12:01:26,482 : 하향추세 096770 SK이노베이션 < 5MA 10MA
[INFO] 'chk_vobres_n_buy.py' 2026-06-02 12:01:26,482 : 하향추세 247540 에코프로비엠 < 5MA 10MA
[INFO] 'chk_vobres_n_buy.py' 2026-06-02 12:01:26,482 : 하향추세 272210 한화시스템 < 5MA 10MA
[DEBUG] 'chk_vobres_n_buy.py' 2026-06-02 12:01:26,483 : 조건검색 종목 수18
[DEBUG] 'chk_vobres_n_buy.py' 2026-06-02 12:01:27,500 : 조건검색 종목 수4
[INFO] 'chk_vobres_n_buy.py' 2026-06-02 12:01:28,505 : 하향추세 003670 포스코퓨처엠 < 5MA 10MA
[WARNING] 'chk_vobres_n_buy.py' 2026-06-02 12:01:28,506 :  Not found in last_ohlc.txt 005070 코스모신소재
[INFO] 'chk_vobres_n_buy.py' 2026-06-02 12:01:28,506 : 하향추세 005490 POSCO홀딩스 < 5MA 10MA
[INFO] 'chk_vobres_n_buy.py' 2026-06-02 12:01:28,506 : 하향추세 006400 삼성SDI < 5MA 10MA
[INFO] 'chk_vobres_n_buy.py' 2026-06-02 12:01:28,507 : 하향추세 012450 한화에어로스페이스 < 5MA 10MA
[INFO] 'chk_vobres_n_buy.py' 2026-06-02 12:01:28,507 : 하향추세 042700 한미반도체 < 5MA 10MA
[INFO] 'chk_vobres_n_buy.py' 2026-06-02 12:01:28,507 : 하향추세 047810 한국항공우주 < 5MA 10MA
[INFO] 'chk_vobres_n_buy.py' 2026-06-02 12:01:28,508 : 하향추세 064350 현대로템 < 5MA 10MA
[INFO] 'chk_vobres_n_buy.py' 2026-06-02 12:01:28,508 : 하향추세 079550 LIG디펜스앤에어로스 < 5MA 10MA
[INFO] 'chk_vobres_n_buy.py' 2026-06-02 12:01:28,508 : 하향추세 086520 에코프로 < 5MA 10MA
[INFO] 'chk_vobres_n_buy.py' 2026-06-02 12:01:28,509 : 하향추세 096770 SK이노베이션 < 5MA 10MA
[INFO] 'chk_vobres_n_buy.py' 2026-06-02 12:01:28,509 : 하향추세 247540 에코프로비엠 < 5MA 10MA
[INFO] 'chk_vobres_n_buy.py' 2026-06-02 12:01:28,509 : 하향추세 272210 한화시스템 < 5MA 10MA
[DEBUG] 'chk_vobres_n_buy.py' 2026-06-02 12:01:28,510 : 조건검색 종목 수18
[DEBUG] 'chk_vobres_n_buy.py' 2026-06-02 12:01:29,526 : 조건검색 종목 수4
[INFO] 'chk_vobres_n_buy.py' 2026-06-02 12:01:30,533 : 하향추세 003670 포스코퓨처엠 < 5MA 10MA
[WARNING] 'chk_vobres_n_buy.py' 2026-06-02 12:01:30,533 :  Not found in last_ohlc.txt 005070 코스모신소재
[INFO] 'chk_vobres_n_buy.py' 2026-06-02 12:01:30,533 : 하향추세 005490 POSCO홀딩스 < 5MA 10MA
[INFO] 'chk_vobres_n_buy.py' 2026-06-02 12:01:30,534 : 하향추세 006400 삼성SDI < 5MA 10MA
[INFO] 'chk_vobres_n_buy.py' 2026-06-02 12:01:30,534 : 하향추세 012450 한화에어로스페이스 < 5MA 10MA
[INFO] 'chk_vobres_n_buy.py' 2026-06-02 12:01:30,535 : 하향추세 042700 한미반도체 < 5MA 10MA
[INFO] 'chk_vobres_n_buy.py' 2026-06-02 12:01:30,535 : 하향추세 047810 한국항공우주 < 5MA 10MA
[INFO] 'chk_vobres_n_buy.py' 2026-06-02 12:01:30,535 : 하향추세 064350 현대로템 < 5MA 10MA
[INFO] 'chk_vobres_n_buy.py' 2026-06-02 12:01:30,536 : 하향추세 079550 LIG디펜스앤에어로스 < 5MA 10MA
[INFO] 'chk_vobres_n_buy.py' 2026-06-02 12:01:30,536 : 하향추세 086520 에코프로 < 5MA 10MA
[INFO] 'chk_vobres_n_buy.py' 2026-06-02 12:01:30,536 : 하향추세 096770 SK이노베이션 < 5MA 10MA
[INFO] 'chk_vobres_n_buy.py' 2026-06-02 12:01:30,537 : 하향추세 247540 에코프로비엠 < 5MA 10MA
[INFO] 'chk_vobres_n_buy.py' 2026-06-02 12:01:30,537 : 하향추세 272210 한화시스템 < 5MA 10MA
[DEBUG] 'chk_vobres_n_buy.py' 2026-06-02 12:01:30,537 : 조건검색 종목 수18
[DEBUG] 'chk_vobres_n_buy.py' 2026-06-02 12:01:31,547 : 조건검색 종목 수4
[INFO] 'chk_vobres_n_buy.py' 2026-06-02 12:01:32,563 : 하향추세 003670 포스코퓨처엠 < 5MA 10MA
[WARNING] 'chk_vobres_n_buy.py' 2026-06-02 12:01:32,563 :  Not found in last_ohlc.txt 005070 코스모신소재
[INFO] 'chk_vobres_n_buy.py' 2026-06-02 12:01:32,564 : 하향추세 005490 POSCO홀딩스 < 5MA 10MA
[INFO] 'chk_vobres_n_buy.py' 2026-06-02 12:01:32,564 : 하향추세 006400 삼성SDI < 5MA 10MA
[INFO] 'chk_vobres_n_buy.py' 2026-06-02 12:01:32,564 : 하향추세 012450 한화에어로스페이스 < 5MA 10MA
[INFO] 'chk_vobres_n_buy.py' 2026-06-02 12:01:32,564 : 하향추세 042700 한미반도체 < 5MA 10MA
[INFO] 'chk_vobres_n_buy.py' 2026-06-02 12:01:32,565 : 하향추세 047810 한국항공우주 < 5MA 10MA
[INFO] 'chk_vobres_n_buy.py' 2026-06-02 12:01:32,565 : 하향추세 064350 현대로템 < 5MA 10MA
[INFO] 'chk_vobres_n_buy.py' 2026-06-02 12:01:32,566 : 하향추세 079550 LIG디펜스앤에어로스 < 5MA 10MA
[INFO] 'chk_vobres_n_buy.py' 2026-06-02 12:01:32,566 : 하향추세 086520 에코프로 < 5MA 10MA
[INFO] 'chk_vobres_n_buy.py' 2026-06-02 12:01:32,566 : 하향추세 096770 SK이노베이션 < 5MA 10MA
[INFO] 'chk_vobres_n_buy.py' 2026-06-02 12:01:32,566 : 하향추세 247540 에코프로비엠 < 5MA 10MA
[INFO] 'chk_vobres_n_buy.py' 2026-06-02 12:01:32,567 : 하향추세 272210 한화시스템 < 5MA 10MA
[DEBUG] 'chk_vobres_n_buy.py' 2026-06-02 12:01:32,567 : 조건검색 종목 수18
[DEBUG] 'chk_vobres_n_buy.py' 2026-06-02 12:01:33,572 : 조건검색 종목 수3
[INFO] 'chk_vobres_n_buy.py' 2026-06-02 12:01:34,580 : 하향추세 003670 포스코퓨처엠 < 5MA 10MA
[WARNING] 'chk_vobres_n_buy.py' 2026-06-02 12:01:34,580 :  Not found in last_ohlc.txt 005070 코스모신소재
[INFO] 'chk_vobres_n_buy.py' 2026-06-02 12:01:34,581 : 하향추세 005490 POSCO홀딩스 < 5MA 10MA
[INFO] 'chk_vobres_n_buy.py' 2026-06-02 12:01:34,581 : 하향추세 006400 삼성SDI < 5MA 10MA
[INFO] 'chk_vobres_n_buy.py' 2026-06-02 12:01:34,581 : 하향추세 012450 한화에어로스페이스 < 5MA 10MA
[INFO] 'chk_vobres_n_buy.py' 2026-06-02 12:01:34,582 : 하향추세 042700 한미반도체 < 5MA 10MA
[INFO] 'chk_vobres_n_buy.py' 2026-06-02 12:01:34,582 : 하향추세 047810 한국항공우주 < 5MA 10MA
[INFO] 'chk_vobres_n_buy.py' 2026-06-02 12:01:34,582 : 하향추세 064350 현대로템 < 5MA 10MA
[INFO] 'chk_vobres_n_buy.py' 2026-06-02 12:01:34,583 : 하향추세 079550 LIG디펜스앤에어로스 < 5MA 10MA
[INFO] 'chk_vobres_n_buy.py' 2026-06-02 12:01:34,583 : 하향추세 086520 에코프로 < 5MA 10MA
[INFO] 'chk_vobres_n_buy.py' 2026-06-02 12:01:34,583 : 하향추세 096770 SK이노베이션 < 5MA 10MA
[INFO] 'chk_vobres_n_buy.py' 2026-06-02 12:01:34,584 : 하향추세 247540 에코프로비엠 < 5MA 10MA
[INFO] 'chk_vobres_n_buy.py' 2026-06-02 12:01:34,584 : 하향추세 272210 한화시스템 < 5MA 10MA
[DEBUG] 'chk_vobres_n_buy.py' 2026-06-02 12:01:34,584 : 조건검색 종목 수18
[DEBUG] 'chk_vobres_n_buy.py' 2026-06-02 12:01:35,588 : 조건검색 종목 수3
[INFO] 'chk_vobres_n_buy.py' 2026-06-02 12:01:36,593 : 하향추세 003670 포스코퓨처엠 < 5MA 10MA
[WARNING] 'chk_vobres_n_buy.py' 2026-06-02 12:01:36,593 :  Not found in last_ohlc.txt 005070 코스모신소재
[INFO] 'chk_vobres_n_buy.py' 2026-06-02 12:01:36,593 : 하향추세 005490 POSCO홀딩스 < 5MA 10MA
[INFO] 'chk_vobres_n_buy.py' 2026-06-02 12:01:36,593 : 하향추세 006400 삼성SDI < 5MA 10MA
[INFO] 'chk_vobres_n_buy.py' 2026-06-02 12:01:36,594 : 하향추세 012450 한화에어로스페이스 < 5MA 10MA
[INFO] 'chk_vobres_n_buy.py' 2026-06-02 12:01:36,594 : 하향추세 042700 한미반도체 < 5MA 10MA
[INFO] 'chk_vobres_n_buy.py' 2026-06-02 12:01:36,594 : 하향추세 047810 한국항공우주 < 5MA 10MA
[INFO] 'chk_vobres_n_buy.py' 2026-06-02 12:01:36,594 : 하향추세 064350 현대로템 < 5MA 10MA
[INFO] 'chk_vobres_n_buy.py' 2026-06-02 12:01:36,594 : 하향추세 079550 LIG디펜스앤에어로스 < 5MA 10MA
[INFO] 'chk_vobres_n_buy.py' 2026-06-02 12:01:36,594 : 하향추세 086520 에코프로 < 5MA 10MA
[INFO] 'chk_vobres_n_buy.py' 2026-06-02 12:01:36,594 : 하향추세 096770 SK이노베이션 < 5MA 10MA
[INFO] 'chk_vobres_n_buy.py' 2026-06-02 12:01:36,594 : 하향추세 247540 에코프로비엠 < 5MA 10MA
[INFO] 'chk_vobres_n_buy.py' 2026-06-02 12:01:36,594 : 하향추세 272210 한화시스템 < 5MA 10MA
[DEBUG] 'chk_vobres_n_buy.py' 2026-06-02 12:01:36,594 : 조건검색 종목 수18
[DEBUG] 'chk_vobres_n_buy.py' 2026-06-02 12:01:37,597 : 조건검색 종목 수3
[INFO] 'chk_vobres_n_buy.py' 2026-06-02 12:01:38,601 : 하향추세 003670 포스코퓨처엠 < 5MA 10MA
[WARNING] 'chk_vobres_n_buy.py' 2026-06-02 12:01:38,602 :  Not found in last_ohlc.txt 005070 코스모신소재
[INFO] 'chk_vobres_n_buy.py' 2026-06-02 12:01:38,602 : 하향추세 005490 POSCO홀딩스 < 5MA 10MA
[INFO] 'chk_vobres_n_buy.py' 2026-06-02 12:01:38,603 : 하향추세 006400 삼성SDI < 5MA 10MA
[INFO] 'chk_vobres_n_buy.py' 2026-06-02 12:01:38,603 : 하향추세 012450 한화에어로스페이스 < 5MA 10MA
[INFO] 'chk_vobres_n_buy.py' 2026-06-02 12:01:38,603 : 하향추세 042700 한미반도체 < 5MA 10MA
[INFO] 'chk_vobres_n_buy.py' 2026-06-02 12:01:38,604 : 하향추세 047810 한국항공우주 < 5MA 10MA
[INFO] 'chk_vobres_n_buy.py' 2026-06-02 12:01:38,604 : 하향추세 064350 현대로템 < 5MA 10MA
[INFO] 'chk_vobres_n_buy.py' 2026-06-02 12:01:38,604 : 하향추세 079550 LIG디펜스앤에어로스 < 5MA 10MA
[INFO] 'chk_vobres_n_buy.py' 2026-06-02 12:01:38,605 : 하향추세 086520 에코프로 < 5MA 10MA
[INFO] 'chk_vobres_n_buy.py' 2026-06-02 12:01:38,605 : 하향추세 096770 SK이노베이션 < 5MA 10MA
[INFO] 'chk_vobres_n_buy.py' 2026-06-02 12:01:38,605 : 하향추세 247540 에코프로비엠 < 5MA 10MA
[INFO] 'chk_vobres_n_buy.py' 2026-06-02 12:01:38,605 : 하향추세 272210 한화시스템 < 5MA 10MA
[DEBUG] 'chk_vobres_n_buy.py' 2026-06-02 12:01:38,606 : 조건검색 종목 수18
[DEBUG] 'chk_vobres_n_buy.py' 2026-06-02 12:01:39,610 : 조건검색 종목 수3
[INFO] 'chk_vobres_n_buy.py' 2026-06-02 12:01:40,628 : 하향추세 003670 포스코퓨처엠 < 5MA 10MA
[WARNING] 'chk_vobres_n_buy.py' 2026-06-02 12:01:40,628 :  Not found in last_ohlc.txt 005070 코스모신소재
[INFO] 'chk_vobres_n_buy.py' 2026-06-02 12:01:40,629 : 하향추세 005490 POSCO홀딩스 < 5MA 10MA
[INFO] 'chk_vobres_n_buy.py' 2026-06-02 12:01:40,629 : 하향추세 006400 삼성SDI < 5MA 10MA
[INFO] 'chk_vobres_n_buy.py' 2026-06-02 12:01:40,629 : 하향추세 012450 한화에어로스페이스 < 5MA 10MA
[INFO] 'chk_vobres_n_buy.py' 2026-06-02 12:01:40,630 : 하향추세 042700 한미반도체 < 5MA 10MA
[INFO] 'chk_vobres_n_buy.py' 2026-06-02 12:01:40,630 : 하향추세 047810 한국항공우주 < 5MA 10MA
[INFO] 'chk_vobres_n_buy.py' 2026-06-02 12:01:40,630 : 하향추세 064350 현대로템 < 5MA 10MA
[INFO] 'chk_vobres_n_buy.py' 2026-06-02 12:01:40,631 : 하향추세 079550 LIG디펜스앤에어로스 < 5MA 10MA
[INFO] 'chk_vobres_n_buy.py' 2026-06-02 12:01:40,631 : 하향추세 086520 에코프로 < 5MA 10MA
[INFO] 'chk_vobres_n_buy.py' 2026-06-02 12:01:40,631 : 하향추세 096770 SK이노베이션 < 5MA 10MA
[INFO] 'chk_vobres_n_buy.py' 2026-06-02 12:01:40,632 : 하향추세 247540 에코프로비엠 < 5MA 10MA
[INFO] 'chk_vobres_n_buy.py' 2026-06-02 12:01:40,632 : 하향추세 272210 한화시스템 < 5MA 10MA
[DEBUG] 'chk_vobres_n_buy.py' 2026-06-02 12:01:40,632 : 조건검색 종목 수18
[DEBUG] 'chk_vobres_n_buy.py' 2026-06-02 12:01:41,635 : 조건검색 종목 수3
[INFO] 'chk_vobres_n_buy.py' 2026-06-02 12:01:42,652 : 하향추세 003670 포스코퓨처엠 < 5MA 10MA
[WARNING] 'chk_vobres_n_buy.py' 2026-06-02 12:01:42,652 :  Not found in last_ohlc.txt 005070 코스모신소재
[INFO] 'chk_vobres_n_buy.py' 2026-06-02 12:01:42,653 : 하향추세 005490 POSCO홀딩스 < 5MA 10MA
[INFO] 'chk_vobres_n_buy.py' 2026-06-02 12:01:42,653 : 하향추세 006400 삼성SDI < 5MA 10MA
[INFO] 'chk_vobres_n_buy.py' 2026-06-02 12:01:42,653 : 하향추세 012450 한화에어로스페이스 < 5MA 10MA
[INFO] 'chk_vobres_n_buy.py' 2026-06-02 12:01:42,654 : 하향추세 042700 한미반도체 < 5MA 10MA
[INFO] 'chk_vobres_n_buy.py' 2026-06-02 12:01:42,654 : 하향추세 047810 한국항공우주 < 5MA 10MA
[INFO] 'chk_vobres_n_buy.py' 2026-06-02 12:01:42,654 : 하향추세 064350 현대로템 < 5MA 10MA
[INFO] 'chk_vobres_n_buy.py' 2026-06-02 12:01:42,655 : 하향추세 079550 LIG디펜스앤에어로스 < 5MA 10MA
[INFO] 'chk_vobres_n_buy.py' 2026-06-02 12:01:42,655 : 하향추세 086520 에코프로 < 5MA 10MA
[INFO] 'chk_vobres_n_buy.py' 2026-06-02 12:01:42,655 : 하향추세 096770 SK이노베이션 < 5MA 10MA
[INFO] 'chk_vobres_n_buy.py' 2026-06-02 12:01:42,656 : 하향추세 247540 에코프로비엠 < 5MA 10MA
[INFO] 'chk_vobres_n_buy.py' 2026-06-02 12:01:42,656 : 하향추세 272210 한화시스템 < 5MA 10MA
[DEBUG] 'chk_vobres_n_buy.py' 2026-06-02 12:01:42,656 : 조건검색 종목 수18
[DEBUG] 'chk_vobres_n_buy.py' 2026-06-02 12:01:43,666 : 조건검색 종목 수3
[INFO] 'chk_vobres_n_buy.py' 2026-06-02 12:01:44,680 : 하향추세 003670 포스코퓨처엠 < 5MA 10MA
[WARNING] 'chk_vobres_n_buy.py' 2026-06-02 12:01:44,681 :  Not found in last_ohlc.txt 005070 코스모신소재
[INFO] 'chk_vobres_n_buy.py' 2026-06-02 12:01:44,681 : 하향추세 005490 POSCO홀딩스 < 5MA 10MA
[INFO] 'chk_vobres_n_buy.py' 2026-06-02 12:01:44,681 : 하향추세 006400 삼성SDI < 5MA 10MA
[INFO] 'chk_vobres_n_buy.py' 2026-06-02 12:01:44,682 : 하향추세 012450 한화에어로스페이스 < 5MA 10MA
[INFO] 'chk_vobres_n_buy.py' 2026-06-02 12:01:44,682 : 하향추세 042700 한미반도체 < 5MA 10MA
[INFO] 'chk_vobres_n_buy.py' 2026-06-02 12:01:44,682 : 하향추세 047810 한국항공우주 < 5MA 10MA
[INFO] 'chk_vobres_n_buy.py' 2026-06-02 12:01:44,683 : 하향추세 064350 현대로템 < 5MA 10MA
[INFO] 'chk_vobres_n_buy.py' 2026-06-02 12:01:44,683 : 하향추세 079550 LIG디펜스앤에어로스 < 5MA 10MA
[INFO] 'chk_vobres_n_buy.py' 2026-06-02 12:01:44,683 : 하향추세 086520 에코프로 < 5MA 10MA
[INFO] 'chk_vobres_n_buy.py' 2026-06-02 12:01:44,684 : 하향추세 096770 SK이노베이션 < 5MA 10MA
[INFO] 'chk_vobres_n_buy.py' 2026-06-02 12:01:44,684 : 하향추세 247540 에코프로비엠 < 5MA 10MA
[INFO] 'chk_vobres_n_buy.py' 2026-06-02 12:01:44,684 : 하향추세 272210 한화시스템 < 5MA 10MA
[DEBUG] 'chk_vobres_n_buy.py' 2026-06-02 12:01:44,685 : 조건검색 종목 수18
[DEBUG] 'chk_vobres_n_buy.py' 2026-06-02 12:01:45,688 : 조건검색 종목 수3
[INFO] 'chk_vobres_n_buy.py' 2026-06-02 12:01:46,693 : 하향추세 003670 포스코퓨처엠 < 5MA 10MA
[WARNING] 'chk_vobres_n_buy.py' 2026-06-02 12:01:46,694 :  Not found in last_ohlc.txt 005070 코스모신소재
[INFO] 'chk_vobres_n_buy.py' 2026-06-02 12:01:46,694 : 하향추세 005490 POSCO홀딩스 < 5MA 10MA
[INFO] 'chk_vobres_n_buy.py' 2026-06-02 12:01:46,695 : 하향추세 006400 삼성SDI < 5MA 10MA
[INFO] 'chk_vobres_n_buy.py' 2026-06-02 12:01:46,695 : 하향추세 012450 한화에어로스페이스 < 5MA 10MA
[INFO] 'chk_vobres_n_buy.py' 2026-06-02 12:01:46,695 : 하향추세 042700 한미반도체 < 5MA 10MA
[INFO] 'chk_vobres_n_buy.py' 2026-06-02 12:01:46,696 : 하향추세 047810 한국항공우주 < 5MA 10MA
[INFO] 'chk_vobres_n_buy.py' 2026-06-02 12:01:46,696 : 하향추세 064350 현대로템 < 5MA 10MA
[INFO] 'chk_vobres_n_buy.py' 2026-06-02 12:01:46,697 : 하향추세 079550 LIG디펜스앤에어로스 < 5MA 10MA
[INFO] 'chk_vobres_n_buy.py' 2026-06-02 12:01:46,697 : 하향추세 086520 에코프로 < 5MA 10MA
[INFO] 'chk_vobres_n_buy.py' 2026-06-02 12:01:46,697 : 하향추세 096770 SK이노베이션 < 5MA 10MA
[INFO] 'chk_vobres_n_buy.py' 2026-06-02 12:01:46,698 : 하향추세 247540 에코프로비엠 < 5MA 10MA
[INFO] 'chk_vobres_n_buy.py' 2026-06-02 12:01:46,698 : 하향추세 272210 한화시스템 < 5MA 10MA
[DEBUG] 'chk_vobres_n_buy.py' 2026-06-02 12:01:46,698 : 조건검색 종목 수18
[DEBUG] 'chk_vobres_n_buy.py' 2026-06-02 12:01:47,714 : 조건검색 종목 수3
[INFO] 'chk_vobres_n_buy.py' 2026-06-02 12:01:48,721 : 하향추세 003670 포스코퓨처엠 < 5MA 10MA
[WARNING] 'chk_vobres_n_buy.py' 2026-06-02 12:01:48,722 :  Not found in last_ohlc.txt 005070 코스모신소재
[INFO] 'chk_vobres_n_buy.py' 2026-06-02 12:01:48,722 : 하향추세 005490 POSCO홀딩스 < 5MA 10MA
[INFO] 'chk_vobres_n_buy.py' 2026-06-02 12:01:48,722 : 하향추세 006400 삼성SDI < 5MA 10MA
[INFO] 'chk_vobres_n_buy.py' 2026-06-02 12:01:48,723 : 하향추세 012450 한화에어로스페이스 < 5MA 10MA
[INFO] 'chk_vobres_n_buy.py' 2026-06-02 12:01:48,723 : 하향추세 042700 한미반도체 < 5MA 10MA
[INFO] 'chk_vobres_n_buy.py' 2026-06-02 12:01:48,723 : 하향추세 047810 한국항공우주 < 5MA 10MA
[INFO] 'chk_vobres_n_buy.py' 2026-06-02 12:01:48,724 : 하향추세 064350 현대로템 < 5MA 10MA
[INFO] 'chk_vobres_n_buy.py' 2026-06-02 12:01:48,724 : 하향추세 079550 LIG디펜스앤에어로스 < 5MA 10MA
[INFO] 'chk_vobres_n_buy.py' 2026-06-02 12:01:48,724 : 하향추세 086520 에코프로 < 5MA 10MA
[INFO] 'chk_vobres_n_buy.py' 2026-06-02 12:01:48,725 : 하향추세 096770 SK이노베이션 < 5MA 10MA
[INFO] 'chk_vobres_n_buy.py' 2026-06-02 12:01:48,725 : 하향추세 247540 에코프로비엠 < 5MA 10MA
[INFO] 'chk_vobres_n_buy.py' 2026-06-02 12:01:48,725 : 하향추세 272210 한화시스템 < 5MA 10MA
[DEBUG] 'chk_vobres_n_buy.py' 2026-06-02 12:01:48,725 : 조건검색 종목 수18
[DEBUG] 'chk_vobres_n_buy.py' 2026-06-02 12:01:49,742 : 조건검색 종목 수3
[INFO] 'chk_vobres_n_buy.py' 2026-06-02 12:01:50,752 : 하향추세 003670 포스코퓨처엠 < 5MA 10MA
[WARNING] 'chk_vobres_n_buy.py' 2026-06-02 12:01:50,752 :  Not found in last_ohlc.txt 005070 코스모신소재
[INFO] 'chk_vobres_n_buy.py' 2026-06-02 12:01:50,752 : 하향추세 005490 POSCO홀딩스 < 5MA 10MA
[INFO] 'chk_vobres_n_buy.py' 2026-06-02 12:01:50,753 : 하향추세 006400 삼성SDI < 5MA 10MA
[INFO] 'chk_vobres_n_buy.py' 2026-06-02 12:01:50,753 : 하향추세 012450 한화에어로스페이스 < 5MA 10MA
[INFO] 'chk_vobres_n_buy.py' 2026-06-02 12:01:50,753 : 하향추세 042700 한미반도체 < 5MA 10MA
[INFO] 'chk_vobres_n_buy.py' 2026-06-02 12:01:50,753 : 하향추세 047810 한국항공우주 < 5MA 10MA
[INFO] 'chk_vobres_n_buy.py' 2026-06-02 12:01:50,753 : 하향추세 064350 현대로템 < 5MA 10MA
[INFO] 'chk_vobres_n_buy.py' 2026-06-02 12:01:50,753 : 하향추세 079550 LIG디펜스앤에어로스 < 5MA 10MA
[INFO] 'chk_vobres_n_buy.py' 2026-06-02 12:01:50,753 : 하향추세 086520 에코프로 < 5MA 10MA
[INFO] 'chk_vobres_n_buy.py' 2026-06-02 12:01:50,753 : 하향추세 096770 SK이노베이션 < 5MA 10MA
[INFO] 'chk_vobres_n_buy.py' 2026-06-02 12:01:50,753 : 하향추세 247540 에코프로비엠 < 5MA 10MA
[INFO] 'chk_vobres_n_buy.py' 2026-06-02 12:01:50,753 : 하향추세 272210 한화시스템 < 5MA 10MA
[DEBUG] 'chk_vobres_n_buy.py' 2026-06-02 12:01:50,753 : 조건검색 종목 수18
[DEBUG] 'chk_vobres_n_buy.py' 2026-06-02 12:01:51,762 : 조건검색 종목 수3
[INFO] 'chk_vobres_n_buy.py' 2026-06-02 12:01:52,776 : 하향추세 003670 포스코퓨처엠 < 5MA 10MA
[WARNING] 'chk_vobres_n_buy.py' 2026-06-02 12:01:52,777 :  Not found in last_ohlc.txt 005070 코스모신소재
[INFO] 'chk_vobres_n_buy.py' 2026-06-02 12:01:52,777 : 하향추세 005490 POSCO홀딩스 < 5MA 10MA
[INFO] 'chk_vobres_n_buy.py' 2026-06-02 12:01:52,777 : 하향추세 006400 삼성SDI < 5MA 10MA
[INFO] 'chk_vobres_n_buy.py' 2026-06-02 12:01:52,778 : 하향추세 012450 한화에어로스페이스 < 5MA 10MA
[INFO] 'chk_vobres_n_buy.py' 2026-06-02 12:01:52,778 : 하향추세 042700 한미반도체 < 5MA 10MA
[INFO] 'chk_vobres_n_buy.py' 2026-06-02 12:01:52,778 : 하향추세 047810 한국항공우주 < 5MA 10MA
[INFO] 'chk_vobres_n_buy.py' 2026-06-02 12:01:52,779 : 하향추세 064350 현대로템 < 5MA 10MA
[INFO] 'chk_vobres_n_buy.py' 2026-06-02 12:01:52,779 : 하향추세 079550 LIG디펜스앤에어로스 < 5MA 10MA
[INFO] 'chk_vobres_n_buy.py' 2026-06-02 12:01:52,779 : 하향추세 086520 에코프로 < 5MA 10MA
[INFO] 'chk_vobres_n_buy.py' 2026-06-02 12:01:52,780 : 하향추세 096770 SK이노베이션 < 5MA 10MA
[INFO] 'chk_vobres_n_buy.py' 2026-06-02 12:01:52,780 : 하향추세 247540 에코프로비엠 < 5MA 10MA
[INFO] 'chk_vobres_n_buy.py' 2026-06-02 12:01:52,780 : 하향추세 272210 한화시스템 < 5MA 10MA
[DEBUG] 'chk_vobres_n_buy.py' 2026-06-02 12:01:52,781 : 조건검색 종목 수18
[DEBUG] 'chk_vobres_n_buy.py' 2026-06-02 12:01:53,791 : 조건검색 종목 수3
[INFO] 'chk_vobres_n_buy.py' 2026-06-02 12:01:54,809 : 하향추세 003670 포스코퓨처엠 < 5MA 10MA
[WARNING] 'chk_vobres_n_buy.py' 2026-06-02 12:01:54,809 :  Not found in last_ohlc.txt 005070 코스모신소재
[INFO] 'chk_vobres_n_buy.py' 2026-06-02 12:01:54,810 : 하향추세 005490 POSCO홀딩스 < 5MA 10MA
[INFO] 'chk_vobres_n_buy.py' 2026-06-02 12:01:54,810 : 하향추세 006400 삼성SDI < 5MA 10MA
[INFO] 'chk_vobres_n_buy.py' 2026-06-02 12:01:54,810 : 하향추세 012450 한화에어로스페이스 < 5MA 10MA
[INFO] 'chk_vobres_n_buy.py' 2026-06-02 12:01:54,811 : 하향추세 042700 한미반도체 < 5MA 10MA
[INFO] 'chk_vobres_n_buy.py' 2026-06-02 12:01:54,811 : 하향추세 047810 한국항공우주 < 5MA 10MA
[INFO] 'chk_vobres_n_buy.py' 2026-06-02 12:01:54,811 : 하향추세 064350 현대로템 < 5MA 10MA
[INFO] 'chk_vobres_n_buy.py' 2026-06-02 12:01:54,812 : 하향추세 079550 LIG디펜스앤에어로스 < 5MA 10MA
[INFO] 'chk_vobres_n_buy.py' 2026-06-02 12:01:54,812 : 하향추세 086520 에코프로 < 5MA 10MA
[INFO] 'chk_vobres_n_buy.py' 2026-06-02 12:01:54,813 : 하향추세 096770 SK이노베이션 < 5MA 10MA
[INFO] 'chk_vobres_n_buy.py' 2026-06-02 12:01:54,813 : 하향추세 247540 에코프로비엠 < 5MA 10MA
[INFO] 'chk_vobres_n_buy.py' 2026-06-02 12:01:54,813 : 하향추세 272210 한화시스템 < 5MA 10MA
[DEBUG] 'chk_vobres_n_buy.py' 2026-06-02 12:01:54,814 : 조건검색 종목 수18
[DEBUG] 'chk_vobres_n_buy.py' 2026-06-02 12:01:55,822 : 조건검색 종목 수3
[INFO] 'chk_vobres_n_buy.py' 2026-06-02 12:01:56,842 : 하향추세 003670 포스코퓨처엠 < 5MA 10MA
[WARNING] 'chk_vobres_n_buy.py' 2026-06-02 12:01:56,843 :  Not found in last_ohlc.txt 005070 코스모신소재
[INFO] 'chk_vobres_n_buy.py' 2026-06-02 12:01:56,843 : 하향추세 005490 POSCO홀딩스 < 5MA 10MA
[INFO] 'chk_vobres_n_buy.py' 2026-06-02 12:01:56,844 : 하향추세 006400 삼성SDI < 5MA 10MA
[INFO] 'chk_vobres_n_buy.py' 2026-06-02 12:01:56,844 : 하향추세 012450 한화에어로스페이스 < 5MA 10MA
[INFO] 'chk_vobres_n_buy.py' 2026-06-02 12:01:56,844 : 하향추세 042700 한미반도체 < 5MA 10MA
[INFO] 'chk_vobres_n_buy.py' 2026-06-02 12:01:56,845 : 하향추세 047810 한국항공우주 < 5MA 10MA
[INFO] 'chk_vobres_n_buy.py' 2026-06-02 12:01:56,845 : 하향추세 064350 현대로템 < 5MA 10MA
[INFO] 'chk_vobres_n_buy.py' 2026-06-02 12:01:56,845 : 하향추세 079550 LIG디펜스앤에어로스 < 5MA 10MA
[INFO] 'chk_vobres_n_buy.py' 2026-06-02 12:01:56,846 : 하향추세 086520 에코프로 < 5MA 10MA
[INFO] 'chk_vobres_n_buy.py' 2026-06-02 12:01:56,846 : 하향추세 096770 SK이노베이션 < 5MA 10MA
[INFO] 'chk_vobres_n_buy.py' 2026-06-02 12:01:56,847 : 하향추세 247540 에코프로비엠 < 5MA 10MA
[INFO] 'chk_vobres_n_buy.py' 2026-06-02 12:01:56,847 : 하향추세 272210 한화시스템 < 5MA 10MA
[DEBUG] 'chk_vobres_n_buy.py' 2026-06-02 12:01:56,849 : 조건검색 종목 수18
[DEBUG] 'chk_vobres_n_buy.py' 2026-06-02 12:01:57,865 : 조건검색 종목 수3
[INFO] 'chk_vobres_n_buy.py' 2026-06-02 12:01:58,869 : 하향추세 003670 포스코퓨처엠 < 5MA 10MA
[WARNING] 'chk_vobres_n_buy.py' 2026-06-02 12:01:58,869 :  Not found in last_ohlc.txt 005070 코스모신소재
[INFO] 'chk_vobres_n_buy.py' 2026-06-02 12:01:58,870 : 하향추세 005490 POSCO홀딩스 < 5MA 10MA
[INFO] 'chk_vobres_n_buy.py' 2026-06-02 12:01:58,870 : 하향추세 006400 삼성SDI < 5MA 10MA
[INFO] 'chk_vobres_n_buy.py' 2026-06-02 12:01:58,870 : 하향추세 012450 한화에어로스페이스 < 5MA 10MA
[INFO] 'chk_vobres_n_buy.py' 2026-06-02 12:01:58,871 : 하향추세 042700 한미반도체 < 5MA 10MA
[INFO] 'chk_vobres_n_buy.py' 2026-06-02 12:01:58,871 : 하향추세 047810 한국항공우주 < 5MA 10MA
[INFO] 'chk_vobres_n_buy.py' 2026-06-02 12:01:58,871 : 하향추세 064350 현대로템 < 5MA 10MA
[INFO] 'chk_vobres_n_buy.py' 2026-06-02 12:01:58,872 : 하향추세 079550 LIG디펜스앤에어로스 < 5MA 10MA
[INFO] 'chk_vobres_n_buy.py' 2026-06-02 12:01:58,872 : 하향추세 086520 에코프로 < 5MA 10MA
[INFO] 'chk_vobres_n_buy.py' 2026-06-02 12:01:58,872 : 하향추세 096770 SK이노베이션 < 5MA 10MA
[INFO] 'chk_vobres_n_buy.py' 2026-06-02 12:01:58,872 : 하향추세 247540 에코프로비엠 < 5MA 10MA
[INFO] 'chk_vobres_n_buy.py' 2026-06-02 12:01:58,873 : 하향추세 272210 한화시스템 < 5MA 10MA
[DEBUG] 'chk_vobres_n_buy.py' 2026-06-02 12:01:58,873 : 조건검색 종목 수18
[INFO] 'chk_vobres_n_buy.py' 2026-06-02 12:01:59,890 : 하향추세 030200 KT < 5MA 10MA
[DEBUG] 'chk_vobres_n_buy.py' 2026-06-02 12:01:59,891 : 조건검색 종목 수4
[INFO] 'chk_vobres_n_buy.py' 2026-06-02 12:02:00,911 : 하향추세 003670 포스코퓨처엠 < 5MA 10MA
[WARNING] 'chk_vobres_n_buy.py' 2026-06-02 12:02:00,911 :  Not found in last_ohlc.txt 005070 코스모신소재
[INFO] 'chk_vobres_n_buy.py' 2026-06-02 12:02:00,912 : 하향추세 005490 POSCO홀딩스 < 5MA 10MA
[INFO] 'chk_vobres_n_buy.py' 2026-06-02 12:02:00,912 : 하향추세 006400 삼성SDI < 5MA 10MA
[INFO] 'chk_vobres_n_buy.py' 2026-06-02 12:02:00,912 : 하향추세 012450 한화에어로스페이스 < 5MA 10MA
[INFO] 'chk_vobres_n_buy.py' 2026-06-02 12:02:00,913 : 하향추세 042700 한미반도체 < 5MA 10MA
[INFO] 'chk_vobres_n_buy.py' 2026-06-02 12:02:00,913 : 하향추세 047810 한국항공우주 < 5MA 10MA
[INFO] 'chk_vobres_n_buy.py' 2026-06-02 12:02:00,913 : 하향추세 064350 현대로템 < 5MA 10MA
[INFO] 'chk_vobres_n_buy.py' 2026-06-02 12:02:00,914 : 하향추세 079550 LIG디펜스앤에어로스 < 5MA 10MA
[INFO] 'chk_vobres_n_buy.py' 2026-06-02 12:02:00,914 : 하향추세 086520 에코프로 < 5MA 10MA
[INFO] 'chk_vobres_n_buy.py' 2026-06-02 12:02:00,915 : 하향추세 096770 SK이노베이션 < 5MA 10MA
[INFO] 'chk_vobres_n_buy.py' 2026-06-02 12:02:00,915 : 하향추세 247540 에코프로비엠 < 5MA 10MA
[INFO] 'chk_vobres_n_buy.py' 2026-06-02 12:02:00,915 : 하향추세 272210 한화시스템 < 5MA 10MA
[DEBUG] 'chk_vobres_n_buy.py' 2026-06-02 12:02:00,915 : 조건검색 종목 수18
[INFO] 'chk_vobres_n_buy.py' 2026-06-02 12:02:01,929 : 하향추세 030200 KT < 5MA 10MA
[DEBUG] 'chk_vobres_n_buy.py' 2026-06-02 12:02:01,930 : 조건검색 종목 수4
[INFO] 'chk_vobres_n_buy.py' 2026-06-02 12:02:02,938 : 하향추세 003670 포스코퓨처엠 < 5MA 10MA
[WARNING] 'chk_vobres_n_buy.py' 2026-06-02 12:02:02,939 :  Not found in last_ohlc.txt 005070 코스모신소재
[INFO] 'chk_vobres_n_buy.py' 2026-06-02 12:02:02,939 : 하향추세 005490 POSCO홀딩스 < 5MA 10MA
[INFO] 'chk_vobres_n_buy.py' 2026-06-02 12:02:02,939 : 하향추세 006400 삼성SDI < 5MA 10MA
[INFO] 'chk_vobres_n_buy.py' 2026-06-02 12:02:02,940 : 하향추세 012450 한화에어로스페이스 < 5MA 10MA
[INFO] 'chk_vobres_n_buy.py' 2026-06-02 12:02:02,940 : 하향추세 042700 한미반도체 < 5MA 10MA
[INFO] 'chk_vobres_n_buy.py' 2026-06-02 12:02:02,941 : 하향추세 047810 한국항공우주 < 5MA 10MA
[INFO] 'chk_vobres_n_buy.py' 2026-06-02 12:02:02,941 : 하향추세 064350 현대로템 < 5MA 10MA
[INFO] 'chk_vobres_n_buy.py' 2026-06-02 12:02:02,942 : 하향추세 079550 LIG디펜스앤에어로스 < 5MA 10MA
[INFO] 'chk_vobres_n_buy.py' 2026-06-02 12:02:02,942 : 하향추세 086520 에코프로 < 5MA 10MA
[INFO] 'chk_vobres_n_buy.py' 2026-06-02 12:02:02,942 : 하향추세 096770 SK이노베이션 < 5MA 10MA
[INFO] 'chk_vobres_n_buy.py' 2026-06-02 12:02:02,943 : 하향추세 247540 에코프로비엠 < 5MA 10MA
[INFO] 'chk_vobres_n_buy.py' 2026-06-02 12:02:02,943 : 하향추세 272210 한화시스템 < 5MA 10MA
[DEBUG] 'chk_vobres_n_buy.py' 2026-06-02 12:02:02,943 : 조건검색 종목 수18
[INFO] 'chk_vobres_n_buy.py' 2026-06-02 12:02:03,959 : 하향추세 030200 KT < 5MA 10MA
[DEBUG] 'chk_vobres_n_buy.py' 2026-06-02 12:02:03,959 : 조건검색 종목 수4
[INFO] 'chk_vobres_n_buy.py' 2026-06-02 12:02:04,968 : 하향추세 003670 포스코퓨처엠 < 5MA 10MA
[WARNING] 'chk_vobres_n_buy.py' 2026-06-02 12:02:04,969 :  Not found in last_ohlc.txt 005070 코스모신소재
[INFO] 'chk_vobres_n_buy.py' 2026-06-02 12:02:04,969 : 하향추세 005490 POSCO홀딩스 < 5MA 10MA
[INFO] 'chk_vobres_n_buy.py' 2026-06-02 12:02:04,970 : 하향추세 006400 삼성SDI < 5MA 10MA
[INFO] 'chk_vobres_n_buy.py' 2026-06-02 12:02:04,970 : 하향추세 012450 한화에어로스페이스 < 5MA 10MA
[INFO] 'chk_vobres_n_buy.py' 2026-06-02 12:02:04,970 : 하향추세 042700 한미반도체 < 5MA 10MA
[INFO] 'chk_vobres_n_buy.py' 2026-06-02 12:02:04,971 : 하향추세 047810 한국항공우주 < 5MA 10MA
[INFO] 'chk_vobres_n_buy.py' 2026-06-02 12:02:04,971 : 하향추세 064350 현대로템 < 5MA 10MA
[INFO] 'chk_vobres_n_buy.py' 2026-06-02 12:02:04,971 : 하향추세 079550 LIG디펜스앤에어로스 < 5MA 10MA
[INFO] 'chk_vobres_n_buy.py' 2026-06-02 12:02:04,972 : 하향추세 086520 에코프로 < 5MA 10MA
[INFO] 'chk_vobres_n_buy.py' 2026-06-02 12:02:04,973 : 하향추세 096770 SK이노베이션 < 5MA 10MA
[INFO] 'chk_vobres_n_buy.py' 2026-06-02 12:02:04,974 : 하향추세 247540 에코프로비엠 < 5MA 10MA
[INFO] 'chk_vobres_n_buy.py' 2026-06-02 12:02:04,975 : 하향추세 272210 한화시스템 < 5MA 10MA
[DEBUG] 'chk_vobres_n_buy.py' 2026-06-02 12:02:04,975 : 조건검색 종목 수18
[INFO] 'chk_vobres_n_buy.py' 2026-06-02 12:02:05,987 : 하향추세 030200 KT < 5MA 10MA
[DEBUG] 'chk_vobres_n_buy.py' 2026-06-02 12:02:05,987 : 조건검색 종목 수4
[INFO] 'chk_vobres_n_buy.py' 2026-06-02 12:02:07,002 : 하향추세 003670 포스코퓨처엠 < 5MA 10MA
[WARNING] 'chk_vobres_n_buy.py' 2026-06-02 12:02:07,003 :  Not found in last_ohlc.txt 005070 코스모신소재
[INFO] 'chk_vobres_n_buy.py' 2026-06-02 12:02:07,003 : 하향추세 005490 POSCO홀딩스 < 5MA 10MA
[INFO] 'chk_vobres_n_buy.py' 2026-06-02 12:02:07,004 : 하향추세 006400 삼성SDI < 5MA 10MA
[INFO] 'chk_vobres_n_buy.py' 2026-06-02 12:02:07,004 : 하향추세 012450 한화에어로스페이스 < 5MA 10MA
[INFO] 'chk_vobres_n_buy.py' 2026-06-02 12:02:07,004 : 하향추세 042700 한미반도체 < 5MA 10MA
[INFO] 'chk_vobres_n_buy.py' 2026-06-02 12:02:07,005 : 하향추세 047810 한국항공우주 < 5MA 10MA
[INFO] 'chk_vobres_n_buy.py' 2026-06-02 12:02:07,005 : 하향추세 064350 현대로템 < 5MA 10MA
[INFO] 'chk_vobres_n_buy.py' 2026-06-02 12:02:07,006 : 하향추세 079550 LIG디펜스앤에어로스 < 5MA 10MA
[INFO] 'chk_vobres_n_buy.py' 2026-06-02 12:02:07,006 : 하향추세 086520 에코프로 < 5MA 10MA
[INFO] 'chk_vobres_n_buy.py' 2026-06-02 12:02:07,006 : 하향추세 096770 SK이노베이션 < 5MA 10MA
[INFO] 'chk_vobres_n_buy.py' 2026-06-02 12:02:07,007 : 하향추세 247540 에코프로비엠 < 5MA 10MA
[INFO] 'chk_vobres_n_buy.py' 2026-06-02 12:02:07,007 : 하향추세 272210 한화시스템 < 5MA 10MA
[DEBUG] 'chk_vobres_n_buy.py' 2026-06-02 12:02:07,007 : 조건검색 종목 수18
[INFO] 'chk_vobres_n_buy.py' 2026-06-02 12:02:08,019 : 하향추세 030200 KT < 5MA 10MA
[DEBUG] 'chk_vobres_n_buy.py' 2026-06-02 12:02:08,021 : 조건검색 종목 수4
[INFO] 'chk_vobres_n_buy.py' 2026-06-02 12:02:09,034 : 하향추세 003670 포스코퓨처엠 < 5MA 10MA
[WARNING] 'chk_vobres_n_buy.py' 2026-06-02 12:02:09,035 :  Not found in last_ohlc.txt 005070 코스모신소재
[INFO] 'chk_vobres_n_buy.py' 2026-06-02 12:02:09,035 : 하향추세 005490 POSCO홀딩스 < 5MA 10MA
[INFO] 'chk_vobres_n_buy.py' 2026-06-02 12:02:09,036 : 하향추세 006400 삼성SDI < 5MA 10MA
[INFO] 'chk_vobres_n_buy.py' 2026-06-02 12:02:09,037 : 하향추세 012450 한화에어로스페이스 < 5MA 10MA
[INFO] 'chk_vobres_n_buy.py' 2026-06-02 12:02:09,037 : 하향추세 042700 한미반도체 < 5MA 10MA
[INFO] 'chk_vobres_n_buy.py' 2026-06-02 12:02:09,038 : 하향추세 047810 한국항공우주 < 5MA 10MA
[INFO] 'chk_vobres_n_buy.py' 2026-06-02 12:02:09,038 : 하향추세 064350 현대로템 < 5MA 10MA
[INFO] 'chk_vobres_n_buy.py' 2026-06-02 12:02:09,039 : 하향추세 079550 LIG디펜스앤에어로스 < 5MA 10MA
[INFO] 'chk_vobres_n_buy.py' 2026-06-02 12:02:09,039 : 하향추세 086520 에코프로 < 5MA 10MA
[INFO] 'chk_vobres_n_buy.py' 2026-06-02 12:02:09,040 : 하향추세 096770 SK이노베이션 < 5MA 10MA
[INFO] 'chk_vobres_n_buy.py' 2026-06-02 12:02:09,040 : 하향추세 247540 에코프로비엠 < 5MA 10MA
[INFO] 'chk_vobres_n_buy.py' 2026-06-02 12:02:09,040 : 하향추세 272210 한화시스템 < 5MA 10MA
[DEBUG] 'chk_vobres_n_buy.py' 2026-06-02 12:02:09,041 : 조건검색 종목 수18
[INFO] 'chk_vobres_n_buy.py' 2026-06-02 12:02:10,056 : 하향추세 030200 KT < 5MA 10MA
[DEBUG] 'chk_vobres_n_buy.py' 2026-06-02 12:02:10,056 : 조건검색 종목 수4
[INFO] 'chk_vobres_n_buy.py' 2026-06-02 12:02:11,065 : 하향추세 003670 포스코퓨처엠 < 5MA 10MA
[WARNING] 'chk_vobres_n_buy.py' 2026-06-02 12:02:11,065 :  Not found in last_ohlc.txt 005070 코스모신소재
[INFO] 'chk_vobres_n_buy.py' 2026-06-02 12:02:11,066 : 하향추세 005490 POSCO홀딩스 < 5MA 10MA
[INFO] 'chk_vobres_n_buy.py' 2026-06-02 12:02:11,066 : 하향추세 006400 삼성SDI < 5MA 10MA
[INFO] 'chk_vobres_n_buy.py' 2026-06-02 12:02:11,066 : 하향추세 012450 한화에어로스페이스 < 5MA 10MA
[INFO] 'chk_vobres_n_buy.py' 2026-06-02 12:02:11,067 : 하향추세 042700 한미반도체 < 5MA 10MA
[INFO] 'chk_vobres_n_buy.py' 2026-06-02 12:02:11,067 : 하향추세 047810 한국항공우주 < 5MA 10MA
[INFO] 'chk_vobres_n_buy.py' 2026-06-02 12:02:11,067 : 하향추세 064350 현대로템 < 5MA 10MA
[INFO] 'chk_vobres_n_buy.py' 2026-06-02 12:02:11,068 : 하향추세 079550 LIG디펜스앤에어로스 < 5MA 10MA
[INFO] 'chk_vobres_n_buy.py' 2026-06-02 12:02:11,068 : 하향추세 086520 에코프로 < 5MA 10MA
[INFO] 'chk_vobres_n_buy.py' 2026-06-02 12:02:11,068 : 하향추세 096770 SK이노베이션 < 5MA 10MA
[INFO] 'chk_vobres_n_buy.py' 2026-06-02 12:02:11,069 : 하향추세 247540 에코프로비엠 < 5MA 10MA
[INFO] 'chk_vobres_n_buy.py' 2026-06-02 12:02:11,069 : 하향추세 272210 한화시스템 < 5MA 10MA
[DEBUG] 'chk_vobres_n_buy.py' 2026-06-02 12:02:11,069 : 조건검색 종목 수18
[INFO] 'chk_vobres_n_buy.py' 2026-06-02 12:02:12,076 : 하향추세 030200 KT < 5MA 10MA
[DEBUG] 'chk_vobres_n_buy.py' 2026-06-02 12:02:12,076 : 조건검색 종목 수4
[INFO] 'chk_vobres_n_buy.py' 2026-06-02 12:02:13,083 : 하향추세 003670 포스코퓨처엠 < 5MA 10MA
[WARNING] 'chk_vobres_n_buy.py' 2026-06-02 12:02:13,083 :  Not found in last_ohlc.txt 005070 코스모신소재
[INFO] 'chk_vobres_n_buy.py' 2026-06-02 12:02:13,084 : 하향추세 005490 POSCO홀딩스 < 5MA 10MA
[INFO] 'chk_vobres_n_buy.py' 2026-06-02 12:02:13,084 : 하향추세 006400 삼성SDI < 5MA 10MA
[INFO] 'chk_vobres_n_buy.py' 2026-06-02 12:02:13,084 : 하향추세 012450 한화에어로스페이스 < 5MA 10MA
[INFO] 'chk_vobres_n_buy.py' 2026-06-02 12:02:13,085 : 하향추세 042700 한미반도체 < 5MA 10MA
[INFO] 'chk_vobres_n_buy.py' 2026-06-02 12:02:13,085 : 하향추세 047810 한국항공우주 < 5MA 10MA
[INFO] 'chk_vobres_n_buy.py' 2026-06-02 12:02:13,085 : 하향추세 064350 현대로템 < 5MA 10MA
[INFO] 'chk_vobres_n_buy.py' 2026-06-02 12:02:13,086 : 하향추세 079550 LIG디펜스앤에어로스 < 5MA 10MA
[INFO] 'chk_vobres_n_buy.py' 2026-06-02 12:02:13,086 : 하향추세 086520 에코프로 < 5MA 10MA
[INFO] 'chk_vobres_n_buy.py' 2026-06-02 12:02:13,086 : 하향추세 096770 SK이노베이션 < 5MA 10MA
[INFO] 'chk_vobres_n_buy.py' 2026-06-02 12:02:13,087 : 하향추세 247540 에코프로비엠 < 5MA 10MA
[INFO] 'chk_vobres_n_buy.py' 2026-06-02 12:02:13,087 : 하향추세 272210 한화시스템 < 5MA 10MA
[DEBUG] 'chk_vobres_n_buy.py' 2026-06-02 12:02:13,087 : 조건검색 종목 수18
[INFO] 'chk_vobres_n_buy.py' 2026-06-02 12:02:14,103 : 하향추세 030200 KT < 5MA 10MA
[DEBUG] 'chk_vobres_n_buy.py' 2026-06-02 12:02:14,104 : 조건검색 종목 수4
[INFO] 'chk_vobres_n_buy.py' 2026-06-02 12:02:15,114 : 하향추세 003670 포스코퓨처엠 < 5MA 10MA
[WARNING] 'chk_vobres_n_buy.py' 2026-06-02 12:02:15,114 :  Not found in last_ohlc.txt 005070 코스모신소재
[INFO] 'chk_vobres_n_buy.py' 2026-06-02 12:02:15,115 : 하향추세 005490 POSCO홀딩스 < 5MA 10MA
[INFO] 'chk_vobres_n_buy.py' 2026-06-02 12:02:15,115 : 하향추세 006400 삼성SDI < 5MA 10MA
[INFO] 'chk_vobres_n_buy.py' 2026-06-02 12:02:15,115 : 하향추세 012450 한화에어로스페이스 < 5MA 10MA
[INFO] 'chk_vobres_n_buy.py' 2026-06-02 12:02:15,115 : 하향추세 042700 한미반도체 < 5MA 10MA
[INFO] 'chk_vobres_n_buy.py' 2026-06-02 12:02:15,115 : 하향추세 047810 한국항공우주 < 5MA 10MA
[INFO] 'chk_vobres_n_buy.py' 2026-06-02 12:02:15,115 : 하향추세 064350 현대로템 < 5MA 10MA
[INFO] 'chk_vobres_n_buy.py' 2026-06-02 12:02:15,116 : 하향추세 079550 LIG디펜스앤에어로스 < 5MA 10MA
[INFO] 'chk_vobres_n_buy.py' 2026-06-02 12:02:15,116 : 하향추세 086520 에코프로 < 5MA 10MA
[INFO] 'chk_vobres_n_buy.py' 2026-06-02 12:02:15,116 : 하향추세 096770 SK이노베이션 < 5MA 10MA
[INFO] 'chk_vobres_n_buy.py' 2026-06-02 12:02:15,116 : 하향추세 247540 에코프로비엠 < 5MA 10MA
[INFO] 'chk_vobres_n_buy.py' 2026-06-02 12:02:15,116 : 하향추세 272210 한화시스템 < 5MA 10MA
[DEBUG] 'chk_vobres_n_buy.py' 2026-06-02 12:02:15,116 : 조건검색 종목 수18
[INFO] 'chk_vobres_n_buy.py' 2026-06-02 12:02:16,121 : 하향추세 030200 KT < 5MA 10MA
[DEBUG] 'chk_vobres_n_buy.py' 2026-06-02 12:02:16,121 : 조건검색 종목 수4
[INFO] 'chk_vobres_n_buy.py' 2026-06-02 12:02:17,129 : 하향추세 003670 포스코퓨처엠 < 5MA 10MA
[WARNING] 'chk_vobres_n_buy.py' 2026-06-02 12:02:17,130 :  Not found in last_ohlc.txt 005070 코스모신소재
[INFO] 'chk_vobres_n_buy.py' 2026-06-02 12:02:17,130 : 하향추세 005490 POSCO홀딩스 < 5MA 10MA
[INFO] 'chk_vobres_n_buy.py' 2026-06-02 12:02:17,131 : 하향추세 006400 삼성SDI < 5MA 10MA
[INFO] 'chk_vobres_n_buy.py' 2026-06-02 12:02:17,131 : 하향추세 012450 한화에어로스페이스 < 5MA 10MA
[INFO] 'chk_vobres_n_buy.py' 2026-06-02 12:02:17,132 : 하향추세 042700 한미반도체 < 5MA 10MA
[INFO] 'chk_vobres_n_buy.py' 2026-06-02 12:02:17,132 : 하향추세 047810 한국항공우주 < 5MA 10MA
[INFO] 'chk_vobres_n_buy.py' 2026-06-02 12:02:17,132 : 하향추세 064350 현대로템 < 5MA 10MA
[INFO] 'chk_vobres_n_buy.py' 2026-06-02 12:02:17,133 : 하향추세 079550 LIG디펜스앤에어로스 < 5MA 10MA
[INFO] 'chk_vobres_n_buy.py' 2026-06-02 12:02:17,133 : 하향추세 086520 에코프로 < 5MA 10MA
[INFO] 'chk_vobres_n_buy.py' 2026-06-02 12:02:17,133 : 하향추세 096770 SK이노베이션 < 5MA 10MA
[INFO] 'chk_vobres_n_buy.py' 2026-06-02 12:02:17,133 : 하향추세 247540 에코프로비엠 < 5MA 10MA
[INFO] 'chk_vobres_n_buy.py' 2026-06-02 12:02:17,134 : 하향추세 272210 한화시스템 < 5MA 10MA
[DEBUG] 'chk_vobres_n_buy.py' 2026-06-02 12:02:17,134 : 조건검색 종목 수18
[INFO] 'chk_vobres_n_buy.py' 2026-06-02 12:02:18,148 : 하향추세 030200 KT < 5MA 10MA
[DEBUG] 'chk_vobres_n_buy.py' 2026-06-02 12:02:18,148 : 조건검색 종목 수4
[INFO] 'chk_vobres_n_buy.py' 2026-06-02 12:02:19,154 : 하향추세 003670 포스코퓨처엠 < 5MA 10MA
[WARNING] 'chk_vobres_n_buy.py' 2026-06-02 12:02:19,154 :  Not found in last_ohlc.txt 005070 코스모신소재
[INFO] 'chk_vobres_n_buy.py' 2026-06-02 12:02:19,155 : 하향추세 005490 POSCO홀딩스 < 5MA 10MA
[INFO] 'chk_vobres_n_buy.py' 2026-06-02 12:02:19,155 : 하향추세 006400 삼성SDI < 5MA 10MA
[INFO] 'chk_vobres_n_buy.py' 2026-06-02 12:02:19,155 : 하향추세 012450 한화에어로스페이스 < 5MA 10MA
[INFO] 'chk_vobres_n_buy.py' 2026-06-02 12:02:19,156 : 하향추세 042700 한미반도체 < 5MA 10MA
[INFO] 'chk_vobres_n_buy.py' 2026-06-02 12:02:19,156 : 하향추세 047810 한국항공우주 < 5MA 10MA
[INFO] 'chk_vobres_n_buy.py' 2026-06-02 12:02:19,156 : 하향추세 064350 현대로템 < 5MA 10MA
[INFO] 'chk_vobres_n_buy.py' 2026-06-02 12:02:19,157 : 하향추세 079550 LIG디펜스앤에어로스 < 5MA 10MA
[INFO] 'chk_vobres_n_buy.py' 2026-06-02 12:02:19,157 : 하향추세 086520 에코프로 < 5MA 10MA
[INFO] 'chk_vobres_n_buy.py' 2026-06-02 12:02:19,157 : 하향추세 096770 SK이노베이션 < 5MA 10MA
[INFO] 'chk_vobres_n_buy.py' 2026-06-02 12:02:19,158 : 하향추세 247540 에코프로비엠 < 5MA 10MA
[INFO] 'chk_vobres_n_buy.py' 2026-06-02 12:02:19,158 : 하향추세 272210 한화시스템 < 5MA 10MA
[DEBUG] 'chk_vobres_n_buy.py' 2026-06-02 12:02:19,158 : 조건검색 종목 수18
[INFO] 'chk_vobres_n_buy.py' 2026-06-02 12:02:20,172 : 하향추세 030200 KT < 5MA 10MA
[DEBUG] 'chk_vobres_n_buy.py' 2026-06-02 12:02:20,172 : 조건검색 종목 수4
[INFO] 'chk_vobres_n_buy.py' 2026-06-02 12:02:21,177 : 하향추세 003670 포스코퓨처엠 < 5MA 10MA
[WARNING] 'chk_vobres_n_buy.py' 2026-06-02 12:02:21,178 :  Not found in last_ohlc.txt 005070 코스모신소재
[INFO] 'chk_vobres_n_buy.py' 2026-06-02 12:02:21,178 : 하향추세 005490 POSCO홀딩스 < 5MA 10MA
[INFO] 'chk_vobres_n_buy.py' 2026-06-02 12:02:21,179 : 하향추세 006400 삼성SDI < 5MA 10MA
[INFO] 'chk_vobres_n_buy.py' 2026-06-02 12:02:21,179 : 하향추세 012450 한화에어로스페이스 < 5MA 10MA
[INFO] 'chk_vobres_n_buy.py' 2026-06-02 12:02:21,179 : 하향추세 042700 한미반도체 < 5MA 10MA
[INFO] 'chk_vobres_n_buy.py' 2026-06-02 12:02:21,180 : 하향추세 047810 한국항공우주 < 5MA 10MA
[INFO] 'chk_vobres_n_buy.py' 2026-06-02 12:02:21,180 : 하향추세 064350 현대로템 < 5MA 10MA
[INFO] 'chk_vobres_n_buy.py' 2026-06-02 12:02:21,180 : 하향추세 079550 LIG디펜스앤에어로스 < 5MA 10MA
[INFO] 'chk_vobres_n_buy.py' 2026-06-02 12:02:21,181 : 하향추세 086520 에코프로 < 5MA 10MA
[INFO] 'chk_vobres_n_buy.py' 2026-06-02 12:02:21,181 : 하향추세 096770 SK이노베이션 < 5MA 10MA
[INFO] 'chk_vobres_n_buy.py' 2026-06-02 12:02:21,181 : 하향추세 247540 에코프로비엠 < 5MA 10MA
[INFO] 'chk_vobres_n_buy.py' 2026-06-02 12:02:21,181 : 하향추세 272210 한화시스템 < 5MA 10MA
[DEBUG] 'chk_vobres_n_buy.py' 2026-06-02 12:02:21,182 : 조건검색 종목 수18
[INFO] 'chk_vobres_n_buy.py' 2026-06-02 12:02:22,197 : 하향추세 030200 KT < 5MA 10MA
[DEBUG] 'chk_vobres_n_buy.py' 2026-06-02 12:02:22,197 : 조건검색 종목 수4
[INFO] 'chk_vobres_n_buy.py' 2026-06-02 12:02:23,201 : 하향추세 003670 포스코퓨처엠 < 5MA 10MA
[WARNING] 'chk_vobres_n_buy.py' 2026-06-02 12:02:23,201 :  Not found in last_ohlc.txt 005070 코스모신소재
[INFO] 'chk_vobres_n_buy.py' 2026-06-02 12:02:23,202 : 하향추세 005490 POSCO홀딩스 < 5MA 10MA
[INFO] 'chk_vobres_n_buy.py' 2026-06-02 12:02:23,202 : 하향추세 006400 삼성SDI < 5MA 10MA
[INFO] 'chk_vobres_n_buy.py' 2026-06-02 12:02:23,202 : 하향추세 012450 한화에어로스페이스 < 5MA 10MA
[INFO] 'chk_vobres_n_buy.py' 2026-06-02 12:02:23,203 : 하향추세 042700 한미반도체 < 5MA 10MA
[INFO] 'chk_vobres_n_buy.py' 2026-06-02 12:02:23,203 : 하향추세 047810 한국항공우주 < 5MA 10MA
[INFO] 'chk_vobres_n_buy.py' 2026-06-02 12:02:23,203 : 하향추세 064350 현대로템 < 5MA 10MA
[INFO] 'chk_vobres_n_buy.py' 2026-06-02 12:02:23,204 : 하향추세 079550 LIG디펜스앤에어로스 < 5MA 10MA
[INFO] 'chk_vobres_n_buy.py' 2026-06-02 12:02:23,204 : 하향추세 086520 에코프로 < 5MA 10MA
[INFO] 'chk_vobres_n_buy.py' 2026-06-02 12:02:23,204 : 하향추세 096770 SK이노베이션 < 5MA 10MA
[INFO] 'chk_vobres_n_buy.py' 2026-06-02 12:02:23,205 : 하향추세 247540 에코프로비엠 < 5MA 10MA
[INFO] 'chk_vobres_n_buy.py' 2026-06-02 12:02:23,205 : 하향추세 272210 한화시스템 < 5MA 10MA
[DEBUG] 'chk_vobres_n_buy.py' 2026-06-02 12:02:23,205 : 조건검색 종목 수18
[INFO] 'chk_vobres_n_buy.py' 2026-06-02 12:02:24,210 : 하향추세 030200 KT < 5MA 10MA
[DEBUG] 'chk_vobres_n_buy.py' 2026-06-02 12:02:24,210 : 조건검색 종목 수3
[INFO] 'chk_vobres_n_buy.py' 2026-06-02 12:02:25,224 : 하향추세 003670 포스코퓨처엠 < 5MA 10MA
[WARNING] 'chk_vobres_n_buy.py' 2026-06-02 12:02:25,225 :  Not found in last_ohlc.txt 005070 코스모신소재
[INFO] 'chk_vobres_n_buy.py' 2026-06-02 12:02:25,225 : 하향추세 005490 POSCO홀딩스 < 5MA 10MA
[INFO] 'chk_vobres_n_buy.py' 2026-06-02 12:02:25,225 : 하향추세 006400 삼성SDI < 5MA 10MA
[INFO] 'chk_vobres_n_buy.py' 2026-06-02 12:02:25,226 : 하향추세 012450 한화에어로스페이스 < 5MA 10MA
[INFO] 'chk_vobres_n_buy.py' 2026-06-02 12:02:25,226 : 하향추세 042700 한미반도체 < 5MA 10MA
[INFO] 'chk_vobres_n_buy.py' 2026-06-02 12:02:25,226 : 하향추세 047810 한국항공우주 < 5MA 10MA
[INFO] 'chk_vobres_n_buy.py' 2026-06-02 12:02:25,227 : 하향추세 064350 현대로템 < 5MA 10MA
[INFO] 'chk_vobres_n_buy.py' 2026-06-02 12:02:25,227 : 하향추세 079550 LIG디펜스앤에어로스 < 5MA 10MA
[INFO] 'chk_vobres_n_buy.py' 2026-06-02 12:02:25,227 : 하향추세 086520 에코프로 < 5MA 10MA
[INFO] 'chk_vobres_n_buy.py' 2026-06-02 12:02:25,228 : 하향추세 096770 SK이노베이션 < 5MA 10MA
[INFO] 'chk_vobres_n_buy.py' 2026-06-02 12:02:25,228 : 하향추세 247540 에코프로비엠 < 5MA 10MA
[INFO] 'chk_vobres_n_buy.py' 2026-06-02 12:02:25,228 : 하향추세 272210 한화시스템 < 5MA 10MA
[DEBUG] 'chk_vobres_n_buy.py' 2026-06-02 12:02:25,229 : 조건검색 종목 수18
[INFO] 'chk_vobres_n_buy.py' 2026-06-02 12:02:26,231 : 하향추세 030200 KT < 5MA 10MA
[DEBUG] 'chk_vobres_n_buy.py' 2026-06-02 12:02:26,232 : 조건검색 종목 수3
[INFO] 'chk_vobres_n_buy.py' 2026-06-02 12:02:27,234 : 하향추세 003670 포스코퓨처엠 < 5MA 10MA
[WARNING] 'chk_vobres_n_buy.py' 2026-06-02 12:02:27,235 :  Not found in last_ohlc.txt 005070 코스모신소재
[INFO] 'chk_vobres_n_buy.py' 2026-06-02 12:02:27,235 : 하향추세 005490 POSCO홀딩스 < 5MA 10MA
[INFO] 'chk_vobres_n_buy.py' 2026-06-02 12:02:27,236 : 하향추세 006400 삼성SDI < 5MA 10MA
[INFO] 'chk_vobres_n_buy.py' 2026-06-02 12:02:27,236 : 하향추세 012450 한화에어로스페이스 < 5MA 10MA
[INFO] 'chk_vobres_n_buy.py' 2026-06-02 12:02:27,237 : 하향추세 042700 한미반도체 < 5MA 10MA
[INFO] 'chk_vobres_n_buy.py' 2026-06-02 12:02:27,237 : 하향추세 047810 한국항공우주 < 5MA 10MA
[INFO] 'chk_vobres_n_buy.py' 2026-06-02 12:02:27,237 : 하향추세 064350 현대로템 < 5MA 10MA
[INFO] 'chk_vobres_n_buy.py' 2026-06-02 12:02:27,238 : 하향추세 079550 LIG디펜스앤에어로스 < 5MA 10MA
[INFO] 'chk_vobres_n_buy.py' 2026-06-02 12:02:27,238 : 하향추세 086520 에코프로 < 5MA 10MA
[INFO] 'chk_vobres_n_buy.py' 2026-06-02 12:02:27,238 : 하향추세 096770 SK이노베이션 < 5MA 10MA
[INFO] 'chk_vobres_n_buy.py' 2026-06-02 12:02:27,239 : 하향추세 247540 에코프로비엠 < 5MA 10MA
[INFO] 'chk_vobres_n_buy.py' 2026-06-02 12:02:27,239 : 하향추세 272210 한화시스템 < 5MA 10MA
[DEBUG] 'chk_vobres_n_buy.py' 2026-06-02 12:02:27,239 : 조건검색 종목 수18
[INFO] 'chk_vobres_n_buy.py' 2026-06-02 12:02:28,249 : 하향추세 030200 KT < 5MA 10MA
[DEBUG] 'chk_vobres_n_buy.py' 2026-06-02 12:02:28,250 : 조건검색 종목 수3
[INFO] 'chk_vobres_n_buy.py' 2026-06-02 12:02:29,266 : 하향추세 003670 포스코퓨처엠 < 5MA 10MA
[WARNING] 'chk_vobres_n_buy.py' 2026-06-02 12:02:29,266 :  Not found in last_ohlc.txt 005070 코스모신소재
[INFO] 'chk_vobres_n_buy.py' 2026-06-02 12:02:29,267 : 하향추세 005490 POSCO홀딩스 < 5MA 10MA
[INFO] 'chk_vobres_n_buy.py' 2026-06-02 12:02:29,267 : 하향추세 006400 삼성SDI < 5MA 10MA
[INFO] 'chk_vobres_n_buy.py' 2026-06-02 12:02:29,268 : 하향추세 012450 한화에어로스페이스 < 5MA 10MA
[INFO] 'chk_vobres_n_buy.py' 2026-06-02 12:02:29,268 : 하향추세 042700 한미반도체 < 5MA 10MA
[INFO] 'chk_vobres_n_buy.py' 2026-06-02 12:02:29,269 : 하향추세 047810 한국항공우주 < 5MA 10MA
[INFO] 'chk_vobres_n_buy.py' 2026-06-02 12:02:29,269 : 하향추세 064350 현대로템 < 5MA 10MA
[INFO] 'chk_vobres_n_buy.py' 2026-06-02 12:02:29,270 : 하향추세 079550 LIG디펜스앤에어로스 < 5MA 10MA
[INFO] 'chk_vobres_n_buy.py' 2026-06-02 12:02:29,270 : 하향추세 086520 에코프로 < 5MA 10MA
[INFO] 'chk_vobres_n_buy.py' 2026-06-02 12:02:29,270 : 하향추세 096770 SK이노베이션 < 5MA 10MA
[INFO] 'chk_vobres_n_buy.py' 2026-06-02 12:02:29,270 : 하향추세 247540 에코프로비엠 < 5MA 10MA
[INFO] 'chk_vobres_n_buy.py' 2026-06-02 12:02:29,270 : 하향추세 272210 한화시스템 < 5MA 10MA
[DEBUG] 'chk_vobres_n_buy.py' 2026-06-02 12:02:29,271 : 조건검색 종목 수18
[INFO] 'chk_vobres_n_buy.py' 2026-06-02 12:02:30,287 : 하향추세 030200 KT < 5MA 10MA
[DEBUG] 'chk_vobres_n_buy.py' 2026-06-02 12:02:30,288 : 조건검색 종목 수3
[INFO] 'chk_vobres_n_buy.py' 2026-06-02 12:02:31,301 : 하향추세 003670 포스코퓨처엠 < 5MA 10MA
[WARNING] 'chk_vobres_n_buy.py' 2026-06-02 12:02:31,301 :  Not found in last_ohlc.txt 005070 코스모신소재
[INFO] 'chk_vobres_n_buy.py' 2026-06-02 12:02:31,302 : 하향추세 005490 POSCO홀딩스 < 5MA 10MA
[INFO] 'chk_vobres_n_buy.py' 2026-06-02 12:02:31,302 : 하향추세 006400 삼성SDI < 5MA 10MA
[INFO] 'chk_vobres_n_buy.py' 2026-06-02 12:02:31,303 : 하향추세 012450 한화에어로스페이스 < 5MA 10MA
[INFO] 'chk_vobres_n_buy.py' 2026-06-02 12:02:31,303 : 하향추세 042700 한미반도체 < 5MA 10MA
[INFO] 'chk_vobres_n_buy.py' 2026-06-02 12:02:31,303 : 하향추세 047810 한국항공우주 < 5MA 10MA
[INFO] 'chk_vobres_n_buy.py' 2026-06-02 12:02:31,304 : 하향추세 064350 현대로템 < 5MA 10MA
[INFO] 'chk_vobres_n_buy.py' 2026-06-02 12:02:31,304 : 하향추세 079550 LIG디펜스앤에어로스 < 5MA 10MA
[INFO] 'chk_vobres_n_buy.py' 2026-06-02 12:02:31,304 : 하향추세 086520 에코프로 < 5MA 10MA
[INFO] 'chk_vobres_n_buy.py' 2026-06-02 12:02:31,304 : 하향추세 096770 SK이노베이션 < 5MA 10MA
[INFO] 'chk_vobres_n_buy.py' 2026-06-02 12:02:31,305 : 하향추세 247540 에코프로비엠 < 5MA 10MA
[INFO] 'chk_vobres_n_buy.py' 2026-06-02 12:02:31,305 : 하향추세 272210 한화시스템 < 5MA 10MA
[DEBUG] 'chk_vobres_n_buy.py' 2026-06-02 12:02:31,305 : 조건검색 종목 수18
[INFO] 'chk_vobres_n_buy.py' 2026-06-02 12:02:32,320 : 하향추세 030200 KT < 5MA 10MA
[DEBUG] 'chk_vobres_n_buy.py' 2026-06-02 12:02:32,321 : 조건검색 종목 수3
[INFO] 'chk_vobres_n_buy.py' 2026-06-02 12:02:33,332 : 하향추세 003670 포스코퓨처엠 < 5MA 10MA
[WARNING] 'chk_vobres_n_buy.py' 2026-06-02 12:02:33,332 :  Not found in last_ohlc.txt 005070 코스모신소재
[INFO] 'chk_vobres_n_buy.py' 2026-06-02 12:02:33,333 : 하향추세 005490 POSCO홀딩스 < 5MA 10MA
[INFO] 'chk_vobres_n_buy.py' 2026-06-02 12:02:33,333 : 하향추세 006400 삼성SDI < 5MA 10MA
[INFO] 'chk_vobres_n_buy.py' 2026-06-02 12:02:33,334 : 하향추세 012450 한화에어로스페이스 < 5MA 10MA
[INFO] 'chk_vobres_n_buy.py' 2026-06-02 12:02:33,334 : 하향추세 042700 한미반도체 < 5MA 10MA
[INFO] 'chk_vobres_n_buy.py' 2026-06-02 12:02:33,334 : 하향추세 047810 한국항공우주 < 5MA 10MA
[INFO] 'chk_vobres_n_buy.py' 2026-06-02 12:02:33,335 : 하향추세 064350 현대로템 < 5MA 10MA
[INFO] 'chk_vobres_n_buy.py' 2026-06-02 12:02:33,335 : 하향추세 079550 LIG디펜스앤에어로스 < 5MA 10MA
[INFO] 'chk_vobres_n_buy.py' 2026-06-02 12:02:33,335 : 하향추세 086520 에코프로 < 5MA 10MA
[INFO] 'chk_vobres_n_buy.py' 2026-06-02 12:02:33,336 : 하향추세 096770 SK이노베이션 < 5MA 10MA
[INFO] 'chk_vobres_n_buy.py' 2026-06-02 12:02:33,336 : 하향추세 247540 에코프로비엠 < 5MA 10MA
[INFO] 'chk_vobres_n_buy.py' 2026-06-02 12:02:33,336 : 하향추세 272210 한화시스템 < 5MA 10MA
[DEBUG] 'chk_vobres_n_buy.py' 2026-06-02 12:02:33,337 : 조건검색 종목 수18
[INFO] 'chk_vobres_n_buy.py' 2026-06-02 12:02:34,353 : 하향추세 030200 KT < 5MA 10MA
[DEBUG] 'chk_vobres_n_buy.py' 2026-06-02 12:02:34,354 : 조건검색 종목 수3
[INFO] 'chk_vobres_n_buy.py' 2026-06-02 12:02:35,372 : 하향추세 003670 포스코퓨처엠 < 5MA 10MA
[WARNING] 'chk_vobres_n_buy.py' 2026-06-02 12:02:35,372 :  Not found in last_ohlc.txt 005070 코스모신소재
[INFO] 'chk_vobres_n_buy.py' 2026-06-02 12:02:35,373 : 하향추세 005490 POSCO홀딩스 < 5MA 10MA
[INFO] 'chk_vobres_n_buy.py' 2026-06-02 12:02:35,373 : 하향추세 006400 삼성SDI < 5MA 10MA
[INFO] 'chk_vobres_n_buy.py' 2026-06-02 12:02:35,373 : 하향추세 012450 한화에어로스페이스 < 5MA 10MA
[INFO] 'chk_vobres_n_buy.py' 2026-06-02 12:02:35,374 : 하향추세 042700 한미반도체 < 5MA 10MA
[INFO] 'chk_vobres_n_buy.py' 2026-06-02 12:02:35,374 : 하향추세 047810 한국항공우주 < 5MA 10MA
[INFO] 'chk_vobres_n_buy.py' 2026-06-02 12:02:35,374 : 하향추세 064350 현대로템 < 5MA 10MA
[INFO] 'chk_vobres_n_buy.py' 2026-06-02 12:02:35,375 : 하향추세 079550 LIG디펜스앤에어로스 < 5MA 10MA
[INFO] 'chk_vobres_n_buy.py' 2026-06-02 12:02:35,375 : 하향추세 086520 에코프로 < 5MA 10MA
[INFO] 'chk_vobres_n_buy.py' 2026-06-02 12:02:35,375 : 하향추세 096770 SK이노베이션 < 5MA 10MA
[INFO] 'chk_vobres_n_buy.py' 2026-06-02 12:02:35,376 : 하향추세 247540 에코프로비엠 < 5MA 10MA
[INFO] 'chk_vobres_n_buy.py' 2026-06-02 12:02:35,376 : 하향추세 272210 한화시스템 < 5MA 10MA
[DEBUG] 'chk_vobres_n_buy.py' 2026-06-02 12:02:35,376 : 조건검색 종목 수18
[INFO] 'chk_vobres_n_buy.py' 2026-06-02 12:02:36,384 : 하향추세 030200 KT < 5MA 10MA
[DEBUG] 'chk_vobres_n_buy.py' 2026-06-02 12:02:36,384 : 조건검색 종목 수3
[INFO] 'chk_vobres_n_buy.py' 2026-06-02 12:02:37,388 : 하향추세 003670 포스코퓨처엠 < 5MA 10MA
[WARNING] 'chk_vobres_n_buy.py' 2026-06-02 12:02:37,389 :  Not found in last_ohlc.txt 005070 코스모신소재
[INFO] 'chk_vobres_n_buy.py' 2026-06-02 12:02:37,389 : 하향추세 005490 POSCO홀딩스 < 5MA 10MA
[INFO] 'chk_vobres_n_buy.py' 2026-06-02 12:02:37,389 : 하향추세 006400 삼성SDI < 5MA 10MA
[INFO] 'chk_vobres_n_buy.py' 2026-06-02 12:02:37,390 : 하향추세 012450 한화에어로스페이스 < 5MA 10MA
[INFO] 'chk_vobres_n_buy.py' 2026-06-02 12:02:37,390 : 하향추세 042700 한미반도체 < 5MA 10MA
[INFO] 'chk_vobres_n_buy.py' 2026-06-02 12:02:37,390 : 하향추세 047810 한국항공우주 < 5MA 10MA
[INFO] 'chk_vobres_n_buy.py' 2026-06-02 12:02:37,391 : 하향추세 064350 현대로템 < 5MA 10MA
[INFO] 'chk_vobres_n_buy.py' 2026-06-02 12:02:37,391 : 하향추세 079550 LIG디펜스앤에어로스 < 5MA 10MA
[INFO] 'chk_vobres_n_buy.py' 2026-06-02 12:02:37,391 : 하향추세 086520 에코프로 < 5MA 10MA
[INFO] 'chk_vobres_n_buy.py' 2026-06-02 12:02:37,391 : 하향추세 096770 SK이노베이션 < 5MA 10MA
[INFO] 'chk_vobres_n_buy.py' 2026-06-02 12:02:37,392 : 하향추세 247540 에코프로비엠 < 5MA 10MA
[INFO] 'chk_vobres_n_buy.py' 2026-06-02 12:02:37,392 : 하향추세 272210 한화시스템 < 5MA 10MA
[DEBUG] 'chk_vobres_n_buy.py' 2026-06-02 12:02:37,392 : 조건검색 종목 수18
[INFO] 'chk_vobres_n_buy.py' 2026-06-02 12:02:38,396 : 하향추세 030200 KT < 5MA 10MA
[DEBUG] 'chk_vobres_n_buy.py' 2026-06-02 12:02:38,396 : 조건검색 종목 수3
[INFO] 'chk_vobres_n_buy.py' 2026-06-02 12:02:39,407 : 하향추세 003670 포스코퓨처엠 < 5MA 10MA
[WARNING] 'chk_vobres_n_buy.py' 2026-06-02 12:02:39,407 :  Not found in last_ohlc.txt 005070 코스모신소재
[INFO] 'chk_vobres_n_buy.py' 2026-06-02 12:02:39,408 : 하향추세 005490 POSCO홀딩스 < 5MA 10MA
[INFO] 'chk_vobres_n_buy.py' 2026-06-02 12:02:39,408 : 하향추세 006400 삼성SDI < 5MA 10MA
[INFO] 'chk_vobres_n_buy.py' 2026-06-02 12:02:39,409 : 하향추세 012450 한화에어로스페이스 < 5MA 10MA
[INFO] 'chk_vobres_n_buy.py' 2026-06-02 12:02:39,409 : 하향추세 042700 한미반도체 < 5MA 10MA
[INFO] 'chk_vobres_n_buy.py' 2026-06-02 12:02:39,409 : 하향추세 047810 한국항공우주 < 5MA 10MA
[INFO] 'chk_vobres_n_buy.py' 2026-06-02 12:02:39,410 : 하향추세 064350 현대로템 < 5MA 10MA
[INFO] 'chk_vobres_n_buy.py' 2026-06-02 12:02:39,410 : 하향추세 079550 LIG디펜스앤에어로스 < 5MA 10MA
[INFO] 'chk_vobres_n_buy.py' 2026-06-02 12:02:39,410 : 하향추세 086520 에코프로 < 5MA 10MA
[INFO] 'chk_vobres_n_buy.py' 2026-06-02 12:02:39,411 : 하향추세 096770 SK이노베이션 < 5MA 10MA
[INFO] 'chk_vobres_n_buy.py' 2026-06-02 12:02:39,411 : 하향추세 247540 에코프로비엠 < 5MA 10MA
[INFO] 'chk_vobres_n_buy.py' 2026-06-02 12:02:39,411 : 하향추세 272210 한화시스템 < 5MA 10MA
[DEBUG] 'chk_vobres_n_buy.py' 2026-06-02 12:02:39,411 : 조건검색 종목 수18
[DEBUG] 'chk_vobres_n_buy.py' 2026-06-02 12:02:40,422 : 조건검색 종목 수2
[INFO] 'chk_vobres_n_buy.py' 2026-06-02 12:02:41,429 : 하향추세 003670 포스코퓨처엠 < 5MA 10MA
[WARNING] 'chk_vobres_n_buy.py' 2026-06-02 12:02:41,429 :  Not found in last_ohlc.txt 005070 코스모신소재
[INFO] 'chk_vobres_n_buy.py' 2026-06-02 12:02:41,430 : 하향추세 005490 POSCO홀딩스 < 5MA 10MA
[INFO] 'chk_vobres_n_buy.py' 2026-06-02 12:02:41,430 : 하향추세 006400 삼성SDI < 5MA 10MA
[INFO] 'chk_vobres_n_buy.py' 2026-06-02 12:02:41,430 : 하향추세 012450 한화에어로스페이스 < 5MA 10MA
[INFO] 'chk_vobres_n_buy.py' 2026-06-02 12:02:41,431 : 하향추세 042700 한미반도체 < 5MA 10MA
[INFO] 'chk_vobres_n_buy.py' 2026-06-02 12:02:41,431 : 하향추세 047810 한국항공우주 < 5MA 10MA
[INFO] 'chk_vobres_n_buy.py' 2026-06-02 12:02:41,431 : 하향추세 064350 현대로템 < 5MA 10MA
[INFO] 'chk_vobres_n_buy.py' 2026-06-02 12:02:41,432 : 하향추세 079550 LIG디펜스앤에어로스 < 5MA 10MA
[INFO] 'chk_vobres_n_buy.py' 2026-06-02 12:02:41,432 : 하향추세 086520 에코프로 < 5MA 10MA
[INFO] 'chk_vobres_n_buy.py' 2026-06-02 12:02:41,432 : 하향추세 096770 SK이노베이션 < 5MA 10MA
[INFO] 'chk_vobres_n_buy.py' 2026-06-02 12:02:41,433 : 하향추세 247540 에코프로비엠 < 5MA 10MA
[INFO] 'chk_vobres_n_buy.py' 2026-06-02 12:02:41,433 : 하향추세 272210 한화시스템 < 5MA 10MA
[DEBUG] 'chk_vobres_n_buy.py' 2026-06-02 12:02:41,433 : 조건검색 종목 수18
[DEBUG] 'chk_vobres_n_buy.py' 2026-06-02 12:02:42,437 : 조건검색 종목 수2
[INFO] 'chk_vobres_n_buy.py' 2026-06-02 12:02:43,447 : 하향추세 003670 포스코퓨처엠 < 5MA 10MA
[WARNING] 'chk_vobres_n_buy.py' 2026-06-02 12:02:43,447 :  Not found in last_ohlc.txt 005070 코스모신소재
[INFO] 'chk_vobres_n_buy.py' 2026-06-02 12:02:43,447 : 하향추세 005490 POSCO홀딩스 < 5MA 10MA
[INFO] 'chk_vobres_n_buy.py' 2026-06-02 12:02:43,447 : 하향추세 006400 삼성SDI < 5MA 10MA
[INFO] 'chk_vobres_n_buy.py' 2026-06-02 12:02:43,447 : 하향추세 012450 한화에어로스페이스 < 5MA 10MA
[INFO] 'chk_vobres_n_buy.py' 2026-06-02 12:02:43,447 : 하향추세 042700 한미반도체 < 5MA 10MA
[INFO] 'chk_vobres_n_buy.py' 2026-06-02 12:02:43,447 : 하향추세 047810 한국항공우주 < 5MA 10MA
[INFO] 'chk_vobres_n_buy.py' 2026-06-02 12:02:43,447 : 하향추세 064350 현대로템 < 5MA 10MA
[INFO] 'chk_vobres_n_buy.py' 2026-06-02 12:02:43,448 : 하향추세 079550 LIG디펜스앤에어로스 < 5MA 10MA
[INFO] 'chk_vobres_n_buy.py' 2026-06-02 12:02:43,448 : 하향추세 086520 에코프로 < 5MA 10MA
[INFO] 'chk_vobres_n_buy.py' 2026-06-02 12:02:43,448 : 하향추세 096770 SK이노베이션 < 5MA 10MA
[INFO] 'chk_vobres_n_buy.py' 2026-06-02 12:02:43,448 : 하향추세 247540 에코프로비엠 < 5MA 10MA
[INFO] 'chk_vobres_n_buy.py' 2026-06-02 12:02:43,448 : 하향추세 272210 한화시스템 < 5MA 10MA
[DEBUG] 'chk_vobres_n_buy.py' 2026-06-02 12:02:43,448 : 조건검색 종목 수18
[DEBUG] 'chk_vobres_n_buy.py' 2026-06-02 12:02:44,452 : 조건검색 종목 수2
[INFO] 'chk_vobres_n_buy.py' 2026-06-02 12:02:45,458 : 하향추세 003670 포스코퓨처엠 < 5MA 10MA
[WARNING] 'chk_vobres_n_buy.py' 2026-06-02 12:02:45,458 :  Not found in last_ohlc.txt 005070 코스모신소재
[INFO] 'chk_vobres_n_buy.py' 2026-06-02 12:02:45,459 : 하향추세 005490 POSCO홀딩스 < 5MA 10MA
[INFO] 'chk_vobres_n_buy.py' 2026-06-02 12:02:45,459 : 하향추세 006400 삼성SDI < 5MA 10MA
[INFO] 'chk_vobres_n_buy.py' 2026-06-02 12:02:45,460 : 하향추세 012450 한화에어로스페이스 < 5MA 10MA
[INFO] 'chk_vobres_n_buy.py' 2026-06-02 12:02:45,460 : 하향추세 042700 한미반도체 < 5MA 10MA
[INFO] 'chk_vobres_n_buy.py' 2026-06-02 12:02:45,460 : 하향추세 047810 한국항공우주 < 5MA 10MA
[INFO] 'chk_vobres_n_buy.py' 2026-06-02 12:02:45,461 : 하향추세 064350 현대로템 < 5MA 10MA
[INFO] 'chk_vobres_n_buy.py' 2026-06-02 12:02:45,461 : 하향추세 079550 LIG디펜스앤에어로스 < 5MA 10MA
[INFO] 'chk_vobres_n_buy.py' 2026-06-02 12:02:45,462 : 하향추세 086520 에코프로 < 5MA 10MA
[INFO] 'chk_vobres_n_buy.py' 2026-06-02 12:02:45,462 : 하향추세 096770 SK이노베이션 < 5MA 10MA
[INFO] 'chk_vobres_n_buy.py' 2026-06-02 12:02:45,462 : 하향추세 247540 에코프로비엠 < 5MA 10MA
[INFO] 'chk_vobres_n_buy.py' 2026-06-02 12:02:45,463 : 하향추세 272210 한화시스템 < 5MA 10MA
[DEBUG] 'chk_vobres_n_buy.py' 2026-06-02 12:02:45,463 : 조건검색 종목 수18
[INFO] 'chk_vobres_n_buy.py' 2026-06-02 12:02:46,480 : 하향추세 030200 KT < 5MA 10MA
[DEBUG] 'chk_vobres_n_buy.py' 2026-06-02 12:02:46,480 : 조건검색 종목 수3
[INFO] 'chk_vobres_n_buy.py' 2026-06-02 12:02:47,488 : 하향추세 003670 포스코퓨처엠 < 5MA 10MA
[WARNING] 'chk_vobres_n_buy.py' 2026-06-02 12:02:47,488 :  Not found in last_ohlc.txt 005070 코스모신소재
[INFO] 'chk_vobres_n_buy.py' 2026-06-02 12:02:47,489 : 하향추세 005490 POSCO홀딩스 < 5MA 10MA
[INFO] 'chk_vobres_n_buy.py' 2026-06-02 12:02:47,489 : 하향추세 006400 삼성SDI < 5MA 10MA
[INFO] 'chk_vobres_n_buy.py' 2026-06-02 12:02:47,489 : 하향추세 012450 한화에어로스페이스 < 5MA 10MA
[INFO] 'chk_vobres_n_buy.py' 2026-06-02 12:02:47,490 : 하향추세 042700 한미반도체 < 5MA 10MA
[INFO] 'chk_vobres_n_buy.py' 2026-06-02 12:02:47,490 : 하향추세 047810 한국항공우주 < 5MA 10MA
[INFO] 'chk_vobres_n_buy.py' 2026-06-02 12:02:47,490 : 하향추세 064350 현대로템 < 5MA 10MA
[INFO] 'chk_vobres_n_buy.py' 2026-06-02 12:02:47,491 : 하향추세 079550 LIG디펜스앤에어로스 < 5MA 10MA
[INFO] 'chk_vobres_n_buy.py' 2026-06-02 12:02:47,491 : 하향추세 086520 에코프로 < 5MA 10MA
[INFO] 'chk_vobres_n_buy.py' 2026-06-02 12:02:47,491 : 하향추세 096770 SK이노베이션 < 5MA 10MA
[INFO] 'chk_vobres_n_buy.py' 2026-06-02 12:02:47,492 : 하향추세 247540 에코프로비엠 < 5MA 10MA
[INFO] 'chk_vobres_n_buy.py' 2026-06-02 12:02:47,492 : 하향추세 272210 한화시스템 < 5MA 10MA
[DEBUG] 'chk_vobres_n_buy.py' 2026-06-02 12:02:47,492 : 조건검색 종목 수18
[INFO] 'chk_vobres_n_buy.py' 2026-06-02 12:02:48,502 : 하향추세 030200 KT < 5MA 10MA
[DEBUG] 'chk_vobres_n_buy.py' 2026-06-02 12:02:48,503 : 조건검색 종목 수3
[INFO] 'chk_vobres_n_buy.py' 2026-06-02 12:02:49,508 : 하향추세 003670 포스코퓨처엠 < 5MA 10MA
[WARNING] 'chk_vobres_n_buy.py' 2026-06-02 12:02:49,509 :  Not found in last_ohlc.txt 005070 코스모신소재
[INFO] 'chk_vobres_n_buy.py' 2026-06-02 12:02:49,509 : 하향추세 005490 POSCO홀딩스 < 5MA 10MA
[INFO] 'chk_vobres_n_buy.py' 2026-06-02 12:02:49,509 : 하향추세 006400 삼성SDI < 5MA 10MA
[INFO] 'chk_vobres_n_buy.py' 2026-06-02 12:02:49,510 : 하향추세 012450 한화에어로스페이스 < 5MA 10MA
[INFO] 'chk_vobres_n_buy.py' 2026-06-02 12:02:49,510 : 하향추세 042700 한미반도체 < 5MA 10MA
[INFO] 'chk_vobres_n_buy.py' 2026-06-02 12:02:49,510 : 하향추세 047810 한국항공우주 < 5MA 10MA
[INFO] 'chk_vobres_n_buy.py' 2026-06-02 12:02:49,511 : 하향추세 064350 현대로템 < 5MA 10MA
[INFO] 'chk_vobres_n_buy.py' 2026-06-02 12:02:49,511 : 하향추세 079550 LIG디펜스앤에어로스 < 5MA 10MA
[INFO] 'chk_vobres_n_buy.py' 2026-06-02 12:02:49,511 : 하향추세 086520 에코프로 < 5MA 10MA
[INFO] 'chk_vobres_n_buy.py' 2026-06-02 12:02:49,512 : 하향추세 096770 SK이노베이션 < 5MA 10MA
[INFO] 'chk_vobres_n_buy.py' 2026-06-02 12:02:49,512 : 하향추세 247540 에코프로비엠 < 5MA 10MA
[INFO] 'chk_vobres_n_buy.py' 2026-06-02 12:02:49,512 : 하향추세 272210 한화시스템 < 5MA 10MA
[DEBUG] 'chk_vobres_n_buy.py' 2026-06-02 12:02:49,513 : 조건검색 종목 수18
[DEBUG] 'chk_vobres_n_buy.py' 2026-06-02 12:02:50,529 : 조건검색 종목 수2
[INFO] 'chk_vobres_n_buy.py' 2026-06-02 12:02:51,534 : 하향추세 003670 포스코퓨처엠 < 5MA 10MA
[WARNING] 'chk_vobres_n_buy.py' 2026-06-02 12:02:51,534 :  Not found in last_ohlc.txt 005070 코스모신소재
[INFO] 'chk_vobres_n_buy.py' 2026-06-02 12:02:51,535 : 하향추세 005490 POSCO홀딩스 < 5MA 10MA
[INFO] 'chk_vobres_n_buy.py' 2026-06-02 12:02:51,535 : 하향추세 006400 삼성SDI < 5MA 10MA
[INFO] 'chk_vobres_n_buy.py' 2026-06-02 12:02:51,535 : 하향추세 012450 한화에어로스페이스 < 5MA 10MA
[INFO] 'chk_vobres_n_buy.py' 2026-06-02 12:02:51,536 : 하향추세 042700 한미반도체 < 5MA 10MA
[INFO] 'chk_vobres_n_buy.py' 2026-06-02 12:02:51,536 : 하향추세 047810 한국항공우주 < 5MA 10MA
[INFO] 'chk_vobres_n_buy.py' 2026-06-02 12:02:51,537 : 하향추세 064350 현대로템 < 5MA 10MA
[INFO] 'chk_vobres_n_buy.py' 2026-06-02 12:02:51,537 : 하향추세 079550 LIG디펜스앤에어로스 < 5MA 10MA
[INFO] 'chk_vobres_n_buy.py' 2026-06-02 12:02:51,537 : 하향추세 086520 에코프로 < 5MA 10MA
[INFO] 'chk_vobres_n_buy.py' 2026-06-02 12:02:51,538 : 하향추세 096770 SK이노베이션 < 5MA 10MA
[INFO] 'chk_vobres_n_buy.py' 2026-06-02 12:02:51,538 : 하향추세 247540 에코프로비엠 < 5MA 10MA
[INFO] 'chk_vobres_n_buy.py' 2026-06-02 12:02:51,538 : 하향추세 272210 한화시스템 < 5MA 10MA
[DEBUG] 'chk_vobres_n_buy.py' 2026-06-02 12:02:51,539 : 조건검색 종목 수18
[DEBUG] 'chk_vobres_n_buy.py' 2026-06-02 12:02:52,556 : 조건검색 종목 수2
[INFO] 'chk_vobres_n_buy.py' 2026-06-02 12:02:53,564 : 하향추세 003670 포스코퓨처엠 < 5MA 10MA
[WARNING] 'chk_vobres_n_buy.py' 2026-06-02 12:02:53,565 :  Not found in last_ohlc.txt 005070 코스모신소재
[INFO] 'chk_vobres_n_buy.py' 2026-06-02 12:02:53,565 : 하향추세 005490 POSCO홀딩스 < 5MA 10MA
[INFO] 'chk_vobres_n_buy.py' 2026-06-02 12:02:53,566 : 하향추세 006400 삼성SDI < 5MA 10MA
[INFO] 'chk_vobres_n_buy.py' 2026-06-02 12:02:53,566 : 하향추세 012450 한화에어로스페이스 < 5MA 10MA
[INFO] 'chk_vobres_n_buy.py' 2026-06-02 12:02:53,566 : 하향추세 042700 한미반도체 < 5MA 10MA
[INFO] 'chk_vobres_n_buy.py' 2026-06-02 12:02:53,567 : 하향추세 047810 한국항공우주 < 5MA 10MA
[INFO] 'chk_vobres_n_buy.py' 2026-06-02 12:02:53,567 : 하향추세 064350 현대로템 < 5MA 10MA
[INFO] 'chk_vobres_n_buy.py' 2026-06-02 12:02:53,567 : 하향추세 079550 LIG디펜스앤에어로스 < 5MA 10MA
[INFO] 'chk_vobres_n_buy.py' 2026-06-02 12:02:53,568 : 하향추세 086520 에코프로 < 5MA 10MA
[INFO] 'chk_vobres_n_buy.py' 2026-06-02 12:02:53,568 : 하향추세 096770 SK이노베이션 < 5MA 10MA
[INFO] 'chk_vobres_n_buy.py' 2026-06-02 12:02:53,568 : 하향추세 247540 에코프로비엠 < 5MA 10MA
[INFO] 'chk_vobres_n_buy.py' 2026-06-02 12:02:53,569 : 하향추세 272210 한화시스템 < 5MA 10MA
[DEBUG] 'chk_vobres_n_buy.py' 2026-06-02 12:02:53,569 : 조건검색 종목 수18
[DEBUG] 'chk_vobres_n_buy.py' 2026-06-02 12:02:54,584 : 조건검색 종목 수2
[INFO] 'chk_vobres_n_buy.py' 2026-06-02 12:02:55,590 : 하향추세 003670 포스코퓨처엠 < 5MA 10MA
[WARNING] 'chk_vobres_n_buy.py' 2026-06-02 12:02:55,591 :  Not found in last_ohlc.txt 005070 코스모신소재
[INFO] 'chk_vobres_n_buy.py' 2026-06-02 12:02:55,591 : 하향추세 005490 POSCO홀딩스 < 5MA 10MA
[INFO] 'chk_vobres_n_buy.py' 2026-06-02 12:02:55,592 : 하향추세 006400 삼성SDI < 5MA 10MA
[INFO] 'chk_vobres_n_buy.py' 2026-06-02 12:02:55,592 : 하향추세 012450 한화에어로스페이스 < 5MA 10MA
[INFO] 'chk_vobres_n_buy.py' 2026-06-02 12:02:55,592 : 하향추세 042700 한미반도체 < 5MA 10MA
[INFO] 'chk_vobres_n_buy.py' 2026-06-02 12:02:55,593 : 하향추세 047810 한국항공우주 < 5MA 10MA
[INFO] 'chk_vobres_n_buy.py' 2026-06-02 12:02:55,593 : 하향추세 064350 현대로템 < 5MA 10MA
[INFO] 'chk_vobres_n_buy.py' 2026-06-02 12:02:55,593 : 하향추세 079550 LIG디펜스앤에어로스 < 5MA 10MA
[INFO] 'chk_vobres_n_buy.py' 2026-06-02 12:02:55,594 : 하향추세 086520 에코프로 < 5MA 10MA
[INFO] 'chk_vobres_n_buy.py' 2026-06-02 12:02:55,594 : 하향추세 096770 SK이노베이션 < 5MA 10MA
[INFO] 'chk_vobres_n_buy.py' 2026-06-02 12:02:55,594 : 하향추세 247540 에코프로비엠 < 5MA 10MA
[INFO] 'chk_vobres_n_buy.py' 2026-06-02 12:02:55,595 : 하향추세 272210 한화시스템 < 5MA 10MA
[DEBUG] 'chk_vobres_n_buy.py' 2026-06-02 12:02:55,595 : 조건검색 종목 수18
[INFO] 'chk_vobres_n_buy.py' 2026-06-02 12:02:56,608 : 하향추세 030200 KT < 5MA 10MA
[DEBUG] 'chk_vobres_n_buy.py' 2026-06-02 12:02:56,609 : 조건검색 종목 수3
[INFO] 'chk_vobres_n_buy.py' 2026-06-02 12:02:57,622 : 하향추세 003670 포스코퓨처엠 < 5MA 10MA
[WARNING] 'chk_vobres_n_buy.py' 2026-06-02 12:02:57,622 :  Not found in last_ohlc.txt 005070 코스모신소재
[INFO] 'chk_vobres_n_buy.py' 2026-06-02 12:02:57,623 : 하향추세 005490 POSCO홀딩스 < 5MA 10MA
[INFO] 'chk_vobres_n_buy.py' 2026-06-02 12:02:57,623 : 하향추세 006400 삼성SDI < 5MA 10MA
[INFO] 'chk_vobres_n_buy.py' 2026-06-02 12:02:57,623 : 하향추세 012450 한화에어로스페이스 < 5MA 10MA
[INFO] 'chk_vobres_n_buy.py' 2026-06-02 12:02:57,624 : 하향추세 042700 한미반도체 < 5MA 10MA
[INFO] 'chk_vobres_n_buy.py' 2026-06-02 12:02:57,624 : 하향추세 047810 한국항공우주 < 5MA 10MA
[INFO] 'chk_vobres_n_buy.py' 2026-06-02 12:02:57,624 : 하향추세 064350 현대로템 < 5MA 10MA
[INFO] 'chk_vobres_n_buy.py' 2026-06-02 12:02:57,625 : 하향추세 079550 LIG디펜스앤에어로스 < 5MA 10MA
[INFO] 'chk_vobres_n_buy.py' 2026-06-02 12:02:57,625 : 하향추세 086520 에코프로 < 5MA 10MA
[INFO] 'chk_vobres_n_buy.py' 2026-06-02 12:02:57,625 : 하향추세 096770 SK이노베이션 < 5MA 10MA
[INFO] 'chk_vobres_n_buy.py' 2026-06-02 12:02:57,626 : 하향추세 247540 에코프로비엠 < 5MA 10MA
[INFO] 'chk_vobres_n_buy.py' 2026-06-02 12:02:57,626 : 하향추세 272210 한화시스템 < 5MA 10MA
[DEBUG] 'chk_vobres_n_buy.py' 2026-06-02 12:02:57,626 : 조건검색 종목 수18
[DEBUG] 'chk_vobres_n_buy.py' 2026-06-02 12:02:58,643 : 조건검색 종목 수2
[INFO] 'chk_vobres_n_buy.py' 2026-06-02 12:02:59,659 : 하향추세 003670 포스코퓨처엠 < 5MA 10MA
[WARNING] 'chk_vobres_n_buy.py' 2026-06-02 12:02:59,659 :  Not found in last_ohlc.txt 005070 코스모신소재
[INFO] 'chk_vobres_n_buy.py' 2026-06-02 12:02:59,660 : 하향추세 005490 POSCO홀딩스 < 5MA 10MA
[INFO] 'chk_vobres_n_buy.py' 2026-06-02 12:02:59,660 : 하향추세 006400 삼성SDI < 5MA 10MA
[INFO] 'chk_vobres_n_buy.py' 2026-06-02 12:02:59,661 : 하향추세 012450 한화에어로스페이스 < 5MA 10MA
[INFO] 'chk_vobres_n_buy.py' 2026-06-02 12:02:59,661 : 하향추세 042700 한미반도체 < 5MA 10MA
[INFO] 'chk_vobres_n_buy.py' 2026-06-02 12:02:59,661 : 하향추세 047810 한국항공우주 < 5MA 10MA
[INFO] 'chk_vobres_n_buy.py' 2026-06-02 12:02:59,661 : 하향추세 064350 현대로템 < 5MA 10MA
[INFO] 'chk_vobres_n_buy.py' 2026-06-02 12:02:59,662 : 하향추세 079550 LIG디펜스앤에어로스 < 5MA 10MA
[INFO] 'chk_vobres_n_buy.py' 2026-06-02 12:02:59,662 : 하향추세 086520 에코프로 < 5MA 10MA
[INFO] 'chk_vobres_n_buy.py' 2026-06-02 12:02:59,662 : 하향추세 096770 SK이노베이션 < 5MA 10MA
[INFO] 'chk_vobres_n_buy.py' 2026-06-02 12:02:59,663 : 하향추세 247540 에코프로비엠 < 5MA 10MA
[INFO] 'chk_vobres_n_buy.py' 2026-06-02 12:02:59,663 : 하향추세 272210 한화시스템 < 5MA 10MA
[DEBUG] 'chk_vobres_n_buy.py' 2026-06-02 12:02:59,663 : 조건검색 종목 수18
[DEBUG] 'chk_vobres_n_buy.py' 2026-06-02 12:03:00,674 : 조건검색 종목 수2
[INFO] 'chk_vobres_n_buy.py' 2026-06-02 12:03:01,684 : 하향추세 003670 포스코퓨처엠 < 5MA 10MA
[WARNING] 'chk_vobres_n_buy.py' 2026-06-02 12:03:01,685 :  Not found in last_ohlc.txt 005070 코스모신소재
[INFO] 'chk_vobres_n_buy.py' 2026-06-02 12:03:01,685 : 하향추세 005490 POSCO홀딩스 < 5MA 10MA
[INFO] 'chk_vobres_n_buy.py' 2026-06-02 12:03:01,685 : 하향추세 006400 삼성SDI < 5MA 10MA
[INFO] 'chk_vobres_n_buy.py' 2026-06-02 12:03:01,686 : 하향추세 012450 한화에어로스페이스 < 5MA 10MA
[INFO] 'chk_vobres_n_buy.py' 2026-06-02 12:03:01,686 : 하향추세 042700 한미반도체 < 5MA 10MA
[INFO] 'chk_vobres_n_buy.py' 2026-06-02 12:03:01,686 : 하향추세 047810 한국항공우주 < 5MA 10MA
[INFO] 'chk_vobres_n_buy.py' 2026-06-02 12:03:01,687 : 하향추세 064350 현대로템 < 5MA 10MA
[INFO] 'chk_vobres_n_buy.py' 2026-06-02 12:03:01,687 : 하향추세 079550 LIG디펜스앤에어로스 < 5MA 10MA
[INFO] 'chk_vobres_n_buy.py' 2026-06-02 12:03:01,688 : 하향추세 086520 에코프로 < 5MA 10MA
[INFO] 'chk_vobres_n_buy.py' 2026-06-02 12:03:01,688 : 하향추세 096770 SK이노베이션 < 5MA 10MA
[INFO] 'chk_vobres_n_buy.py' 2026-06-02 12:03:01,688 : 하향추세 247540 에코프로비엠 < 5MA 10MA
[INFO] 'chk_vobres_n_buy.py' 2026-06-02 12:03:01,688 : 하향추세 272210 한화시스템 < 5MA 10MA
[DEBUG] 'chk_vobres_n_buy.py' 2026-06-02 12:03:01,689 : 조건검색 종목 수18
[DEBUG] 'chk_vobres_n_buy.py' 2026-06-02 12:03:02,702 : 조건검색 종목 수4
[INFO] 'chk_vobres_n_buy.py' 2026-06-02 12:03:03,710 : 하향추세 003670 포스코퓨처엠 < 5MA 10MA
[WARNING] 'chk_vobres_n_buy.py' 2026-06-02 12:03:03,710 :  Not found in last_ohlc.txt 005070 코스모신소재
[INFO] 'chk_vobres_n_buy.py' 2026-06-02 12:03:03,710 : 하향추세 005490 POSCO홀딩스 < 5MA 10MA
[INFO] 'chk_vobres_n_buy.py' 2026-06-02 12:03:03,710 : 하향추세 006400 삼성SDI < 5MA 10MA
[INFO] 'chk_vobres_n_buy.py' 2026-06-02 12:03:03,710 : 하향추세 012450 한화에어로스페이스 < 5MA 10MA
[INFO] 'chk_vobres_n_buy.py' 2026-06-02 12:03:03,711 : 하향추세 042700 한미반도체 < 5MA 10MA
[INFO] 'chk_vobres_n_buy.py' 2026-06-02 12:03:03,711 : 하향추세 047810 한국항공우주 < 5MA 10MA
[INFO] 'chk_vobres_n_buy.py' 2026-06-02 12:03:03,711 : 하향추세 064350 현대로템 < 5MA 10MA
[INFO] 'chk_vobres_n_buy.py' 2026-06-02 12:03:03,711 : 하향추세 079550 LIG디펜스앤에어로스 < 5MA 10MA
[INFO] 'chk_vobres_n_buy.py' 2026-06-02 12:03:03,711 : 하향추세 086520 에코프로 < 5MA 10MA
[INFO] 'chk_vobres_n_buy.py' 2026-06-02 12:03:03,711 : 하향추세 096770 SK이노베이션 < 5MA 10MA
[INFO] 'chk_vobres_n_buy.py' 2026-06-02 12:03:03,711 : 하향추세 247540 에코프로비엠 < 5MA 10MA
[INFO] 'chk_vobres_n_buy.py' 2026-06-02 12:03:03,711 : 하향추세 272210 한화시스템 < 5MA 10MA
[DEBUG] 'chk_vobres_n_buy.py' 2026-06-02 12:03:03,712 : 조건검색 종목 수18
[DEBUG] 'chk_vobres_n_buy.py' 2026-06-02 12:03:04,718 : 조건검색 종목 수4
[INFO] 'chk_vobres_n_buy.py' 2026-06-02 12:03:05,735 : 하향추세 003670 포스코퓨처엠 < 5MA 10MA
[WARNING] 'chk_vobres_n_buy.py' 2026-06-02 12:03:05,735 :  Not found in last_ohlc.txt 005070 코스모신소재
[INFO] 'chk_vobres_n_buy.py' 2026-06-02 12:03:05,735 : 하향추세 005490 POSCO홀딩스 < 5MA 10MA
[INFO] 'chk_vobres_n_buy.py' 2026-06-02 12:03:05,735 : 하향추세 006400 삼성SDI < 5MA 10MA
[INFO] 'chk_vobres_n_buy.py' 2026-06-02 12:03:05,736 : 하향추세 012450 한화에어로스페이스 < 5MA 10MA
[INFO] 'chk_vobres_n_buy.py' 2026-06-02 12:03:05,736 : 하향추세 042700 한미반도체 < 5MA 10MA
[INFO] 'chk_vobres_n_buy.py' 2026-06-02 12:03:05,736 : 하향추세 047810 한국항공우주 < 5MA 10MA
[INFO] 'chk_vobres_n_buy.py' 2026-06-02 12:03:05,736 : 하향추세 064350 현대로템 < 5MA 10MA
[INFO] 'chk_vobres_n_buy.py' 2026-06-02 12:03:05,736 : 하향추세 079550 LIG디펜스앤에어로스 < 5MA 10MA
[INFO] 'chk_vobres_n_buy.py' 2026-06-02 12:03:05,737 : 하향추세 086520 에코프로 < 5MA 10MA
[INFO] 'chk_vobres_n_buy.py' 2026-06-02 12:03:05,737 : 하향추세 096770 SK이노베이션 < 5MA 10MA
[INFO] 'chk_vobres_n_buy.py' 2026-06-02 12:03:05,737 : 하향추세 247540 에코프로비엠 < 5MA 10MA
[INFO] 'chk_vobres_n_buy.py' 2026-06-02 12:03:05,737 : 하향추세 272210 한화시스템 < 5MA 10MA
[DEBUG] 'chk_vobres_n_buy.py' 2026-06-02 12:03:05,737 : 조건검색 종목 수18
[DEBUG] 'chk_vobres_n_buy.py' 2026-06-02 12:03:06,740 : 조건검색 종목 수3
[INFO] 'chk_vobres_n_buy.py' 2026-06-02 12:03:07,747 : 하향추세 003670 포스코퓨처엠 < 5MA 10MA
[WARNING] 'chk_vobres_n_buy.py' 2026-06-02 12:03:07,748 :  Not found in last_ohlc.txt 005070 코스모신소재
[INFO] 'chk_vobres_n_buy.py' 2026-06-02 12:03:07,748 : 하향추세 005490 POSCO홀딩스 < 5MA 10MA
[INFO] 'chk_vobres_n_buy.py' 2026-06-02 12:03:07,749 : 하향추세 006400 삼성SDI < 5MA 10MA
[INFO] 'chk_vobres_n_buy.py' 2026-06-02 12:03:07,749 : 하향추세 012450 한화에어로스페이스 < 5MA 10MA
[INFO] 'chk_vobres_n_buy.py' 2026-06-02 12:03:07,749 : 하향추세 042700 한미반도체 < 5MA 10MA
[INFO] 'chk_vobres_n_buy.py' 2026-06-02 12:03:07,750 : 하향추세 047810 한국항공우주 < 5MA 10MA
[INFO] 'chk_vobres_n_buy.py' 2026-06-02 12:03:07,750 : 하향추세 064350 현대로템 < 5MA 10MA
[INFO] 'chk_vobres_n_buy.py' 2026-06-02 12:03:07,750 : 하향추세 079550 LIG디펜스앤에어로스 < 5MA 10MA
[INFO] 'chk_vobres_n_buy.py' 2026-06-02 12:03:07,751 : 하향추세 086520 에코프로 < 5MA 10MA
[INFO] 'chk_vobres_n_buy.py' 2026-06-02 12:03:07,751 : 하향추세 096770 SK이노베이션 < 5MA 10MA
[INFO] 'chk_vobres_n_buy.py' 2026-06-02 12:03:07,751 : 하향추세 247540 에코프로비엠 < 5MA 10MA
[INFO] 'chk_vobres_n_buy.py' 2026-06-02 12:03:07,751 : 하향추세 272210 한화시스템 < 5MA 10MA
[DEBUG] 'chk_vobres_n_buy.py' 2026-06-02 12:03:07,752 : 조건검색 종목 수18
[DEBUG] 'chk_vobres_n_buy.py' 2026-06-02 12:03:08,768 : 조건검색 종목 수3
[INFO] 'chk_vobres_n_buy.py' 2026-06-02 12:03:09,788 : 하향추세 003670 포스코퓨처엠 < 5MA 10MA
[WARNING] 'chk_vobres_n_buy.py' 2026-06-02 12:03:09,789 :  Not found in last_ohlc.txt 005070 코스모신소재
[INFO] 'chk_vobres_n_buy.py' 2026-06-02 12:03:09,790 : 하향추세 005490 POSCO홀딩스 < 5MA 10MA
[INFO] 'chk_vobres_n_buy.py' 2026-06-02 12:03:09,790 : 하향추세 006400 삼성SDI < 5MA 10MA
[INFO] 'chk_vobres_n_buy.py' 2026-06-02 12:03:09,790 : 하향추세 012450 한화에어로스페이스 < 5MA 10MA
[INFO] 'chk_vobres_n_buy.py' 2026-06-02 12:03:09,791 : 하향추세 042700 한미반도체 < 5MA 10MA
[INFO] 'chk_vobres_n_buy.py' 2026-06-02 12:03:09,791 : 하향추세 047810 한국항공우주 < 5MA 10MA
[INFO] 'chk_vobres_n_buy.py' 2026-06-02 12:03:09,791 : 하향추세 064350 현대로템 < 5MA 10MA
[INFO] 'chk_vobres_n_buy.py' 2026-06-02 12:03:09,792 : 하향추세 079550 LIG디펜스앤에어로스 < 5MA 10MA
[INFO] 'chk_vobres_n_buy.py' 2026-06-02 12:03:09,792 : 하향추세 086520 에코프로 < 5MA 10MA
[INFO] 'chk_vobres_n_buy.py' 2026-06-02 12:03:09,792 : 하향추세 096770 SK이노베이션 < 5MA 10MA
[INFO] 'chk_vobres_n_buy.py' 2026-06-02 12:03:09,793 : 하향추세 247540 에코프로비엠 < 5MA 10MA
[INFO] 'chk_vobres_n_buy.py' 2026-06-02 12:03:09,793 : 하향추세 272210 한화시스템 < 5MA 10MA
[DEBUG] 'chk_vobres_n_buy.py' 2026-06-02 12:03:09,793 : 조건검색 종목 수18
[DEBUG] 'chk_vobres_n_buy.py' 2026-06-02 12:03:10,805 : 조건검색 종목 수3
[INFO] 'chk_vobres_n_buy.py' 2026-06-02 12:03:11,812 : 하향추세 003670 포스코퓨처엠 < 5MA 10MA
[WARNING] 'chk_vobres_n_buy.py' 2026-06-02 12:03:11,812 :  Not found in last_ohlc.txt 005070 코스모신소재
[INFO] 'chk_vobres_n_buy.py' 2026-06-02 12:03:11,813 : 하향추세 005490 POSCO홀딩스 < 5MA 10MA
[INFO] 'chk_vobres_n_buy.py' 2026-06-02 12:03:11,813 : 하향추세 006400 삼성SDI < 5MA 10MA
[INFO] 'chk_vobres_n_buy.py' 2026-06-02 12:03:11,814 : 하향추세 012450 한화에어로스페이스 < 5MA 10MA
[INFO] 'chk_vobres_n_buy.py' 2026-06-02 12:03:11,814 : 하향추세 042700 한미반도체 < 5MA 10MA
[INFO] 'chk_vobres_n_buy.py' 2026-06-02 12:03:11,814 : 하향추세 047810 한국항공우주 < 5MA 10MA
[INFO] 'chk_vobres_n_buy.py' 2026-06-02 12:03:11,815 : 하향추세 064350 현대로템 < 5MA 10MA
[INFO] 'chk_vobres_n_buy.py' 2026-06-02 12:03:11,815 : 하향추세 079550 LIG디펜스앤에어로스 < 5MA 10MA
[INFO] 'chk_vobres_n_buy.py' 2026-06-02 12:03:11,815 : 하향추세 086520 에코프로 < 5MA 10MA
[INFO] 'chk_vobres_n_buy.py' 2026-06-02 12:03:11,816 : 하향추세 096770 SK이노베이션 < 5MA 10MA
[INFO] 'chk_vobres_n_buy.py' 2026-06-02 12:03:11,816 : 하향추세 247540 에코프로비엠 < 5MA 10MA
[INFO] 'chk_vobres_n_buy.py' 2026-06-02 12:03:11,816 : 하향추세 272210 한화시스템 < 5MA 10MA
[DEBUG] 'chk_vobres_n_buy.py' 2026-06-02 12:03:11,817 : 조건검색 종목 수18
[DEBUG] 'chk_vobres_n_buy.py' 2026-06-02 12:03:12,830 : 조건검색 종목 수3
[INFO] 'chk_vobres_n_buy.py' 2026-06-02 12:03:13,847 : 하향추세 003670 포스코퓨처엠 < 5MA 10MA
[WARNING] 'chk_vobres_n_buy.py' 2026-06-02 12:03:13,847 :  Not found in last_ohlc.txt 005070 코스모신소재
[INFO] 'chk_vobres_n_buy.py' 2026-06-02 12:03:13,847 : 하향추세 005490 POSCO홀딩스 < 5MA 10MA
[INFO] 'chk_vobres_n_buy.py' 2026-06-02 12:03:13,847 : 하향추세 006400 삼성SDI < 5MA 10MA
[INFO] 'chk_vobres_n_buy.py' 2026-06-02 12:03:13,847 : 하향추세 012450 한화에어로스페이스 < 5MA 10MA
[INFO] 'chk_vobres_n_buy.py' 2026-06-02 12:03:13,848 : 하향추세 042700 한미반도체 < 5MA 10MA
[INFO] 'chk_vobres_n_buy.py' 2026-06-02 12:03:13,848 : 하향추세 047810 한국항공우주 < 5MA 10MA
[INFO] 'chk_vobres_n_buy.py' 2026-06-02 12:03:13,848 : 하향추세 064350 현대로템 < 5MA 10MA
[INFO] 'chk_vobres_n_buy.py' 2026-06-02 12:03:13,848 : 하향추세 079550 LIG디펜스앤에어로스 < 5MA 10MA
[INFO] 'chk_vobres_n_buy.py' 2026-06-02 12:03:13,848 : 하향추세 086520 에코프로 < 5MA 10MA
[INFO] 'chk_vobres_n_buy.py' 2026-06-02 12:03:13,848 : 하향추세 096770 SK이노베이션 < 5MA 10MA
[INFO] 'chk_vobres_n_buy.py' 2026-06-02 12:03:13,848 : 하향추세 247540 에코프로비엠 < 5MA 10MA
[INFO] 'chk_vobres_n_buy.py' 2026-06-02 12:03:13,848 : 하향추세 272210 한화시스템 < 5MA 10MA
[DEBUG] 'chk_vobres_n_buy.py' 2026-06-02 12:03:13,848 : 조건검색 종목 수18
[DEBUG] 'chk_vobres_n_buy.py' 2026-06-02 12:03:14,852 : 조건검색 종목 수3
[INFO] 'chk_vobres_n_buy.py' 2026-06-02 12:03:15,872 : 하향추세 003670 포스코퓨처엠 < 5MA 10MA
[WARNING] 'chk_vobres_n_buy.py' 2026-06-02 12:03:15,873 :  Not found in last_ohlc.txt 005070 코스모신소재
[INFO] 'chk_vobres_n_buy.py' 2026-06-02 12:03:15,873 : 하향추세 005490 POSCO홀딩스 < 5MA 10MA
[INFO] 'chk_vobres_n_buy.py' 2026-06-02 12:03:15,874 : 하향추세 006400 삼성SDI < 5MA 10MA
[INFO] 'chk_vobres_n_buy.py' 2026-06-02 12:03:15,874 : 하향추세 012450 한화에어로스페이스 < 5MA 10MA
[INFO] 'chk_vobres_n_buy.py' 2026-06-02 12:03:15,874 : 하향추세 042700 한미반도체 < 5MA 10MA
[INFO] 'chk_vobres_n_buy.py' 2026-06-02 12:03:15,875 : 하향추세 047810 한국항공우주 < 5MA 10MA
[INFO] 'chk_vobres_n_buy.py' 2026-06-02 12:03:15,875 : 하향추세 064350 현대로템 < 5MA 10MA
[INFO] 'chk_vobres_n_buy.py' 2026-06-02 12:03:15,875 : 하향추세 079550 LIG디펜스앤에어로스 < 5MA 10MA
[INFO] 'chk_vobres_n_buy.py' 2026-06-02 12:03:15,876 : 하향추세 086520 에코프로 < 5MA 10MA
[INFO] 'chk_vobres_n_buy.py' 2026-06-02 12:03:15,876 : 하향추세 096770 SK이노베이션 < 5MA 10MA
[INFO] 'chk_vobres_n_buy.py' 2026-06-02 12:03:15,876 : 하향추세 247540 에코프로비엠 < 5MA 10MA
[INFO] 'chk_vobres_n_buy.py' 2026-06-02 12:03:15,877 : 하향추세 272210 한화시스템 < 5MA 10MA
[DEBUG] 'chk_vobres_n_buy.py' 2026-06-02 12:03:15,877 : 조건검색 종목 수18
[DEBUG] 'chk_vobres_n_buy.py' 2026-06-02 12:03:16,891 : 조건검색 종목 수3
[INFO] 'chk_vobres_n_buy.py' 2026-06-02 12:03:17,901 : 하향추세 003670 포스코퓨처엠 < 5MA 10MA
[WARNING] 'chk_vobres_n_buy.py' 2026-06-02 12:03:17,902 :  Not found in last_ohlc.txt 005070 코스모신소재
[INFO] 'chk_vobres_n_buy.py' 2026-06-02 12:03:17,903 : 하향추세 005490 POSCO홀딩스 < 5MA 10MA
[INFO] 'chk_vobres_n_buy.py' 2026-06-02 12:03:17,903 : 하향추세 006400 삼성SDI < 5MA 10MA
[INFO] 'chk_vobres_n_buy.py' 2026-06-02 12:03:17,903 : 하향추세 012450 한화에어로스페이스 < 5MA 10MA
[INFO] 'chk_vobres_n_buy.py' 2026-06-02 12:03:17,904 : 하향추세 042700 한미반도체 < 5MA 10MA
[INFO] 'chk_vobres_n_buy.py' 2026-06-02 12:03:17,904 : 하향추세 047810 한국항공우주 < 5MA 10MA
[INFO] 'chk_vobres_n_buy.py' 2026-06-02 12:03:17,904 : 하향추세 064350 현대로템 < 5MA 10MA
[INFO] 'chk_vobres_n_buy.py' 2026-06-02 12:03:17,905 : 하향추세 079550 LIG디펜스앤에어로스 < 5MA 10MA
[INFO] 'chk_vobres_n_buy.py' 2026-06-02 12:03:17,905 : 하향추세 086520 에코프로 < 5MA 10MA
[INFO] 'chk_vobres_n_buy.py' 2026-06-02 12:03:17,905 : 하향추세 096770 SK이노베이션 < 5MA 10MA
[INFO] 'chk_vobres_n_buy.py' 2026-06-02 12:03:17,906 : 하향추세 247540 에코프로비엠 < 5MA 10MA
[INFO] 'chk_vobres_n_buy.py' 2026-06-02 12:03:17,906 : 하향추세 272210 한화시스템 < 5MA 10MA
[DEBUG] 'chk_vobres_n_buy.py' 2026-06-02 12:03:17,906 : 조건검색 종목 수18
[DEBUG] 'chk_vobres_n_buy.py' 2026-06-02 12:03:18,921 : 조건검색 종목 수3
[INFO] 'chk_vobres_n_buy.py' 2026-06-02 12:03:19,939 : 하향추세 003670 포스코퓨처엠 < 5MA 10MA
[WARNING] 'chk_vobres_n_buy.py' 2026-06-02 12:03:19,940 :  Not found in last_ohlc.txt 005070 코스모신소재
[INFO] 'chk_vobres_n_buy.py' 2026-06-02 12:03:19,940 : 하향추세 005490 POSCO홀딩스 < 5MA 10MA
[INFO] 'chk_vobres_n_buy.py' 2026-06-02 12:03:19,940 : 하향추세 006400 삼성SDI < 5MA 10MA
[INFO] 'chk_vobres_n_buy.py' 2026-06-02 12:03:19,940 : 하향추세 012450 한화에어로스페이스 < 5MA 10MA
[INFO] 'chk_vobres_n_buy.py' 2026-06-02 12:03:19,941 : 하향추세 042700 한미반도체 < 5MA 10MA
[INFO] 'chk_vobres_n_buy.py' 2026-06-02 12:03:19,941 : 하향추세 047810 한국항공우주 < 5MA 10MA
[INFO] 'chk_vobres_n_buy.py' 2026-06-02 12:03:19,941 : 하향추세 064350 현대로템 < 5MA 10MA
[INFO] 'chk_vobres_n_buy.py' 2026-06-02 12:03:19,941 : 하향추세 079550 LIG디펜스앤에어로스 < 5MA 10MA
[INFO] 'chk_vobres_n_buy.py' 2026-06-02 12:03:19,941 : 하향추세 086520 에코프로 < 5MA 10MA
[INFO] 'chk_vobres_n_buy.py' 2026-06-02 12:03:19,941 : 하향추세 096770 SK이노베이션 < 5MA 10MA
[INFO] 'chk_vobres_n_buy.py' 2026-06-02 12:03:19,942 : 하향추세 247540 에코프로비엠 < 5MA 10MA
[INFO] 'chk_vobres_n_buy.py' 2026-06-02 12:03:19,942 : 하향추세 272210 한화시스템 < 5MA 10MA
[DEBUG] 'chk_vobres_n_buy.py' 2026-06-02 12:03:19,942 : 조건검색 종목 수18
[DEBUG] 'chk_vobres_n_buy.py' 2026-06-02 12:03:20,957 : 조건검색 종목 수3
[INFO] 'chk_vobres_n_buy.py' 2026-06-02 12:03:21,962 : 하향추세 003670 포스코퓨처엠 < 5MA 10MA
[WARNING] 'chk_vobres_n_buy.py' 2026-06-02 12:03:21,963 :  Not found in last_ohlc.txt 005070 코스모신소재
[INFO] 'chk_vobres_n_buy.py' 2026-06-02 12:03:21,963 : 하향추세 005490 POSCO홀딩스 < 5MA 10MA
[INFO] 'chk_vobres_n_buy.py' 2026-06-02 12:03:21,964 : 하향추세 006400 삼성SDI < 5MA 10MA
[INFO] 'chk_vobres_n_buy.py' 2026-06-02 12:03:21,964 : 하향추세 012450 한화에어로스페이스 < 5MA 10MA
[INFO] 'chk_vobres_n_buy.py' 2026-06-02 12:03:21,964 : 하향추세 042700 한미반도체 < 5MA 10MA
[INFO] 'chk_vobres_n_buy.py' 2026-06-02 12:03:21,965 : 하향추세 047810 한국항공우주 < 5MA 10MA
[INFO] 'chk_vobres_n_buy.py' 2026-06-02 12:03:21,965 : 하향추세 064350 현대로템 < 5MA 10MA
[INFO] 'chk_vobres_n_buy.py' 2026-06-02 12:03:21,965 : 하향추세 079550 LIG디펜스앤에어로스 < 5MA 10MA
[INFO] 'chk_vobres_n_buy.py' 2026-06-02 12:03:21,966 : 하향추세 086520 에코프로 < 5MA 10MA
[INFO] 'chk_vobres_n_buy.py' 2026-06-02 12:03:21,966 : 하향추세 096770 SK이노베이션 < 5MA 10MA
[INFO] 'chk_vobres_n_buy.py' 2026-06-02 12:03:21,966 : 하향추세 247540 에코프로비엠 < 5MA 10MA
[INFO] 'chk_vobres_n_buy.py' 2026-06-02 12:03:21,967 : 하향추세 272210 한화시스템 < 5MA 10MA
[DEBUG] 'chk_vobres_n_buy.py' 2026-06-02 12:03:21,967 : 조건검색 종목 수18
[DEBUG] 'chk_vobres_n_buy.py' 2026-06-02 12:03:22,979 : 조건검색 종목 수4
[INFO] 'chk_vobres_n_buy.py' 2026-06-02 12:03:23,993 : 하향추세 003670 포스코퓨처엠 < 5MA 10MA
[WARNING] 'chk_vobres_n_buy.py' 2026-06-02 12:03:23,994 :  Not found in last_ohlc.txt 005070 코스모신소재
[INFO] 'chk_vobres_n_buy.py' 2026-06-02 12:03:23,994 : 하향추세 005490 POSCO홀딩스 < 5MA 10MA
[INFO] 'chk_vobres_n_buy.py' 2026-06-02 12:03:23,995 : 하향추세 006400 삼성SDI < 5MA 10MA
[INFO] 'chk_vobres_n_buy.py' 2026-06-02 12:03:23,995 : 하향추세 012450 한화에어로스페이스 < 5MA 10MA
[INFO] 'chk_vobres_n_buy.py' 2026-06-02 12:03:23,995 : 하향추세 042700 한미반도체 < 5MA 10MA
[INFO] 'chk_vobres_n_buy.py' 2026-06-02 12:03:23,996 : 하향추세 047810 한국항공우주 < 5MA 10MA
[INFO] 'chk_vobres_n_buy.py' 2026-06-02 12:03:23,996 : 하향추세 064350 현대로템 < 5MA 10MA
[INFO] 'chk_vobres_n_buy.py' 2026-06-02 12:03:23,996 : 하향추세 079550 LIG디펜스앤에어로스 < 5MA 10MA
[INFO] 'chk_vobres_n_buy.py' 2026-06-02 12:03:23,997 : 하향추세 086520 에코프로 < 5MA 10MA
[INFO] 'chk_vobres_n_buy.py' 2026-06-02 12:03:23,997 : 하향추세 096770 SK이노베이션 < 5MA 10MA
[INFO] 'chk_vobres_n_buy.py' 2026-06-02 12:03:23,997 : 하향추세 247540 에코프로비엠 < 5MA 10MA
[INFO] 'chk_vobres_n_buy.py' 2026-06-02 12:03:23,998 : 하향추세 272210 한화시스템 < 5MA 10MA
[DEBUG] 'chk_vobres_n_buy.py' 2026-06-02 12:03:23,998 : 조건검색 종목 수18
[DEBUG] 'chk_vobres_n_buy.py' 2026-06-02 12:03:25,003 : 조건검색 종목 수4
[INFO] 'chk_vobres_n_buy.py' 2026-06-02 12:03:26,009 : 하향추세 003670 포스코퓨처엠 < 5MA 10MA
[WARNING] 'chk_vobres_n_buy.py' 2026-06-02 12:03:26,010 :  Not found in last_ohlc.txt 005070 코스모신소재
[INFO] 'chk_vobres_n_buy.py' 2026-06-02 12:03:26,010 : 하향추세 005490 POSCO홀딩스 < 5MA 10MA
[INFO] 'chk_vobres_n_buy.py' 2026-06-02 12:03:26,010 : 하향추세 006400 삼성SDI < 5MA 10MA
[INFO] 'chk_vobres_n_buy.py' 2026-06-02 12:03:26,011 : 하향추세 012450 한화에어로스페이스 < 5MA 10MA
[INFO] 'chk_vobres_n_buy.py' 2026-06-02 12:03:26,011 : 하향추세 042700 한미반도체 < 5MA 10MA
[INFO] 'chk_vobres_n_buy.py' 2026-06-02 12:03:26,012 : 하향추세 047810 한국항공우주 < 5MA 10MA
[INFO] 'chk_vobres_n_buy.py' 2026-06-02 12:03:26,012 : 하향추세 064350 현대로템 < 5MA 10MA
[INFO] 'chk_vobres_n_buy.py' 2026-06-02 12:03:26,012 : 하향추세 079550 LIG디펜스앤에어로스 < 5MA 10MA
[INFO] 'chk_vobres_n_buy.py' 2026-06-02 12:03:26,013 : 하향추세 086520 에코프로 < 5MA 10MA
[INFO] 'chk_vobres_n_buy.py' 2026-06-02 12:03:26,013 : 하향추세 096770 SK이노베이션 < 5MA 10MA
[INFO] 'chk_vobres_n_buy.py' 2026-06-02 12:03:26,013 : 하향추세 247540 에코프로비엠 < 5MA 10MA
[INFO] 'chk_vobres_n_buy.py' 2026-06-02 12:03:26,014 : 하향추세 272210 한화시스템 < 5MA 10MA
[DEBUG] 'chk_vobres_n_buy.py' 2026-06-02 12:03:26,014 : 조건검색 종목 수18
[INFO] 'chk_vobres_n_buy.py' 2026-06-02 12:03:27,034 : 하향추세 030200 KT < 5MA 10MA
[DEBUG] 'chk_vobres_n_buy.py' 2026-06-02 12:03:27,034 : 조건검색 종목 수5
[INFO] 'chk_vobres_n_buy.py' 2026-06-02 12:03:28,051 : 하향추세 003670 포스코퓨처엠 < 5MA 10MA
[WARNING] 'chk_vobres_n_buy.py' 2026-06-02 12:03:28,052 :  Not found in last_ohlc.txt 005070 코스모신소재
[INFO] 'chk_vobres_n_buy.py' 2026-06-02 12:03:28,052 : 하향추세 005490 POSCO홀딩스 < 5MA 10MA
[INFO] 'chk_vobres_n_buy.py' 2026-06-02 12:03:28,053 : 하향추세 006400 삼성SDI < 5MA 10MA
[INFO] 'chk_vobres_n_buy.py' 2026-06-02 12:03:28,053 : 하향추세 012450 한화에어로스페이스 < 5MA 10MA
[INFO] 'chk_vobres_n_buy.py' 2026-06-02 12:03:28,054 : 하향추세 042700 한미반도체 < 5MA 10MA
[INFO] 'chk_vobres_n_buy.py' 2026-06-02 12:03:28,054 : 하향추세 047810 한국항공우주 < 5MA 10MA
[INFO] 'chk_vobres_n_buy.py' 2026-06-02 12:03:28,054 : 하향추세 064350 현대로템 < 5MA 10MA
[INFO] 'chk_vobres_n_buy.py' 2026-06-02 12:03:28,055 : 하향추세 079550 LIG디펜스앤에어로스 < 5MA 10MA
[INFO] 'chk_vobres_n_buy.py' 2026-06-02 12:03:28,055 : 하향추세 086520 에코프로 < 5MA 10MA
[INFO] 'chk_vobres_n_buy.py' 2026-06-02 12:03:28,055 : 하향추세 096770 SK이노베이션 < 5MA 10MA
[INFO] 'chk_vobres_n_buy.py' 2026-06-02 12:03:28,056 : 하향추세 247540 에코프로비엠 < 5MA 10MA
[INFO] 'chk_vobres_n_buy.py' 2026-06-02 12:03:28,056 : 하향추세 272210 한화시스템 < 5MA 10MA
[DEBUG] 'chk_vobres_n_buy.py' 2026-06-02 12:03:28,056 : 조건검색 종목 수18
[INFO] 'chk_vobres_n_buy.py' 2026-06-02 12:03:29,074 : 하향추세 030200 KT < 5MA 10MA
[DEBUG] 'chk_vobres_n_buy.py' 2026-06-02 12:03:29,074 : 조건검색 종목 수5
[INFO] 'chk_vobres_n_buy.py' 2026-06-02 12:03:30,093 : 하향추세 003670 포스코퓨처엠 < 5MA 10MA
[WARNING] 'chk_vobres_n_buy.py' 2026-06-02 12:03:30,094 :  Not found in last_ohlc.txt 005070 코스모신소재
[INFO] 'chk_vobres_n_buy.py' 2026-06-02 12:03:30,094 : 하향추세 005490 POSCO홀딩스 < 5MA 10MA
[INFO] 'chk_vobres_n_buy.py' 2026-06-02 12:03:30,095 : 하향추세 006400 삼성SDI < 5MA 10MA
[INFO] 'chk_vobres_n_buy.py' 2026-06-02 12:03:30,095 : 하향추세 012450 한화에어로스페이스 < 5MA 10MA
[INFO] 'chk_vobres_n_buy.py' 2026-06-02 12:03:30,095 : 하향추세 042700 한미반도체 < 5MA 10MA
[INFO] 'chk_vobres_n_buy.py' 2026-06-02 12:03:30,096 : 하향추세 047810 한국항공우주 < 5MA 10MA
[INFO] 'chk_vobres_n_buy.py' 2026-06-02 12:03:30,096 : 하향추세 064350 현대로템 < 5MA 10MA
[INFO] 'chk_vobres_n_buy.py' 2026-06-02 12:03:30,096 : 하향추세 079550 LIG디펜스앤에어로스 < 5MA 10MA
[INFO] 'chk_vobres_n_buy.py' 2026-06-02 12:03:30,097 : 하향추세 086520 에코프로 < 5MA 10MA
[INFO] 'chk_vobres_n_buy.py' 2026-06-02 12:03:30,097 : 하향추세 096770 SK이노베이션 < 5MA 10MA
[INFO] 'chk_vobres_n_buy.py' 2026-06-02 12:03:30,097 : 하향추세 247540 에코프로비엠 < 5MA 10MA
[INFO] 'chk_vobres_n_buy.py' 2026-06-02 12:03:30,098 : 하향추세 272210 한화시스템 < 5MA 10MA
[DEBUG] 'chk_vobres_n_buy.py' 2026-06-02 12:03:30,098 : 조건검색 종목 수18
[INFO] 'chk_vobres_n_buy.py' 2026-06-02 12:03:31,111 : 하향추세 030200 KT < 5MA 10MA
[DEBUG] 'chk_vobres_n_buy.py' 2026-06-02 12:03:31,112 : 조건검색 종목 수5
[INFO] 'chk_vobres_n_buy.py' 2026-06-02 12:03:32,117 : 하향추세 003670 포스코퓨처엠 < 5MA 10MA
[WARNING] 'chk_vobres_n_buy.py' 2026-06-02 12:03:32,118 :  Not found in last_ohlc.txt 005070 코스모신소재
[INFO] 'chk_vobres_n_buy.py' 2026-06-02 12:03:32,118 : 하향추세 005490 POSCO홀딩스 < 5MA 10MA
[INFO] 'chk_vobres_n_buy.py' 2026-06-02 12:03:32,119 : 하향추세 006400 삼성SDI < 5MA 10MA
[INFO] 'chk_vobres_n_buy.py' 2026-06-02 12:03:32,119 : 하향추세 012450 한화에어로스페이스 < 5MA 10MA
[INFO] 'chk_vobres_n_buy.py' 2026-06-02 12:03:32,119 : 하향추세 042700 한미반도체 < 5MA 10MA
[INFO] 'chk_vobres_n_buy.py' 2026-06-02 12:03:32,120 : 하향추세 047810 한국항공우주 < 5MA 10MA
[INFO] 'chk_vobres_n_buy.py' 2026-06-02 12:03:32,120 : 하향추세 064350 현대로템 < 5MA 10MA
[INFO] 'chk_vobres_n_buy.py' 2026-06-02 12:03:32,120 : 하향추세 079550 LIG디펜스앤에어로스 < 5MA 10MA
[INFO] 'chk_vobres_n_buy.py' 2026-06-02 12:03:32,121 : 하향추세 086520 에코프로 < 5MA 10MA
[INFO] 'chk_vobres_n_buy.py' 2026-06-02 12:03:32,121 : 하향추세 096770 SK이노베이션 < 5MA 10MA
[INFO] 'chk_vobres_n_buy.py' 2026-06-02 12:03:32,121 : 하향추세 247540 에코프로비엠 < 5MA 10MA
[INFO] 'chk_vobres_n_buy.py' 2026-06-02 12:03:32,121 : 하향추세 272210 한화시스템 < 5MA 10MA
[DEBUG] 'chk_vobres_n_buy.py' 2026-06-02 12:03:32,122 : 조건검색 종목 수18
[INFO] 'chk_vobres_n_buy.py' 2026-06-02 12:03:33,134 : 하향추세 030200 KT < 5MA 10MA
[DEBUG] 'chk_vobres_n_buy.py' 2026-06-02 12:03:33,134 : 조건검색 종목 수5
[INFO] 'chk_vobres_n_buy.py' 2026-06-02 12:03:34,150 : 하향추세 003670 포스코퓨처엠 < 5MA 10MA
[WARNING] 'chk_vobres_n_buy.py' 2026-06-02 12:03:34,151 :  Not found in last_ohlc.txt 005070 코스모신소재
[INFO] 'chk_vobres_n_buy.py' 2026-06-02 12:03:34,152 : 하향추세 005490 POSCO홀딩스 < 5MA 10MA
[INFO] 'chk_vobres_n_buy.py' 2026-06-02 12:03:34,152 : 하향추세 006400 삼성SDI < 5MA 10MA
[INFO] 'chk_vobres_n_buy.py' 2026-06-02 12:03:34,152 : 하향추세 012450 한화에어로스페이스 < 5MA 10MA
[INFO] 'chk_vobres_n_buy.py' 2026-06-02 12:03:34,153 : 하향추세 042700 한미반도체 < 5MA 10MA
[INFO] 'chk_vobres_n_buy.py' 2026-06-02 12:03:34,153 : 하향추세 047810 한국항공우주 < 5MA 10MA
[INFO] 'chk_vobres_n_buy.py' 2026-06-02 12:03:34,153 : 하향추세 064350 현대로템 < 5MA 10MA
[INFO] 'chk_vobres_n_buy.py' 2026-06-02 12:03:34,154 : 하향추세 079550 LIG디펜스앤에어로스 < 5MA 10MA
[INFO] 'chk_vobres_n_buy.py' 2026-06-02 12:03:34,154 : 하향추세 086520 에코프로 < 5MA 10MA
[INFO] 'chk_vobres_n_buy.py' 2026-06-02 12:03:34,154 : 하향추세 096770 SK이노베이션 < 5MA 10MA
[INFO] 'chk_vobres_n_buy.py' 2026-06-02 12:03:34,155 : 하향추세 247540 에코프로비엠 < 5MA 10MA
[INFO] 'chk_vobres_n_buy.py' 2026-06-02 12:03:34,155 : 하향추세 272210 한화시스템 < 5MA 10MA
[DEBUG] 'chk_vobres_n_buy.py' 2026-06-02 12:03:34,155 : 조건검색 종목 수18
[INFO] 'chk_vobres_n_buy.py' 2026-06-02 12:03:35,166 : 하향추세 030200 KT < 5MA 10MA
[DEBUG] 'chk_vobres_n_buy.py' 2026-06-02 12:03:35,167 : 조건검색 종목 수5
[INFO] 'chk_vobres_n_buy.py' 2026-06-02 12:03:36,173 : 하향추세 003670 포스코퓨처엠 < 5MA 10MA
[WARNING] 'chk_vobres_n_buy.py' 2026-06-02 12:03:36,173 :  Not found in last_ohlc.txt 005070 코스모신소재
[INFO] 'chk_vobres_n_buy.py' 2026-06-02 12:03:36,174 : 하향추세 005490 POSCO홀딩스 < 5MA 10MA
[INFO] 'chk_vobres_n_buy.py' 2026-06-02 12:03:36,174 : 하향추세 006400 삼성SDI < 5MA 10MA
[INFO] 'chk_vobres_n_buy.py' 2026-06-02 12:03:36,175 : 하향추세 012450 한화에어로스페이스 < 5MA 10MA
[INFO] 'chk_vobres_n_buy.py' 2026-06-02 12:03:36,175 : 하향추세 042700 한미반도체 < 5MA 10MA
[INFO] 'chk_vobres_n_buy.py' 2026-06-02 12:03:36,175 : 하향추세 047810 한국항공우주 < 5MA 10MA
[INFO] 'chk_vobres_n_buy.py' 2026-06-02 12:03:36,176 : 하향추세 064350 현대로템 < 5MA 10MA
[INFO] 'chk_vobres_n_buy.py' 2026-06-02 12:03:36,176 : 하향추세 079550 LIG디펜스앤에어로스 < 5MA 10MA
[INFO] 'chk_vobres_n_buy.py' 2026-06-02 12:03:36,176 : 하향추세 086520 에코프로 < 5MA 10MA
[INFO] 'chk_vobres_n_buy.py' 2026-06-02 12:03:36,177 : 하향추세 096770 SK이노베이션 < 5MA 10MA
[INFO] 'chk_vobres_n_buy.py' 2026-06-02 12:03:36,177 : 하향추세 247540 에코프로비엠 < 5MA 10MA
[INFO] 'chk_vobres_n_buy.py' 2026-06-02 12:03:36,177 : 하향추세 272210 한화시스템 < 5MA 10MA
[DEBUG] 'chk_vobres_n_buy.py' 2026-06-02 12:03:36,177 : 조건검색 종목 수18
[INFO] 'chk_vobres_n_buy.py' 2026-06-02 12:03:37,192 : 하향추세 030200 KT < 5MA 10MA
[DEBUG] 'chk_vobres_n_buy.py' 2026-06-02 12:03:37,193 : 조건검색 종목 수4
[INFO] 'chk_vobres_n_buy.py' 2026-06-02 12:03:38,211 : 하향추세 003670 포스코퓨처엠 < 5MA 10MA
[WARNING] 'chk_vobres_n_buy.py' 2026-06-02 12:03:38,212 :  Not found in last_ohlc.txt 005070 코스모신소재
[INFO] 'chk_vobres_n_buy.py' 2026-06-02 12:03:38,212 : 하향추세 005490 POSCO홀딩스 < 5MA 10MA
[INFO] 'chk_vobres_n_buy.py' 2026-06-02 12:03:38,213 : 하향추세 006400 삼성SDI < 5MA 10MA
[INFO] 'chk_vobres_n_buy.py' 2026-06-02 12:03:38,213 : 하향추세 012450 한화에어로스페이스 < 5MA 10MA
[INFO] 'chk_vobres_n_buy.py' 2026-06-02 12:03:38,213 : 하향추세 042700 한미반도체 < 5MA 10MA
[INFO] 'chk_vobres_n_buy.py' 2026-06-02 12:03:38,214 : 하향추세 047810 한국항공우주 < 5MA 10MA
[INFO] 'chk_vobres_n_buy.py' 2026-06-02 12:03:38,214 : 하향추세 064350 현대로템 < 5MA 10MA
[INFO] 'chk_vobres_n_buy.py' 2026-06-02 12:03:38,214 : 하향추세 079550 LIG디펜스앤에어로스 < 5MA 10MA
[INFO] 'chk_vobres_n_buy.py' 2026-06-02 12:03:38,215 : 하향추세 086520 에코프로 < 5MA 10MA
[INFO] 'chk_vobres_n_buy.py' 2026-06-02 12:03:38,215 : 하향추세 096770 SK이노베이션 < 5MA 10MA
[INFO] 'chk_vobres_n_buy.py' 2026-06-02 12:03:38,215 : 하향추세 247540 에코프로비엠 < 5MA 10MA
[INFO] 'chk_vobres_n_buy.py' 2026-06-02 12:03:38,215 : 하향추세 272210 한화시스템 < 5MA 10MA
[DEBUG] 'chk_vobres_n_buy.py' 2026-06-02 12:03:38,216 : 조건검색 종목 수18
[DEBUG] 'chk_vobres_n_buy.py' 2026-06-02 12:03:39,220 : 조건검색 종목 수4
[INFO] 'chk_vobres_n_buy.py' 2026-06-02 12:03:40,223 : 하향추세 003670 포스코퓨처엠 < 5MA 10MA
[WARNING] 'chk_vobres_n_buy.py' 2026-06-02 12:03:40,224 :  Not found in last_ohlc.txt 005070 코스모신소재
[INFO] 'chk_vobres_n_buy.py' 2026-06-02 12:03:40,225 : 하향추세 005490 POSCO홀딩스 < 5MA 10MA
[INFO] 'chk_vobres_n_buy.py' 2026-06-02 12:03:40,225 : 하향추세 006400 삼성SDI < 5MA 10MA
[INFO] 'chk_vobres_n_buy.py' 2026-06-02 12:03:40,225 : 하향추세 012450 한화에어로스페이스 < 5MA 10MA
[INFO] 'chk_vobres_n_buy.py' 2026-06-02 12:03:40,226 : 하향추세 042700 한미반도체 < 5MA 10MA
[INFO] 'chk_vobres_n_buy.py' 2026-06-02 12:03:40,226 : 하향추세 047810 한국항공우주 < 5MA 10MA
[INFO] 'chk_vobres_n_buy.py' 2026-06-02 12:03:40,226 : 하향추세 064350 현대로템 < 5MA 10MA
[INFO] 'chk_vobres_n_buy.py' 2026-06-02 12:03:40,227 : 하향추세 079550 LIG디펜스앤에어로스 < 5MA 10MA
[INFO] 'chk_vobres_n_buy.py' 2026-06-02 12:03:40,227 : 하향추세 086520 에코프로 < 5MA 10MA
[INFO] 'chk_vobres_n_buy.py' 2026-06-02 12:03:40,227 : 하향추세 096770 SK이노베이션 < 5MA 10MA
[INFO] 'chk_vobres_n_buy.py' 2026-06-02 12:03:40,228 : 하향추세 247540 에코프로비엠 < 5MA 10MA
[INFO] 'chk_vobres_n_buy.py' 2026-06-02 12:03:40,228 : 하향추세 272210 한화시스템 < 5MA 10MA
[DEBUG] 'chk_vobres_n_buy.py' 2026-06-02 12:03:40,228 : 조건검색 종목 수18
[DEBUG] 'chk_vobres_n_buy.py' 2026-06-02 12:03:41,244 : 조건검색 종목 수4
[INFO] 'chk_vobres_n_buy.py' 2026-06-02 12:03:42,251 : 하향추세 003670 포스코퓨처엠 < 5MA 10MA
[WARNING] 'chk_vobres_n_buy.py' 2026-06-02 12:03:42,252 :  Not found in last_ohlc.txt 005070 코스모신소재
[INFO] 'chk_vobres_n_buy.py' 2026-06-02 12:03:42,252 : 하향추세 005490 POSCO홀딩스 < 5MA 10MA
[INFO] 'chk_vobres_n_buy.py' 2026-06-02 12:03:42,252 : 하향추세 006400 삼성SDI < 5MA 10MA
[INFO] 'chk_vobres_n_buy.py' 2026-06-02 12:03:42,252 : 하향추세 012450 한화에어로스페이스 < 5MA 10MA
[INFO] 'chk_vobres_n_buy.py' 2026-06-02 12:03:42,253 : 하향추세 042700 한미반도체 < 5MA 10MA
[INFO] 'chk_vobres_n_buy.py' 2026-06-02 12:03:42,253 : 하향추세 047810 한국항공우주 < 5MA 10MA
[INFO] 'chk_vobres_n_buy.py' 2026-06-02 12:03:42,253 : 하향추세 064350 현대로템 < 5MA 10MA
[INFO] 'chk_vobres_n_buy.py' 2026-06-02 12:03:42,253 : 하향추세 079550 LIG디펜스앤에어로스 < 5MA 10MA
[INFO] 'chk_vobres_n_buy.py' 2026-06-02 12:03:42,253 : 하향추세 086520 에코프로 < 5MA 10MA
[INFO] 'chk_vobres_n_buy.py' 2026-06-02 12:03:42,253 : 하향추세 096770 SK이노베이션 < 5MA 10MA
[INFO] 'chk_vobres_n_buy.py' 2026-06-02 12:03:42,254 : 하향추세 247540 에코프로비엠 < 5MA 10MA
[INFO] 'chk_vobres_n_buy.py' 2026-06-02 12:03:42,254 : 하향추세 272210 한화시스템 < 5MA 10MA
[DEBUG] 'chk_vobres_n_buy.py' 2026-06-02 12:03:42,254 : 조건검색 종목 수18
[DEBUG] 'chk_vobres_n_buy.py' 2026-06-02 12:03:43,264 : 조건검색 종목 수4
[INFO] 'chk_vobres_n_buy.py' 2026-06-02 12:03:44,270 : 하향추세 003670 포스코퓨처엠 < 5MA 10MA
[WARNING] 'chk_vobres_n_buy.py' 2026-06-02 12:03:44,271 :  Not found in last_ohlc.txt 005070 코스모신소재
[INFO] 'chk_vobres_n_buy.py' 2026-06-02 12:03:44,271 : 하향추세 005490 POSCO홀딩스 < 5MA 10MA
[INFO] 'chk_vobres_n_buy.py' 2026-06-02 12:03:44,271 : 하향추세 006400 삼성SDI < 5MA 10MA
[INFO] 'chk_vobres_n_buy.py' 2026-06-02 12:03:44,271 : 하향추세 012450 한화에어로스페이스 < 5MA 10MA
[INFO] 'chk_vobres_n_buy.py' 2026-06-02 12:03:44,271 : 하향추세 042700 한미반도체 < 5MA 10MA
[INFO] 'chk_vobres_n_buy.py' 2026-06-02 12:03:44,272 : 하향추세 047810 한국항공우주 < 5MA 10MA
[INFO] 'chk_vobres_n_buy.py' 2026-06-02 12:03:44,272 : 하향추세 064350 현대로템 < 5MA 10MA
[INFO] 'chk_vobres_n_buy.py' 2026-06-02 12:03:44,272 : 하향추세 079550 LIG디펜스앤에어로스 < 5MA 10MA
[INFO] 'chk_vobres_n_buy.py' 2026-06-02 12:03:44,272 : 하향추세 086520 에코프로 < 5MA 10MA
[INFO] 'chk_vobres_n_buy.py' 2026-06-02 12:03:44,272 : 하향추세 096770 SK이노베이션 < 5MA 10MA
[INFO] 'chk_vobres_n_buy.py' 2026-06-02 12:03:44,272 : 하향추세 247540 에코프로비엠 < 5MA 10MA
[INFO] 'chk_vobres_n_buy.py' 2026-06-02 12:03:44,273 : 하향추세 272210 한화시스템 < 5MA 10MA
[DEBUG] 'chk_vobres_n_buy.py' 2026-06-02 12:03:44,273 : 조건검색 종목 수18
[DEBUG] 'chk_vobres_n_buy.py' 2026-06-02 12:03:45,276 : 조건검색 종목 수3
[INFO] 'chk_vobres_n_buy.py' 2026-06-02 12:03:46,278 : 하향추세 003670 포스코퓨처엠 < 5MA 10MA
[WARNING] 'chk_vobres_n_buy.py' 2026-06-02 12:03:46,279 :  Not found in last_ohlc.txt 005070 코스모신소재
[INFO] 'chk_vobres_n_buy.py' 2026-06-02 12:03:46,279 : 하향추세 005490 POSCO홀딩스 < 5MA 10MA
[INFO] 'chk_vobres_n_buy.py' 2026-06-02 12:03:46,279 : 하향추세 006400 삼성SDI < 5MA 10MA
[INFO] 'chk_vobres_n_buy.py' 2026-06-02 12:03:46,279 : 하향추세 012450 한화에어로스페이스 < 5MA 10MA
[INFO] 'chk_vobres_n_buy.py' 2026-06-02 12:03:46,279 : 하향추세 042700 한미반도체 < 5MA 10MA
[INFO] 'chk_vobres_n_buy.py' 2026-06-02 12:03:46,279 : 하향추세 047810 한국항공우주 < 5MA 10MA
[INFO] 'chk_vobres_n_buy.py' 2026-06-02 12:03:46,279 : 하향추세 064350 현대로템 < 5MA 10MA
[INFO] 'chk_vobres_n_buy.py' 2026-06-02 12:03:46,279 : 하향추세 079550 LIG디펜스앤에어로스 < 5MA 10MA
[INFO] 'chk_vobres_n_buy.py' 2026-06-02 12:03:46,279 : 하향추세 086520 에코프로 < 5MA 10MA
[INFO] 'chk_vobres_n_buy.py' 2026-06-02 12:03:46,279 : 하향추세 096770 SK이노베이션 < 5MA 10MA
[INFO] 'chk_vobres_n_buy.py' 2026-06-02 12:03:46,279 : 하향추세 247540 에코프로비엠 < 5MA 10MA
[INFO] 'chk_vobres_n_buy.py' 2026-06-02 12:03:46,279 : 하향추세 272210 한화시스템 < 5MA 10MA
[DEBUG] 'chk_vobres_n_buy.py' 2026-06-02 12:03:46,279 : 조건검색 종목 수18
[DEBUG] 'chk_vobres_n_buy.py' 2026-06-02 12:03:47,290 : 조건검색 종목 수3
[INFO] 'chk_vobres_n_buy.py' 2026-06-02 12:03:48,299 : 하향추세 003670 포스코퓨처엠 < 5MA 10MA
[WARNING] 'chk_vobres_n_buy.py' 2026-06-02 12:03:48,300 :  Not found in last_ohlc.txt 005070 코스모신소재
[INFO] 'chk_vobres_n_buy.py' 2026-06-02 12:03:48,300 : 하향추세 005490 POSCO홀딩스 < 5MA 10MA
[INFO] 'chk_vobres_n_buy.py' 2026-06-02 12:03:48,301 : 하향추세 006400 삼성SDI < 5MA 10MA
[INFO] 'chk_vobres_n_buy.py' 2026-06-02 12:03:48,301 : 하향추세 012450 한화에어로스페이스 < 5MA 10MA
[INFO] 'chk_vobres_n_buy.py' 2026-06-02 12:03:48,301 : 하향추세 042700 한미반도체 < 5MA 10MA
[INFO] 'chk_vobres_n_buy.py' 2026-06-02 12:03:48,302 : 하향추세 047810 한국항공우주 < 5MA 10MA
[INFO] 'chk_vobres_n_buy.py' 2026-06-02 12:03:48,302 : 하향추세 064350 현대로템 < 5MA 10MA
[INFO] 'chk_vobres_n_buy.py' 2026-06-02 12:03:48,302 : 하향추세 079550 LIG디펜스앤에어로스 < 5MA 10MA
[INFO] 'chk_vobres_n_buy.py' 2026-06-02 12:03:48,303 : 하향추세 086520 에코프로 < 5MA 10MA
[INFO] 'chk_vobres_n_buy.py' 2026-06-02 12:03:48,303 : 하향추세 096770 SK이노베이션 < 5MA 10MA
[INFO] 'chk_vobres_n_buy.py' 2026-06-02 12:03:48,303 : 하향추세 247540 에코프로비엠 < 5MA 10MA
[INFO] 'chk_vobres_n_buy.py' 2026-06-02 12:03:48,303 : 하향추세 272210 한화시스템 < 5MA 10MA
[DEBUG] 'chk_vobres_n_buy.py' 2026-06-02 12:03:48,304 : 조건검색 종목 수18
[DEBUG] 'chk_vobres_n_buy.py' 2026-06-02 12:03:49,318 : 조건검색 종목 수3
[INFO] 'chk_vobres_n_buy.py' 2026-06-02 12:03:50,322 : 하향추세 003670 포스코퓨처엠 < 5MA 10MA
[WARNING] 'chk_vobres_n_buy.py' 2026-06-02 12:03:50,322 :  Not found in last_ohlc.txt 005070 코스모신소재
[INFO] 'chk_vobres_n_buy.py' 2026-06-02 12:03:50,323 : 하향추세 005490 POSCO홀딩스 < 5MA 10MA
[INFO] 'chk_vobres_n_buy.py' 2026-06-02 12:03:50,323 : 하향추세 006400 삼성SDI < 5MA 10MA
[INFO] 'chk_vobres_n_buy.py' 2026-06-02 12:03:50,323 : 하향추세 012450 한화에어로스페이스 < 5MA 10MA
[INFO] 'chk_vobres_n_buy.py' 2026-06-02 12:03:50,324 : 하향추세 042700 한미반도체 < 5MA 10MA
[INFO] 'chk_vobres_n_buy.py' 2026-06-02 12:03:50,324 : 하향추세 047810 한국항공우주 < 5MA 10MA
[INFO] 'chk_vobres_n_buy.py' 2026-06-02 12:03:50,324 : 하향추세 064350 현대로템 < 5MA 10MA
[INFO] 'chk_vobres_n_buy.py' 2026-06-02 12:03:50,325 : 하향추세 079550 LIG디펜스앤에어로스 < 5MA 10MA
[INFO] 'chk_vobres_n_buy.py' 2026-06-02 12:03:50,325 : 하향추세 086520 에코프로 < 5MA 10MA
[INFO] 'chk_vobres_n_buy.py' 2026-06-02 12:03:50,325 : 하향추세 096770 SK이노베이션 < 5MA 10MA
[INFO] 'chk_vobres_n_buy.py' 2026-06-02 12:03:50,325 : 하향추세 247540 에코프로비엠 < 5MA 10MA
[INFO] 'chk_vobres_n_buy.py' 2026-06-02 12:03:50,325 : 하향추세 272210 한화시스템 < 5MA 10MA
[DEBUG] 'chk_vobres_n_buy.py' 2026-06-02 12:03:50,326 : 조건검색 종목 수18
[DEBUG] 'chk_vobres_n_buy.py' 2026-06-02 12:03:51,340 : 조건검색 종목 수3
[INFO] 'chk_vobres_n_buy.py' 2026-06-02 12:03:52,345 : 하향추세 003670 포스코퓨처엠 < 5MA 10MA
[WARNING] 'chk_vobres_n_buy.py' 2026-06-02 12:03:52,345 :  Not found in last_ohlc.txt 005070 코스모신소재
[INFO] 'chk_vobres_n_buy.py' 2026-06-02 12:03:52,345 : 하향추세 005490 POSCO홀딩스 < 5MA 10MA
[INFO] 'chk_vobres_n_buy.py' 2026-06-02 12:03:52,345 : 하향추세 006400 삼성SDI < 5MA 10MA
[INFO] 'chk_vobres_n_buy.py' 2026-06-02 12:03:52,346 : 하향추세 012450 한화에어로스페이스 < 5MA 10MA
[INFO] 'chk_vobres_n_buy.py' 2026-06-02 12:03:52,346 : 하향추세 042700 한미반도체 < 5MA 10MA
[INFO] 'chk_vobres_n_buy.py' 2026-06-02 12:03:52,346 : 하향추세 047810 한국항공우주 < 5MA 10MA
[INFO] 'chk_vobres_n_buy.py' 2026-06-02 12:03:52,346 : 하향추세 064350 현대로템 < 5MA 10MA
[INFO] 'chk_vobres_n_buy.py' 2026-06-02 12:03:52,346 : 하향추세 079550 LIG디펜스앤에어로스 < 5MA 10MA
[INFO] 'chk_vobres_n_buy.py' 2026-06-02 12:03:52,346 : 하향추세 086520 에코프로 < 5MA 10MA
[INFO] 'chk_vobres_n_buy.py' 2026-06-02 12:03:52,346 : 하향추세 096770 SK이노베이션 < 5MA 10MA
[INFO] 'chk_vobres_n_buy.py' 2026-06-02 12:03:52,346 : 하향추세 247540 에코프로비엠 < 5MA 10MA
[INFO] 'chk_vobres_n_buy.py' 2026-06-02 12:03:52,347 : 하향추세 272210 한화시스템 < 5MA 10MA
[DEBUG] 'chk_vobres_n_buy.py' 2026-06-02 12:03:52,347 : 조건검색 종목 수18
[DEBUG] 'chk_vobres_n_buy.py' 2026-06-02 12:03:53,352 : 조건검색 종목 수3
[INFO] 'chk_vobres_n_buy.py' 2026-06-02 12:03:54,364 : 하향추세 003670 포스코퓨처엠 < 5MA 10MA
[WARNING] 'chk_vobres_n_buy.py' 2026-06-02 12:03:54,364 :  Not found in last_ohlc.txt 005070 코스모신소재
[INFO] 'chk_vobres_n_buy.py' 2026-06-02 12:03:54,365 : 하향추세 005490 POSCO홀딩스 < 5MA 10MA
[INFO] 'chk_vobres_n_buy.py' 2026-06-02 12:03:54,365 : 하향추세 006400 삼성SDI < 5MA 10MA
[INFO] 'chk_vobres_n_buy.py' 2026-06-02 12:03:54,365 : 하향추세 012450 한화에어로스페이스 < 5MA 10MA
[INFO] 'chk_vobres_n_buy.py' 2026-06-02 12:03:54,366 : 하향추세 042700 한미반도체 < 5MA 10MA
[INFO] 'chk_vobres_n_buy.py' 2026-06-02 12:03:54,366 : 하향추세 047810 한국항공우주 < 5MA 10MA
[INFO] 'chk_vobres_n_buy.py' 2026-06-02 12:03:54,366 : 하향추세 064350 현대로템 < 5MA 10MA
[INFO] 'chk_vobres_n_buy.py' 2026-06-02 12:03:54,367 : 하향추세 079550 LIG디펜스앤에어로스 < 5MA 10MA
[INFO] 'chk_vobres_n_buy.py' 2026-06-02 12:03:54,367 : 하향추세 086520 에코프로 < 5MA 10MA
[INFO] 'chk_vobres_n_buy.py' 2026-06-02 12:03:54,367 : 하향추세 096770 SK이노베이션 < 5MA 10MA
[INFO] 'chk_vobres_n_buy.py' 2026-06-02 12:03:54,368 : 하향추세 247540 에코프로비엠 < 5MA 10MA
[INFO] 'chk_vobres_n_buy.py' 2026-06-02 12:03:54,368 : 하향추세 272210 한화시스템 < 5MA 10MA
[DEBUG] 'chk_vobres_n_buy.py' 2026-06-02 12:03:54,368 : 조건검색 종목 수18
[DEBUG] 'chk_vobres_n_buy.py' 2026-06-02 12:03:55,381 : 조건검색 종목 수3
[INFO] 'chk_vobres_n_buy.py' 2026-06-02 12:03:56,394 : 하향추세 003670 포스코퓨처엠 < 5MA 10MA
[WARNING] 'chk_vobres_n_buy.py' 2026-06-02 12:03:56,395 :  Not found in last_ohlc.txt 005070 코스모신소재
[INFO] 'chk_vobres_n_buy.py' 2026-06-02 12:03:56,395 : 하향추세 005490 POSCO홀딩스 < 5MA 10MA
[INFO] 'chk_vobres_n_buy.py' 2026-06-02 12:03:56,396 : 하향추세 006400 삼성SDI < 5MA 10MA
[INFO] 'chk_vobres_n_buy.py' 2026-06-02 12:03:56,396 : 하향추세 012450 한화에어로스페이스 < 5MA 10MA
[INFO] 'chk_vobres_n_buy.py' 2026-06-02 12:03:56,397 : 하향추세 042700 한미반도체 < 5MA 10MA
[INFO] 'chk_vobres_n_buy.py' 2026-06-02 12:03:56,397 : 하향추세 047810 한국항공우주 < 5MA 10MA
[INFO] 'chk_vobres_n_buy.py' 2026-06-02 12:03:56,397 : 하향추세 064350 현대로템 < 5MA 10MA
[INFO] 'chk_vobres_n_buy.py' 2026-06-02 12:03:56,398 : 하향추세 079550 LIG디펜스앤에어로스 < 5MA 10MA
[INFO] 'chk_vobres_n_buy.py' 2026-06-02 12:03:56,398 : 하향추세 086520 에코프로 < 5MA 10MA
[INFO] 'chk_vobres_n_buy.py' 2026-06-02 12:03:56,398 : 하향추세 096770 SK이노베이션 < 5MA 10MA
[INFO] 'chk_vobres_n_buy.py' 2026-06-02 12:03:56,399 : 하향추세 247540 에코프로비엠 < 5MA 10MA
[INFO] 'chk_vobres_n_buy.py' 2026-06-02 12:03:56,399 : 하향추세 272210 한화시스템 < 5MA 10MA
[DEBUG] 'chk_vobres_n_buy.py' 2026-06-02 12:03:56,399 : 조건검색 종목 수18
[DEBUG] 'chk_vobres_n_buy.py' 2026-06-02 12:03:57,412 : 조건검색 종목 수3
[INFO] 'chk_vobres_n_buy.py' 2026-06-02 12:03:58,419 : 하향추세 003670 포스코퓨처엠 < 5MA 10MA
[WARNING] 'chk_vobres_n_buy.py' 2026-06-02 12:03:58,419 :  Not found in last_ohlc.txt 005070 코스모신소재
[INFO] 'chk_vobres_n_buy.py' 2026-06-02 12:03:58,420 : 하향추세 005490 POSCO홀딩스 < 5MA 10MA
[INFO] 'chk_vobres_n_buy.py' 2026-06-02 12:03:58,420 : 하향추세 006400 삼성SDI < 5MA 10MA
[INFO] 'chk_vobres_n_buy.py' 2026-06-02 12:03:58,421 : 하향추세 012450 한화에어로스페이스 < 5MA 10MA
[INFO] 'chk_vobres_n_buy.py' 2026-06-02 12:03:58,421 : 하향추세 042700 한미반도체 < 5MA 10MA
[INFO] 'chk_vobres_n_buy.py' 2026-06-02 12:03:58,421 : 하향추세 047810 한국항공우주 < 5MA 10MA
[INFO] 'chk_vobres_n_buy.py' 2026-06-02 12:03:58,421 : 하향추세 064350 현대로템 < 5MA 10MA
[INFO] 'chk_vobres_n_buy.py' 2026-06-02 12:03:58,422 : 하향추세 079550 LIG디펜스앤에어로스 < 5MA 10MA
[INFO] 'chk_vobres_n_buy.py' 2026-06-02 12:03:58,422 : 하향추세 086520 에코프로 < 5MA 10MA
[INFO] 'chk_vobres_n_buy.py' 2026-06-02 12:03:58,422 : 하향추세 096770 SK이노베이션 < 5MA 10MA
[INFO] 'chk_vobres_n_buy.py' 2026-06-02 12:03:58,423 : 하향추세 247540 에코프로비엠 < 5MA 10MA
[INFO] 'chk_vobres_n_buy.py' 2026-06-02 12:03:58,423 : 하향추세 272210 한화시스템 < 5MA 10MA
[DEBUG] 'chk_vobres_n_buy.py' 2026-06-02 12:03:58,423 : 조건검색 종목 수18
[DEBUG] 'chk_vobres_n_buy.py' 2026-06-02 12:03:59,428 : 조건검색 종목 수3
[INFO] 'chk_vobres_n_buy.py' 2026-06-02 12:04:00,439 : 하향추세 003670 포스코퓨처엠 < 5MA 10MA
[WARNING] 'chk_vobres_n_buy.py' 2026-06-02 12:04:00,439 :  Not found in last_ohlc.txt 005070 코스모신소재
[INFO] 'chk_vobres_n_buy.py' 2026-06-02 12:04:00,440 : 하향추세 005490 POSCO홀딩스 < 5MA 10MA
[INFO] 'chk_vobres_n_buy.py' 2026-06-02 12:04:00,440 : 하향추세 006400 삼성SDI < 5MA 10MA
[INFO] 'chk_vobres_n_buy.py' 2026-06-02 12:04:00,440 : 하향추세 012450 한화에어로스페이스 < 5MA 10MA
[INFO] 'chk_vobres_n_buy.py' 2026-06-02 12:04:00,441 : 하향추세 042700 한미반도체 < 5MA 10MA
[INFO] 'chk_vobres_n_buy.py' 2026-06-02 12:04:00,441 : 하향추세 047810 한국항공우주 < 5MA 10MA
[INFO] 'chk_vobres_n_buy.py' 2026-06-02 12:04:00,441 : 하향추세 064350 현대로템 < 5MA 10MA
[INFO] 'chk_vobres_n_buy.py' 2026-06-02 12:04:00,442 : 하향추세 079550 LIG디펜스앤에어로스 < 5MA 10MA
[INFO] 'chk_vobres_n_buy.py' 2026-06-02 12:04:00,442 : 하향추세 086520 에코프로 < 5MA 10MA
[INFO] 'chk_vobres_n_buy.py' 2026-06-02 12:04:00,442 : 하향추세 096770 SK이노베이션 < 5MA 10MA
[INFO] 'chk_vobres_n_buy.py' 2026-06-02 12:04:00,443 : 하향추세 247540 에코프로비엠 < 5MA 10MA
[INFO] 'chk_vobres_n_buy.py' 2026-06-02 12:04:00,443 : 하향추세 272210 한화시스템 < 5MA 10MA
[DEBUG] 'chk_vobres_n_buy.py' 2026-06-02 12:04:00,443 : 조건검색 종목 수18
[DEBUG] 'chk_vobres_n_buy.py' 2026-06-02 12:04:01,455 : 조건검색 종목 수3
[INFO] 'chk_vobres_n_buy.py' 2026-06-02 12:04:02,459 : 하향추세 003670 포스코퓨처엠 < 5MA 10MA
[WARNING] 'chk_vobres_n_buy.py' 2026-06-02 12:04:02,460 :  Not found in last_ohlc.txt 005070 코스모신소재
[INFO] 'chk_vobres_n_buy.py' 2026-06-02 12:04:02,460 : 하향추세 005490 POSCO홀딩스 < 5MA 10MA
[INFO] 'chk_vobres_n_buy.py' 2026-06-02 12:04:02,461 : 하향추세 006400 삼성SDI < 5MA 10MA
[INFO] 'chk_vobres_n_buy.py' 2026-06-02 12:04:02,461 : 하향추세 012450 한화에어로스페이스 < 5MA 10MA
[INFO] 'chk_vobres_n_buy.py' 2026-06-02 12:04:02,461 : 하향추세 042700 한미반도체 < 5MA 10MA
[INFO] 'chk_vobres_n_buy.py' 2026-06-02 12:04:02,462 : 하향추세 047810 한국항공우주 < 5MA 10MA
[INFO] 'chk_vobres_n_buy.py' 2026-06-02 12:04:02,462 : 하향추세 064350 현대로템 < 5MA 10MA
[INFO] 'chk_vobres_n_buy.py' 2026-06-02 12:04:02,463 : 하향추세 079550 LIG디펜스앤에어로스 < 5MA 10MA
[INFO] 'chk_vobres_n_buy.py' 2026-06-02 12:04:02,463 : 하향추세 086520 에코프로 < 5MA 10MA
[INFO] 'chk_vobres_n_buy.py' 2026-06-02 12:04:02,463 : 하향추세 096770 SK이노베이션 < 5MA 10MA
[INFO] 'chk_vobres_n_buy.py' 2026-06-02 12:04:02,464 : 하향추세 247540 에코프로비엠 < 5MA 10MA
[INFO] 'chk_vobres_n_buy.py' 2026-06-02 12:04:02,464 : 하향추세 272210 한화시스템 < 5MA 10MA
[DEBUG] 'chk_vobres_n_buy.py' 2026-06-02 12:04:02,464 : 조건검색 종목 수18
[DEBUG] 'chk_vobres_n_buy.py' 2026-06-02 12:04:03,479 : 조건검색 종목 수3
[INFO] 'chk_vobres_n_buy.py' 2026-06-02 12:04:04,491 : 하향추세 003670 포스코퓨처엠 < 5MA 10MA
[WARNING] 'chk_vobres_n_buy.py' 2026-06-02 12:04:04,491 :  Not found in last_ohlc.txt 005070 코스모신소재
[INFO] 'chk_vobres_n_buy.py' 2026-06-02 12:04:04,492 : 하향추세 005490 POSCO홀딩스 < 5MA 10MA
[INFO] 'chk_vobres_n_buy.py' 2026-06-02 12:04:04,492 : 하향추세 006400 삼성SDI < 5MA 10MA
[INFO] 'chk_vobres_n_buy.py' 2026-06-02 12:04:04,492 : 하향추세 012450 한화에어로스페이스 < 5MA 10MA
[INFO] 'chk_vobres_n_buy.py' 2026-06-02 12:04:04,492 : 하향추세 042700 한미반도체 < 5MA 10MA
[INFO] 'chk_vobres_n_buy.py' 2026-06-02 12:04:04,492 : 하향추세 047810 한국항공우주 < 5MA 10MA
[INFO] 'chk_vobres_n_buy.py' 2026-06-02 12:04:04,492 : 하향추세 064350 현대로템 < 5MA 10MA
[INFO] 'chk_vobres_n_buy.py' 2026-06-02 12:04:04,492 : 하향추세 079550 LIG디펜스앤에어로스 < 5MA 10MA
[INFO] 'chk_vobres_n_buy.py' 2026-06-02 12:04:04,492 : 하향추세 086520 에코프로 < 5MA 10MA
[INFO] 'chk_vobres_n_buy.py' 2026-06-02 12:04:04,492 : 하향추세 096770 SK이노베이션 < 5MA 10MA
[INFO] 'chk_vobres_n_buy.py' 2026-06-02 12:04:04,493 : 하향추세 247540 에코프로비엠 < 5MA 10MA
[INFO] 'chk_vobres_n_buy.py' 2026-06-02 12:04:04,493 : 하향추세 272210 한화시스템 < 5MA 10MA
[DEBUG] 'chk_vobres_n_buy.py' 2026-06-02 12:04:04,493 : 조건검색 종목 수18
[DEBUG] 'chk_vobres_n_buy.py' 2026-06-02 12:04:05,496 : 조건검색 종목 수3
[INFO] 'chk_vobres_n_buy.py' 2026-06-02 12:04:06,507 : 하향추세 003670 포스코퓨처엠 < 5MA 10MA
[WARNING] 'chk_vobres_n_buy.py' 2026-06-02 12:04:06,507 :  Not found in last_ohlc.txt 005070 코스모신소재
[INFO] 'chk_vobres_n_buy.py' 2026-06-02 12:04:06,508 : 하향추세 005490 POSCO홀딩스 < 5MA 10MA
[INFO] 'chk_vobres_n_buy.py' 2026-06-02 12:04:06,508 : 하향추세 006400 삼성SDI < 5MA 10MA
[INFO] 'chk_vobres_n_buy.py' 2026-06-02 12:04:06,509 : 하향추세 012450 한화에어로스페이스 < 5MA 10MA
[INFO] 'chk_vobres_n_buy.py' 2026-06-02 12:04:06,509 : 하향추세 042700 한미반도체 < 5MA 10MA
[INFO] 'chk_vobres_n_buy.py' 2026-06-02 12:04:06,509 : 하향추세 047810 한국항공우주 < 5MA 10MA
[INFO] 'chk_vobres_n_buy.py' 2026-06-02 12:04:06,510 : 하향추세 064350 현대로템 < 5MA 10MA
[INFO] 'chk_vobres_n_buy.py' 2026-06-02 12:04:06,510 : 하향추세 079550 LIG디펜스앤에어로스 < 5MA 10MA
[INFO] 'chk_vobres_n_buy.py' 2026-06-02 12:04:06,510 : 하향추세 086520 에코프로 < 5MA 10MA
[INFO] 'chk_vobres_n_buy.py' 2026-06-02 12:04:06,511 : 하향추세 096770 SK이노베이션 < 5MA 10MA
[INFO] 'chk_vobres_n_buy.py' 2026-06-02 12:04:06,511 : 하향추세 247540 에코프로비엠 < 5MA 10MA
[INFO] 'chk_vobres_n_buy.py' 2026-06-02 12:04:06,511 : 하향추세 272210 한화시스템 < 5MA 10MA
[DEBUG] 'chk_vobres_n_buy.py' 2026-06-02 12:04:06,512 : 조건검색 종목 수18
[DEBUG] 'chk_vobres_n_buy.py' 2026-06-02 12:04:07,528 : 조건검색 종목 수3
[INFO] 'chk_vobres_n_buy.py' 2026-06-02 12:04:08,538 : 하향추세 003670 포스코퓨처엠 < 5MA 10MA
[WARNING] 'chk_vobres_n_buy.py' 2026-06-02 12:04:08,539 :  Not found in last_ohlc.txt 005070 코스모신소재
[INFO] 'chk_vobres_n_buy.py' 2026-06-02 12:04:08,539 : 하향추세 005490 POSCO홀딩스 < 5MA 10MA
[INFO] 'chk_vobres_n_buy.py' 2026-06-02 12:04:08,540 : 하향추세 006400 삼성SDI < 5MA 10MA
[INFO] 'chk_vobres_n_buy.py' 2026-06-02 12:04:08,540 : 하향추세 012450 한화에어로스페이스 < 5MA 10MA
[INFO] 'chk_vobres_n_buy.py' 2026-06-02 12:04:08,540 : 하향추세 042700 한미반도체 < 5MA 10MA
[INFO] 'chk_vobres_n_buy.py' 2026-06-02 12:04:08,541 : 하향추세 047810 한국항공우주 < 5MA 10MA
[INFO] 'chk_vobres_n_buy.py' 2026-06-02 12:04:08,541 : 하향추세 064350 현대로템 < 5MA 10MA
[INFO] 'chk_vobres_n_buy.py' 2026-06-02 12:04:08,541 : 하향추세 079550 LIG디펜스앤에어로스 < 5MA 10MA
[INFO] 'chk_vobres_n_buy.py' 2026-06-02 12:04:08,542 : 하향추세 086520 에코프로 < 5MA 10MA
[INFO] 'chk_vobres_n_buy.py' 2026-06-02 12:04:08,542 : 하향추세 096770 SK이노베이션 < 5MA 10MA
[INFO] 'chk_vobres_n_buy.py' 2026-06-02 12:04:08,542 : 하향추세 247540 에코프로비엠 < 5MA 10MA
[INFO] 'chk_vobres_n_buy.py' 2026-06-02 12:04:08,542 : 하향추세 272210 한화시스템 < 5MA 10MA
[DEBUG] 'chk_vobres_n_buy.py' 2026-06-02 12:04:08,543 : 조건검색 종목 수18
[DEBUG] 'chk_vobres_n_buy.py' 2026-06-02 12:04:09,546 : 조건검색 종목 수3
[INFO] 'chk_vobres_n_buy.py' 2026-06-02 12:04:10,550 : 하향추세 003670 포스코퓨처엠 < 5MA 10MA
[WARNING] 'chk_vobres_n_buy.py' 2026-06-02 12:04:10,551 :  Not found in last_ohlc.txt 005070 코스모신소재
[INFO] 'chk_vobres_n_buy.py' 2026-06-02 12:04:10,551 : 하향추세 005490 POSCO홀딩스 < 5MA 10MA
[INFO] 'chk_vobres_n_buy.py' 2026-06-02 12:04:10,552 : 하향추세 006400 삼성SDI < 5MA 10MA
[INFO] 'chk_vobres_n_buy.py' 2026-06-02 12:04:10,552 : 하향추세 012450 한화에어로스페이스 < 5MA 10MA
[INFO] 'chk_vobres_n_buy.py' 2026-06-02 12:04:10,552 : 하향추세 042700 한미반도체 < 5MA 10MA
[INFO] 'chk_vobres_n_buy.py' 2026-06-02 12:04:10,553 : 하향추세 047810 한국항공우주 < 5MA 10MA
[INFO] 'chk_vobres_n_buy.py' 2026-06-02 12:04:10,553 : 하향추세 064350 현대로템 < 5MA 10MA
[INFO] 'chk_vobres_n_buy.py' 2026-06-02 12:04:10,553 : 하향추세 079550 LIG디펜스앤에어로스 < 5MA 10MA
[INFO] 'chk_vobres_n_buy.py' 2026-06-02 12:04:10,554 : 하향추세 086520 에코프로 < 5MA 10MA
[INFO] 'chk_vobres_n_buy.py' 2026-06-02 12:04:10,554 : 하향추세 096770 SK이노베이션 < 5MA 10MA
[INFO] 'chk_vobres_n_buy.py' 2026-06-02 12:04:10,554 : 하향추세 247540 에코프로비엠 < 5MA 10MA
[INFO] 'chk_vobres_n_buy.py' 2026-06-02 12:04:10,555 : 하향추세 272210 한화시스템 < 5MA 10MA
[DEBUG] 'chk_vobres_n_buy.py' 2026-06-02 12:04:10,555 : 조건검색 종목 수18
[DEBUG] 'chk_vobres_n_buy.py' 2026-06-02 12:04:11,568 : 조건검색 종목 수3
[INFO] 'chk_vobres_n_buy.py' 2026-06-02 12:04:12,572 : 하향추세 003670 포스코퓨처엠 < 5MA 10MA
[WARNING] 'chk_vobres_n_buy.py' 2026-06-02 12:04:12,573 :  Not found in last_ohlc.txt 005070 코스모신소재
[INFO] 'chk_vobres_n_buy.py' 2026-06-02 12:04:12,573 : 하향추세 005490 POSCO홀딩스 < 5MA 10MA
[INFO] 'chk_vobres_n_buy.py' 2026-06-02 12:04:12,574 : 하향추세 006400 삼성SDI < 5MA 10MA
[INFO] 'chk_vobres_n_buy.py' 2026-06-02 12:04:12,574 : 하향추세 012450 한화에어로스페이스 < 5MA 10MA
[INFO] 'chk_vobres_n_buy.py' 2026-06-02 12:04:12,574 : 하향추세 042700 한미반도체 < 5MA 10MA
[INFO] 'chk_vobres_n_buy.py' 2026-06-02 12:04:12,575 : 하향추세 047810 한국항공우주 < 5MA 10MA
[INFO] 'chk_vobres_n_buy.py' 2026-06-02 12:04:12,575 : 하향추세 064350 현대로템 < 5MA 10MA
[INFO] 'chk_vobres_n_buy.py' 2026-06-02 12:04:12,575 : 하향추세 079550 LIG디펜스앤에어로스 < 5MA 10MA
[INFO] 'chk_vobres_n_buy.py' 2026-06-02 12:04:12,576 : 하향추세 086520 에코프로 < 5MA 10MA
[INFO] 'chk_vobres_n_buy.py' 2026-06-02 12:04:12,576 : 하향추세 096770 SK이노베이션 < 5MA 10MA
[INFO] 'chk_vobres_n_buy.py' 2026-06-02 12:04:12,576 : 하향추세 247540 에코프로비엠 < 5MA 10MA
[INFO] 'chk_vobres_n_buy.py' 2026-06-02 12:04:12,577 : 하향추세 272210 한화시스템 < 5MA 10MA
[DEBUG] 'chk_vobres_n_buy.py' 2026-06-02 12:04:12,577 : 조건검색 종목 수18
[DEBUG] 'chk_vobres_n_buy.py' 2026-06-02 12:04:13,580 : 조건검색 종목 수3
[INFO] 'chk_vobres_n_buy.py' 2026-06-02 12:04:14,597 : 하향추세 003670 포스코퓨처엠 < 5MA 10MA
[WARNING] 'chk_vobres_n_buy.py' 2026-06-02 12:04:14,597 :  Not found in last_ohlc.txt 005070 코스모신소재
[INFO] 'chk_vobres_n_buy.py' 2026-06-02 12:04:14,598 : 하향추세 005490 POSCO홀딩스 < 5MA 10MA
[INFO] 'chk_vobres_n_buy.py' 2026-06-02 12:04:14,598 : 하향추세 006400 삼성SDI < 5MA 10MA
[INFO] 'chk_vobres_n_buy.py' 2026-06-02 12:04:14,599 : 하향추세 012450 한화에어로스페이스 < 5MA 10MA
[INFO] 'chk_vobres_n_buy.py' 2026-06-02 12:04:14,599 : 하향추세 042700 한미반도체 < 5MA 10MA
[INFO] 'chk_vobres_n_buy.py' 2026-06-02 12:04:14,599 : 하향추세 047810 한국항공우주 < 5MA 10MA
[INFO] 'chk_vobres_n_buy.py' 2026-06-02 12:04:14,600 : 하향추세 064350 현대로템 < 5MA 10MA
[INFO] 'chk_vobres_n_buy.py' 2026-06-02 12:04:14,600 : 하향추세 079550 LIG디펜스앤에어로스 < 5MA 10MA
[INFO] 'chk_vobres_n_buy.py' 2026-06-02 12:04:14,600 : 하향추세 086520 에코프로 < 5MA 10MA
[INFO] 'chk_vobres_n_buy.py' 2026-06-02 12:04:14,600 : 하향추세 096770 SK이노베이션 < 5MA 10MA
[INFO] 'chk_vobres_n_buy.py' 2026-06-02 12:04:14,601 : 하향추세 247540 에코프로비엠 < 5MA 10MA
[INFO] 'chk_vobres_n_buy.py' 2026-06-02 12:04:14,601 : 하향추세 272210 한화시스템 < 5MA 10MA
[DEBUG] 'chk_vobres_n_buy.py' 2026-06-02 12:04:14,601 : 조건검색 종목 수18
[DEBUG] 'chk_vobres_n_buy.py' 2026-06-02 12:04:15,604 : 조건검색 종목 수3
[INFO] 'chk_vobres_n_buy.py' 2026-06-02 12:04:16,612 : 하향추세 003670 포스코퓨처엠 < 5MA 10MA
[WARNING] 'chk_vobres_n_buy.py' 2026-06-02 12:04:16,613 :  Not found in last_ohlc.txt 005070 코스모신소재
[INFO] 'chk_vobres_n_buy.py' 2026-06-02 12:04:16,613 : 하향추세 005490 POSCO홀딩스 < 5MA 10MA
[INFO] 'chk_vobres_n_buy.py' 2026-06-02 12:04:16,614 : 하향추세 006400 삼성SDI < 5MA 10MA
[INFO] 'chk_vobres_n_buy.py' 2026-06-02 12:04:16,614 : 하향추세 012450 한화에어로스페이스 < 5MA 10MA
[INFO] 'chk_vobres_n_buy.py' 2026-06-02 12:04:16,614 : 하향추세 042700 한미반도체 < 5MA 10MA
[INFO] 'chk_vobres_n_buy.py' 2026-06-02 12:04:16,615 : 하향추세 047810 한국항공우주 < 5MA 10MA
[INFO] 'chk_vobres_n_buy.py' 2026-06-02 12:04:16,615 : 하향추세 064350 현대로템 < 5MA 10MA
[INFO] 'chk_vobres_n_buy.py' 2026-06-02 12:04:16,615 : 하향추세 079550 LIG디펜스앤에어로스 < 5MA 10MA
[INFO] 'chk_vobres_n_buy.py' 2026-06-02 12:04:16,616 : 하향추세 086520 에코프로 < 5MA 10MA
[INFO] 'chk_vobres_n_buy.py' 2026-06-02 12:04:16,616 : 하향추세 096770 SK이노베이션 < 5MA 10MA
[INFO] 'chk_vobres_n_buy.py' 2026-06-02 12:04:16,616 : 하향추세 247540 에코프로비엠 < 5MA 10MA
[INFO] 'chk_vobres_n_buy.py' 2026-06-02 12:04:16,616 : 하향추세 272210 한화시스템 < 5MA 10MA
[DEBUG] 'chk_vobres_n_buy.py' 2026-06-02 12:04:16,617 : 조건검색 종목 수18
[DEBUG] 'chk_vobres_n_buy.py' 2026-06-02 12:04:17,630 : 조건검색 종목 수3
[INFO] 'chk_vobres_n_buy.py' 2026-06-02 12:04:18,648 : 하향추세 003670 포스코퓨처엠 < 5MA 10MA
[WARNING] 'chk_vobres_n_buy.py' 2026-06-02 12:04:18,649 :  Not found in last_ohlc.txt 005070 코스모신소재
[INFO] 'chk_vobres_n_buy.py' 2026-06-02 12:04:18,649 : 하향추세 005490 POSCO홀딩스 < 5MA 10MA
[INFO] 'chk_vobres_n_buy.py' 2026-06-02 12:04:18,650 : 하향추세 006400 삼성SDI < 5MA 10MA
[INFO] 'chk_vobres_n_buy.py' 2026-06-02 12:04:18,650 : 하향추세 012450 한화에어로스페이스 < 5MA 10MA
[INFO] 'chk_vobres_n_buy.py' 2026-06-02 12:04:18,650 : 하향추세 042700 한미반도체 < 5MA 10MA
[INFO] 'chk_vobres_n_buy.py' 2026-06-02 12:04:18,651 : 하향추세 047810 한국항공우주 < 5MA 10MA
[INFO] 'chk_vobres_n_buy.py' 2026-06-02 12:04:18,651 : 하향추세 064350 현대로템 < 5MA 10MA
[INFO] 'chk_vobres_n_buy.py' 2026-06-02 12:04:18,651 : 하향추세 079550 LIG디펜스앤에어로스 < 5MA 10MA
[INFO] 'chk_vobres_n_buy.py' 2026-06-02 12:04:18,652 : 하향추세 086520 에코프로 < 5MA 10MA
[INFO] 'chk_vobres_n_buy.py' 2026-06-02 12:04:18,652 : 하향추세 096770 SK이노베이션 < 5MA 10MA
[INFO] 'chk_vobres_n_buy.py' 2026-06-02 12:04:18,652 : 하향추세 247540 에코프로비엠 < 5MA 10MA
[INFO] 'chk_vobres_n_buy.py' 2026-06-02 12:04:18,653 : 하향추세 272210 한화시스템 < 5MA 10MA
[DEBUG] 'chk_vobres_n_buy.py' 2026-06-02 12:04:18,653 : 조건검색 종목 수18
[DEBUG] 'chk_vobres_n_buy.py' 2026-06-02 12:04:19,655 : 조건검색 종목 수3
[INFO] 'chk_vobres_n_buy.py' 2026-06-02 12:04:20,664 : 하향추세 003670 포스코퓨처엠 < 5MA 10MA
[WARNING] 'chk_vobres_n_buy.py' 2026-06-02 12:04:20,665 :  Not found in last_ohlc.txt 005070 코스모신소재
[INFO] 'chk_vobres_n_buy.py' 2026-06-02 12:04:20,665 : 하향추세 005490 POSCO홀딩스 < 5MA 10MA
[INFO] 'chk_vobres_n_buy.py' 2026-06-02 12:04:20,666 : 하향추세 006400 삼성SDI < 5MA 10MA
[INFO] 'chk_vobres_n_buy.py' 2026-06-02 12:04:20,666 : 하향추세 012450 한화에어로스페이스 < 5MA 10MA
[INFO] 'chk_vobres_n_buy.py' 2026-06-02 12:04:20,666 : 하향추세 042700 한미반도체 < 5MA 10MA
[INFO] 'chk_vobres_n_buy.py' 2026-06-02 12:04:20,667 : 하향추세 047810 한국항공우주 < 5MA 10MA
[INFO] 'chk_vobres_n_buy.py' 2026-06-02 12:04:20,667 : 하향추세 064350 현대로템 < 5MA 10MA
[INFO] 'chk_vobres_n_buy.py' 2026-06-02 12:04:20,667 : 하향추세 079550 LIG디펜스앤에어로스 < 5MA 10MA
[INFO] 'chk_vobres_n_buy.py' 2026-06-02 12:04:20,668 : 하향추세 086520 에코프로 < 5MA 10MA
[INFO] 'chk_vobres_n_buy.py' 2026-06-02 12:04:20,668 : 하향추세 096770 SK이노베이션 < 5MA 10MA
[INFO] 'chk_vobres_n_buy.py' 2026-06-02 12:04:20,668 : 하향추세 247540 에코프로비엠 < 5MA 10MA
[INFO] 'chk_vobres_n_buy.py' 2026-06-02 12:04:20,669 : 하향추세 272210 한화시스템 < 5MA 10MA
[DEBUG] 'chk_vobres_n_buy.py' 2026-06-02 12:04:20,669 : 조건검색 종목 수18
[DEBUG] 'chk_vobres_n_buy.py' 2026-06-02 12:04:21,683 : 조건검색 종목 수3
[INFO] 'chk_vobres_n_buy.py' 2026-06-02 12:04:22,692 : 하향추세 003670 포스코퓨처엠 < 5MA 10MA
[WARNING] 'chk_vobres_n_buy.py' 2026-06-02 12:04:22,693 :  Not found in last_ohlc.txt 005070 코스모신소재
[INFO] 'chk_vobres_n_buy.py' 2026-06-02 12:04:22,693 : 하향추세 005490 POSCO홀딩스 < 5MA 10MA
[INFO] 'chk_vobres_n_buy.py' 2026-06-02 12:04:22,694 : 하향추세 006400 삼성SDI < 5MA 10MA
[INFO] 'chk_vobres_n_buy.py' 2026-06-02 12:04:22,694 : 하향추세 012450 한화에어로스페이스 < 5MA 10MA
[INFO] 'chk_vobres_n_buy.py' 2026-06-02 12:04:22,694 : 하향추세 042700 한미반도체 < 5MA 10MA
[INFO] 'chk_vobres_n_buy.py' 2026-06-02 12:04:22,695 : 하향추세 047810 한국항공우주 < 5MA 10MA
[INFO] 'chk_vobres_n_buy.py' 2026-06-02 12:04:22,695 : 하향추세 064350 현대로템 < 5MA 10MA
[INFO] 'chk_vobres_n_buy.py' 2026-06-02 12:04:22,695 : 하향추세 079550 LIG디펜스앤에어로스 < 5MA 10MA
[INFO] 'chk_vobres_n_buy.py' 2026-06-02 12:04:22,696 : 하향추세 086520 에코프로 < 5MA 10MA
[INFO] 'chk_vobres_n_buy.py' 2026-06-02 12:04:22,696 : 하향추세 096770 SK이노베이션 < 5MA 10MA
[INFO] 'chk_vobres_n_buy.py' 2026-06-02 12:04:22,696 : 하향추세 247540 에코프로비엠 < 5MA 10MA
[INFO] 'chk_vobres_n_buy.py' 2026-06-02 12:04:22,696 : 하향추세 272210 한화시스템 < 5MA 10MA
[DEBUG] 'chk_vobres_n_buy.py' 2026-06-02 12:04:22,697 : 조건검색 종목 수18
[DEBUG] 'chk_vobres_n_buy.py' 2026-06-02 12:04:23,703 : 조건검색 종목 수3
[INFO] 'chk_vobres_n_buy.py' 2026-06-02 12:04:24,707 : 하향추세 003670 포스코퓨처엠 < 5MA 10MA
[WARNING] 'chk_vobres_n_buy.py' 2026-06-02 12:04:24,708 :  Not found in last_ohlc.txt 005070 코스모신소재
[INFO] 'chk_vobres_n_buy.py' 2026-06-02 12:04:24,708 : 하향추세 005490 POSCO홀딩스 < 5MA 10MA
[INFO] 'chk_vobres_n_buy.py' 2026-06-02 12:04:24,709 : 하향추세 006400 삼성SDI < 5MA 10MA
[INFO] 'chk_vobres_n_buy.py' 2026-06-02 12:04:24,709 : 하향추세 012450 한화에어로스페이스 < 5MA 10MA
[INFO] 'chk_vobres_n_buy.py' 2026-06-02 12:04:24,709 : 하향추세 042700 한미반도체 < 5MA 10MA
[INFO] 'chk_vobres_n_buy.py' 2026-06-02 12:04:24,710 : 하향추세 047810 한국항공우주 < 5MA 10MA
[INFO] 'chk_vobres_n_buy.py' 2026-06-02 12:04:24,710 : 하향추세 064350 현대로템 < 5MA 10MA
[INFO] 'chk_vobres_n_buy.py' 2026-06-02 12:04:24,710 : 하향추세 079550 LIG디펜스앤에어로스 < 5MA 10MA
[INFO] 'chk_vobres_n_buy.py' 2026-06-02 12:04:24,711 : 하향추세 086520 에코프로 < 5MA 10MA
[INFO] 'chk_vobres_n_buy.py' 2026-06-02 12:04:24,711 : 하향추세 096770 SK이노베이션 < 5MA 10MA
[INFO] 'chk_vobres_n_buy.py' 2026-06-02 12:04:24,711 : 하향추세 247540 에코프로비엠 < 5MA 10MA
[INFO] 'chk_vobres_n_buy.py' 2026-06-02 12:04:24,712 : 하향추세 272210 한화시스템 < 5MA 10MA
[DEBUG] 'chk_vobres_n_buy.py' 2026-06-02 12:04:24,712 : 조건검색 종목 수18
[DEBUG] 'chk_vobres_n_buy.py' 2026-06-02 12:04:25,726 : 조건검색 종목 수3
[INFO] 'chk_vobres_n_buy.py' 2026-06-02 12:04:26,741 : 하향추세 003670 포스코퓨처엠 < 5MA 10MA
[WARNING] 'chk_vobres_n_buy.py' 2026-06-02 12:04:26,741 :  Not found in last_ohlc.txt 005070 코스모신소재
[INFO] 'chk_vobres_n_buy.py' 2026-06-02 12:04:26,741 : 하향추세 005490 POSCO홀딩스 < 5MA 10MA
[INFO] 'chk_vobres_n_buy.py' 2026-06-02 12:04:26,742 : 하향추세 006400 삼성SDI < 5MA 10MA
[INFO] 'chk_vobres_n_buy.py' 2026-06-02 12:04:26,742 : 하향추세 012450 한화에어로스페이스 < 5MA 10MA
[INFO] 'chk_vobres_n_buy.py' 2026-06-02 12:04:26,742 : 하향추세 042700 한미반도체 < 5MA 10MA
[INFO] 'chk_vobres_n_buy.py' 2026-06-02 12:04:26,742 : 하향추세 047810 한국항공우주 < 5MA 10MA
[INFO] 'chk_vobres_n_buy.py' 2026-06-02 12:04:26,742 : 하향추세 064350 현대로템 < 5MA 10MA
[INFO] 'chk_vobres_n_buy.py' 2026-06-02 12:04:26,742 : 하향추세 079550 LIG디펜스앤에어로스 < 5MA 10MA
[INFO] 'chk_vobres_n_buy.py' 2026-06-02 12:04:26,742 : 하향추세 086520 에코프로 < 5MA 10MA
[INFO] 'chk_vobres_n_buy.py' 2026-06-02 12:04:26,742 : 하향추세 096770 SK이노베이션 < 5MA 10MA
[INFO] 'chk_vobres_n_buy.py' 2026-06-02 12:04:26,742 : 하향추세 247540 에코프로비엠 < 5MA 10MA
[INFO] 'chk_vobres_n_buy.py' 2026-06-02 12:04:26,742 : 하향추세 272210 한화시스템 < 5MA 10MA
[DEBUG] 'chk_vobres_n_buy.py' 2026-06-02 12:04:26,742 : 조건검색 종목 수18
[DEBUG] 'chk_vobres_n_buy.py' 2026-06-02 12:04:28,268 : 조건검색 종목 수3
[INFO] 'chk_vobres_n_buy.py' 2026-06-02 12:04:29,279 : 하향추세 003670 포스코퓨처엠 < 5MA 10MA
[WARNING] 'chk_vobres_n_buy.py' 2026-06-02 12:04:29,279 :  Not found in last_ohlc.txt 005070 코스모신소재
[INFO] 'chk_vobres_n_buy.py' 2026-06-02 12:04:29,280 : 하향추세 005490 POSCO홀딩스 < 5MA 10MA
[INFO] 'chk_vobres_n_buy.py' 2026-06-02 12:04:29,280 : 하향추세 006400 삼성SDI < 5MA 10MA
[INFO] 'chk_vobres_n_buy.py' 2026-06-02 12:04:29,280 : 하향추세 012450 한화에어로스페이스 < 5MA 10MA
[INFO] 'chk_vobres_n_buy.py' 2026-06-02 12:04:29,281 : 하향추세 042700 한미반도체 < 5MA 10MA
[INFO] 'chk_vobres_n_buy.py' 2026-06-02 12:04:29,282 : 하향추세 047810 한국항공우주 < 5MA 10MA
[INFO] 'chk_vobres_n_buy.py' 2026-06-02 12:04:29,283 : 하향추세 064350 현대로템 < 5MA 10MA
[INFO] 'chk_vobres_n_buy.py' 2026-06-02 12:04:29,283 : 하향추세 079550 LIG디펜스앤에어로스 < 5MA 10MA
[INFO] 'chk_vobres_n_buy.py' 2026-06-02 12:04:29,284 : 하향추세 086520 에코프로 < 5MA 10MA
[INFO] 'chk_vobres_n_buy.py' 2026-06-02 12:04:29,285 : 하향추세 096770 SK이노베이션 < 5MA 10MA
[INFO] 'chk_vobres_n_buy.py' 2026-06-02 12:04:29,285 : 하향추세 247540 에코프로비엠 < 5MA 10MA
[INFO] 'chk_vobres_n_buy.py' 2026-06-02 12:04:29,286 : 하향추세 272210 한화시스템 < 5MA 10MA
[DEBUG] 'chk_vobres_n_buy.py' 2026-06-02 12:04:29,287 : 조건검색 종목 수18
[DEBUG] 'chk_vobres_n_buy.py' 2026-06-02 12:04:30,289 : 조건검색 종목 수3
[INFO] 'chk_vobres_n_buy.py' 2026-06-02 12:04:31,296 : 하향추세 003670 포스코퓨처엠 < 5MA 10MA
[WARNING] 'chk_vobres_n_buy.py' 2026-06-02 12:04:31,297 :  Not found in last_ohlc.txt 005070 코스모신소재
[INFO] 'chk_vobres_n_buy.py' 2026-06-02 12:04:31,299 : 하향추세 005490 POSCO홀딩스 < 5MA 10MA
[INFO] 'chk_vobres_n_buy.py' 2026-06-02 12:04:31,300 : 하향추세 006400 삼성SDI < 5MA 10MA
[INFO] 'chk_vobres_n_buy.py' 2026-06-02 12:04:31,301 : 하향추세 012450 한화에어로스페이스 < 5MA 10MA
[INFO] 'chk_vobres_n_buy.py' 2026-06-02 12:04:31,301 : 하향추세 042700 한미반도체 < 5MA 10MA
[INFO] 'chk_vobres_n_buy.py' 2026-06-02 12:04:31,301 : 하향추세 047810 한국항공우주 < 5MA 10MA
[INFO] 'chk_vobres_n_buy.py' 2026-06-02 12:04:31,302 : 하향추세 064350 현대로템 < 5MA 10MA
[INFO] 'chk_vobres_n_buy.py' 2026-06-02 12:04:31,303 : 하향추세 079550 LIG디펜스앤에어로스 < 5MA 10MA
[INFO] 'chk_vobres_n_buy.py' 2026-06-02 12:04:31,303 : 하향추세 086520 에코프로 < 5MA 10MA
[INFO] 'chk_vobres_n_buy.py' 2026-06-02 12:04:31,303 : 하향추세 096770 SK이노베이션 < 5MA 10MA
[INFO] 'chk_vobres_n_buy.py' 2026-06-02 12:04:31,304 : 하향추세 247540 에코프로비엠 < 5MA 10MA
[INFO] 'chk_vobres_n_buy.py' 2026-06-02 12:04:31,304 : 하향추세 272210 한화시스템 < 5MA 10MA
[DEBUG] 'chk_vobres_n_buy.py' 2026-06-02 12:04:31,304 : 조건검색 종목 수18
[DEBUG] 'chk_vobres_n_buy.py' 2026-06-02 12:04:32,318 : 조건검색 종목 수3
[INFO] 'chk_vobres_n_buy.py' 2026-06-02 12:04:33,332 : 하향추세 003670 포스코퓨처엠 < 5MA 10MA
[WARNING] 'chk_vobres_n_buy.py' 2026-06-02 12:04:33,333 :  Not found in last_ohlc.txt 005070 코스모신소재
[INFO] 'chk_vobres_n_buy.py' 2026-06-02 12:04:33,333 : 하향추세 005490 POSCO홀딩스 < 5MA 10MA
[INFO] 'chk_vobres_n_buy.py' 2026-06-02 12:04:33,334 : 하향추세 006400 삼성SDI < 5MA 10MA
[INFO] 'chk_vobres_n_buy.py' 2026-06-02 12:04:33,334 : 하향추세 012450 한화에어로스페이스 < 5MA 10MA
[INFO] 'chk_vobres_n_buy.py' 2026-06-02 12:04:33,335 : 하향추세 042700 한미반도체 < 5MA 10MA
[INFO] 'chk_vobres_n_buy.py' 2026-06-02 12:04:33,336 : 하향추세 047810 한국항공우주 < 5MA 10MA
[INFO] 'chk_vobres_n_buy.py' 2026-06-02 12:04:33,336 : 하향추세 064350 현대로템 < 5MA 10MA
[INFO] 'chk_vobres_n_buy.py' 2026-06-02 12:04:33,336 : 하향추세 079550 LIG디펜스앤에어로스 < 5MA 10MA
[INFO] 'chk_vobres_n_buy.py' 2026-06-02 12:04:33,337 : 하향추세 086520 에코프로 < 5MA 10MA
[INFO] 'chk_vobres_n_buy.py' 2026-06-02 12:04:33,337 : 하향추세 096770 SK이노베이션 < 5MA 10MA
[INFO] 'chk_vobres_n_buy.py' 2026-06-02 12:04:33,338 : 하향추세 247540 에코프로비엠 < 5MA 10MA
[INFO] 'chk_vobres_n_buy.py' 2026-06-02 12:04:33,338 : 하향추세 272210 한화시스템 < 5MA 10MA
[DEBUG] 'chk_vobres_n_buy.py' 2026-06-02 12:04:33,338 : 조건검색 종목 수18
[DEBUG] 'chk_vobres_n_buy.py' 2026-06-02 12:04:34,353 : 조건검색 종목 수3
[INFO] 'chk_vobres_n_buy.py' 2026-06-02 12:04:35,361 : 하향추세 003670 포스코퓨처엠 < 5MA 10MA
[WARNING] 'chk_vobres_n_buy.py' 2026-06-02 12:04:35,362 :  Not found in last_ohlc.txt 005070 코스모신소재
[INFO] 'chk_vobres_n_buy.py' 2026-06-02 12:04:35,362 : 하향추세 005490 POSCO홀딩스 < 5MA 10MA
[INFO] 'chk_vobres_n_buy.py' 2026-06-02 12:04:35,362 : 하향추세 006400 삼성SDI < 5MA 10MA
[INFO] 'chk_vobres_n_buy.py' 2026-06-02 12:04:35,363 : 하향추세 012450 한화에어로스페이스 < 5MA 10MA
[INFO] 'chk_vobres_n_buy.py' 2026-06-02 12:04:35,363 : 하향추세 042700 한미반도체 < 5MA 10MA
[INFO] 'chk_vobres_n_buy.py' 2026-06-02 12:04:35,363 : 하향추세 047810 한국항공우주 < 5MA 10MA
[INFO] 'chk_vobres_n_buy.py' 2026-06-02 12:04:35,364 : 하향추세 064350 현대로템 < 5MA 10MA
[INFO] 'chk_vobres_n_buy.py' 2026-06-02 12:04:35,367 : 하향추세 079550 LIG디펜스앤에어로스 < 5MA 10MA
[INFO] 'chk_vobres_n_buy.py' 2026-06-02 12:04:35,369 : 하향추세 086520 에코프로 < 5MA 10MA
[INFO] 'chk_vobres_n_buy.py' 2026-06-02 12:04:35,369 : 하향추세 096770 SK이노베이션 < 5MA 10MA
[INFO] 'chk_vobres_n_buy.py' 2026-06-02 12:04:35,369 : 하향추세 247540 에코프로비엠 < 5MA 10MA
[INFO] 'chk_vobres_n_buy.py' 2026-06-02 12:04:35,370 : 하향추세 272210 한화시스템 < 5MA 10MA
[DEBUG] 'chk_vobres_n_buy.py' 2026-06-02 12:04:35,370 : 조건검색 종목 수18
[DEBUG] 'chk_vobres_n_buy.py' 2026-06-02 12:04:36,374 : 조건검색 종목 수3
[INFO] 'chk_vobres_n_buy.py' 2026-06-02 12:04:37,529 : 하향추세 003670 포스코퓨처엠 < 5MA 10MA
[WARNING] 'chk_vobres_n_buy.py' 2026-06-02 12:04:37,530 :  Not found in last_ohlc.txt 005070 코스모신소재
[INFO] 'chk_vobres_n_buy.py' 2026-06-02 12:04:37,530 : 하향추세 005490 POSCO홀딩스 < 5MA 10MA
[INFO] 'chk_vobres_n_buy.py' 2026-06-02 12:04:37,531 : 하향추세 006400 삼성SDI < 5MA 10MA
[INFO] 'chk_vobres_n_buy.py' 2026-06-02 12:04:37,532 : 하향추세 012450 한화에어로스페이스 < 5MA 10MA
[INFO] 'chk_vobres_n_buy.py' 2026-06-02 12:04:37,532 : 하향추세 042700 한미반도체 < 5MA 10MA
[INFO] 'chk_vobres_n_buy.py' 2026-06-02 12:04:37,533 : 하향추세 047810 한국항공우주 < 5MA 10MA
[INFO] 'chk_vobres_n_buy.py' 2026-06-02 12:04:37,533 : 하향추세 064350 현대로템 < 5MA 10MA
[INFO] 'chk_vobres_n_buy.py' 2026-06-02 12:04:37,533 : 하향추세 079550 LIG디펜스앤에어로스 < 5MA 10MA
[INFO] 'chk_vobres_n_buy.py' 2026-06-02 12:04:37,534 : 하향추세 086520 에코프로 < 5MA 10MA
[INFO] 'chk_vobres_n_buy.py' 2026-06-02 12:04:37,534 : 하향추세 096770 SK이노베이션 < 5MA 10MA
[INFO] 'chk_vobres_n_buy.py' 2026-06-02 12:04:37,535 : 하향추세 247540 에코프로비엠 < 5MA 10MA
[INFO] 'chk_vobres_n_buy.py' 2026-06-02 12:04:37,538 : 하향추세 272210 한화시스템 < 5MA 10MA
[DEBUG] 'chk_vobres_n_buy.py' 2026-06-02 12:04:37,538 : 조건검색 종목 수18
[DEBUG] 'chk_vobres_n_buy.py' 2026-06-02 12:04:38,557 : 조건검색 종목 수3
[INFO] 'chk_vobres_n_buy.py' 2026-06-02 12:04:39,567 : 하향추세 003670 포스코퓨처엠 < 5MA 10MA
[WARNING] 'chk_vobres_n_buy.py' 2026-06-02 12:04:39,567 :  Not found in last_ohlc.txt 005070 코스모신소재
[INFO] 'chk_vobres_n_buy.py' 2026-06-02 12:04:39,567 : 하향추세 005490 POSCO홀딩스 < 5MA 10MA
[INFO] 'chk_vobres_n_buy.py' 2026-06-02 12:04:39,568 : 하향추세 006400 삼성SDI < 5MA 10MA
[INFO] 'chk_vobres_n_buy.py' 2026-06-02 12:04:39,568 : 하향추세 012450 한화에어로스페이스 < 5MA 10MA
[INFO] 'chk_vobres_n_buy.py' 2026-06-02 12:04:39,569 : 하향추세 042700 한미반도체 < 5MA 10MA
[INFO] 'chk_vobres_n_buy.py' 2026-06-02 12:04:39,569 : 하향추세 047810 한국항공우주 < 5MA 10MA
[INFO] 'chk_vobres_n_buy.py' 2026-06-02 12:04:39,570 : 하향추세 064350 현대로템 < 5MA 10MA
[INFO] 'chk_vobres_n_buy.py' 2026-06-02 12:04:39,570 : 하향추세 079550 LIG디펜스앤에어로스 < 5MA 10MA
[INFO] 'chk_vobres_n_buy.py' 2026-06-02 12:04:39,570 : 하향추세 086520 에코프로 < 5MA 10MA
[INFO] 'chk_vobres_n_buy.py' 2026-06-02 12:04:39,570 : 하향추세 096770 SK이노베이션 < 5MA 10MA
[INFO] 'chk_vobres_n_buy.py' 2026-06-02 12:04:39,570 : 하향추세 247540 에코프로비엠 < 5MA 10MA
[INFO] 'chk_vobres_n_buy.py' 2026-06-02 12:04:39,571 : 하향추세 272210 한화시스템 < 5MA 10MA
[DEBUG] 'chk_vobres_n_buy.py' 2026-06-02 12:04:39,571 : 조건검색 종목 수18
[DEBUG] 'chk_vobres_n_buy.py' 2026-06-02 12:04:40,589 : 조건검색 종목 수3
[INFO] 'chk_vobres_n_buy.py' 2026-06-02 12:04:41,600 : 하향추세 003670 포스코퓨처엠 < 5MA 10MA
[WARNING] 'chk_vobres_n_buy.py' 2026-06-02 12:04:41,601 :  Not found in last_ohlc.txt 005070 코스모신소재
[INFO] 'chk_vobres_n_buy.py' 2026-06-02 12:04:41,601 : 하향추세 005490 POSCO홀딩스 < 5MA 10MA
[INFO] 'chk_vobres_n_buy.py' 2026-06-02 12:04:41,602 : 하향추세 006400 삼성SDI < 5MA 10MA
[INFO] 'chk_vobres_n_buy.py' 2026-06-02 12:04:41,602 : 하향추세 012450 한화에어로스페이스 < 5MA 10MA
[INFO] 'chk_vobres_n_buy.py' 2026-06-02 12:04:41,602 : 하향추세 042700 한미반도체 < 5MA 10MA
[INFO] 'chk_vobres_n_buy.py' 2026-06-02 12:04:41,602 : 하향추세 047810 한국항공우주 < 5MA 10MA
[INFO] 'chk_vobres_n_buy.py' 2026-06-02 12:04:41,603 : 하향추세 064350 현대로템 < 5MA 10MA
[INFO] 'chk_vobres_n_buy.py' 2026-06-02 12:04:41,603 : 하향추세 079550 LIG디펜스앤에어로스 < 5MA 10MA
[INFO] 'chk_vobres_n_buy.py' 2026-06-02 12:04:41,603 : 하향추세 086520 에코프로 < 5MA 10MA
[INFO] 'chk_vobres_n_buy.py' 2026-06-02 12:04:41,604 : 하향추세 096770 SK이노베이션 < 5MA 10MA
[INFO] 'chk_vobres_n_buy.py' 2026-06-02 12:04:41,604 : 하향추세 247540 에코프로비엠 < 5MA 10MA
[INFO] 'chk_vobres_n_buy.py' 2026-06-02 12:04:41,604 : 하향추세 272210 한화시스템 < 5MA 10MA
[DEBUG] 'chk_vobres_n_buy.py' 2026-06-02 12:04:41,605 : 조건검색 종목 수18
[DEBUG] 'chk_vobres_n_buy.py' 2026-06-02 12:04:42,626 : 조건검색 종목 수3
[INFO] 'chk_vobres_n_buy.py' 2026-06-02 12:04:43,641 : 하향추세 003670 포스코퓨처엠 < 5MA 10MA
[WARNING] 'chk_vobres_n_buy.py' 2026-06-02 12:04:43,641 :  Not found in last_ohlc.txt 005070 코스모신소재
[INFO] 'chk_vobres_n_buy.py' 2026-06-02 12:04:43,641 : 하향추세 005490 POSCO홀딩스 < 5MA 10MA
[INFO] 'chk_vobres_n_buy.py' 2026-06-02 12:04:43,642 : 하향추세 006400 삼성SDI < 5MA 10MA
[INFO] 'chk_vobres_n_buy.py' 2026-06-02 12:04:43,642 : 하향추세 012450 한화에어로스페이스 < 5MA 10MA
[INFO] 'chk_vobres_n_buy.py' 2026-06-02 12:04:43,642 : 하향추세 042700 한미반도체 < 5MA 10MA
[INFO] 'chk_vobres_n_buy.py' 2026-06-02 12:04:43,642 : 하향추세 047810 한국항공우주 < 5MA 10MA
[INFO] 'chk_vobres_n_buy.py' 2026-06-02 12:04:43,642 : 하향추세 064350 현대로템 < 5MA 10MA
[INFO] 'chk_vobres_n_buy.py' 2026-06-02 12:04:43,642 : 하향추세 079550 LIG디펜스앤에어로스 < 5MA 10MA
[INFO] 'chk_vobres_n_buy.py' 2026-06-02 12:04:43,642 : 하향추세 086520 에코프로 < 5MA 10MA
[INFO] 'chk_vobres_n_buy.py' 2026-06-02 12:04:43,642 : 하향추세 096770 SK이노베이션 < 5MA 10MA
[INFO] 'chk_vobres_n_buy.py' 2026-06-02 12:04:43,642 : 하향추세 247540 에코프로비엠 < 5MA 10MA
[INFO] 'chk_vobres_n_buy.py' 2026-06-02 12:04:43,643 : 하향추세 272210 한화시스템 < 5MA 10MA
[DEBUG] 'chk_vobres_n_buy.py' 2026-06-02 12:04:43,643 : 조건검색 종목 수18
[DEBUG] 'chk_vobres_n_buy.py' 2026-06-02 12:04:44,668 : 조건검색 종목 수3
[INFO] 'chk_vobres_n_buy.py' 2026-06-02 12:04:45,684 : 하향추세 003670 포스코퓨처엠 < 5MA 10MA
[WARNING] 'chk_vobres_n_buy.py' 2026-06-02 12:04:45,685 :  Not found in last_ohlc.txt 005070 코스모신소재
[INFO] 'chk_vobres_n_buy.py' 2026-06-02 12:04:45,685 : 하향추세 005490 POSCO홀딩스 < 5MA 10MA
[INFO] 'chk_vobres_n_buy.py' 2026-06-02 12:04:45,686 : 하향추세 006400 삼성SDI < 5MA 10MA
[INFO] 'chk_vobres_n_buy.py' 2026-06-02 12:04:45,686 : 하향추세 012450 한화에어로스페이스 < 5MA 10MA
[INFO] 'chk_vobres_n_buy.py' 2026-06-02 12:04:45,687 : 하향추세 042700 한미반도체 < 5MA 10MA
[INFO] 'chk_vobres_n_buy.py' 2026-06-02 12:04:45,687 : 하향추세 047810 한국항공우주 < 5MA 10MA
[INFO] 'chk_vobres_n_buy.py' 2026-06-02 12:04:45,687 : 하향추세 064350 현대로템 < 5MA 10MA
[INFO] 'chk_vobres_n_buy.py' 2026-06-02 12:04:45,688 : 하향추세 079550 LIG디펜스앤에어로스 < 5MA 10MA
[INFO] 'chk_vobres_n_buy.py' 2026-06-02 12:04:45,688 : 하향추세 086520 에코프로 < 5MA 10MA
[INFO] 'chk_vobres_n_buy.py' 2026-06-02 12:04:45,688 : 하향추세 096770 SK이노베이션 < 5MA 10MA
[INFO] 'chk_vobres_n_buy.py' 2026-06-02 12:04:45,688 : 하향추세 247540 에코프로비엠 < 5MA 10MA
[INFO] 'chk_vobres_n_buy.py' 2026-06-02 12:04:45,689 : 하향추세 272210 한화시스템 < 5MA 10MA
[DEBUG] 'chk_vobres_n_buy.py' 2026-06-02 12:04:45,689 : 조건검색 종목 수18
[DEBUG] 'chk_vobres_n_buy.py' 2026-06-02 12:04:46,704 : 조건검색 종목 수3
[INFO] 'chk_vobres_n_buy.py' 2026-06-02 12:04:47,723 : 하향추세 003670 포스코퓨처엠 < 5MA 10MA
[WARNING] 'chk_vobres_n_buy.py' 2026-06-02 12:04:47,723 :  Not found in last_ohlc.txt 005070 코스모신소재
[INFO] 'chk_vobres_n_buy.py' 2026-06-02 12:04:47,723 : 하향추세 005490 POSCO홀딩스 < 5MA 10MA
[INFO] 'chk_vobres_n_buy.py' 2026-06-02 12:04:47,723 : 하향추세 006400 삼성SDI < 5MA 10MA
[INFO] 'chk_vobres_n_buy.py' 2026-06-02 12:04:47,724 : 하향추세 012450 한화에어로스페이스 < 5MA 10MA
[INFO] 'chk_vobres_n_buy.py' 2026-06-02 12:04:47,724 : 하향추세 042700 한미반도체 < 5MA 10MA
[INFO] 'chk_vobres_n_buy.py' 2026-06-02 12:04:47,724 : 하향추세 047810 한국항공우주 < 5MA 10MA
[INFO] 'chk_vobres_n_buy.py' 2026-06-02 12:04:47,724 : 하향추세 064350 현대로템 < 5MA 10MA
[INFO] 'chk_vobres_n_buy.py' 2026-06-02 12:04:47,724 : 하향추세 079550 LIG디펜스앤에어로스 < 5MA 10MA
[INFO] 'chk_vobres_n_buy.py' 2026-06-02 12:04:47,724 : 하향추세 086520 에코프로 < 5MA 10MA
[INFO] 'chk_vobres_n_buy.py' 2026-06-02 12:04:47,724 : 하향추세 096770 SK이노베이션 < 5MA 10MA
[INFO] 'chk_vobres_n_buy.py' 2026-06-02 12:04:47,724 : 하향추세 247540 에코프로비엠 < 5MA 10MA
[INFO] 'chk_vobres_n_buy.py' 2026-06-02 12:04:47,724 : 하향추세 272210 한화시스템 < 5MA 10MA
[DEBUG] 'chk_vobres_n_buy.py' 2026-06-02 12:04:47,724 : 조건검색 종목 수18
[DEBUG] 'chk_vobres_n_buy.py' 2026-06-02 12:04:48,736 : 조건검색 종목 수3
[INFO] 'chk_vobres_n_buy.py' 2026-06-02 12:04:49,746 : 하향추세 003670 포스코퓨처엠 < 5MA 10MA
[WARNING] 'chk_vobres_n_buy.py' 2026-06-02 12:04:49,747 :  Not found in last_ohlc.txt 005070 코스모신소재
[INFO] 'chk_vobres_n_buy.py' 2026-06-02 12:04:49,747 : 하향추세 005490 POSCO홀딩스 < 5MA 10MA
[INFO] 'chk_vobres_n_buy.py' 2026-06-02 12:04:49,747 : 하향추세 006400 삼성SDI < 5MA 10MA
[INFO] 'chk_vobres_n_buy.py' 2026-06-02 12:04:49,748 : 하향추세 012450 한화에어로스페이스 < 5MA 10MA
[INFO] 'chk_vobres_n_buy.py' 2026-06-02 12:04:49,748 : 하향추세 042700 한미반도체 < 5MA 10MA
[INFO] 'chk_vobres_n_buy.py' 2026-06-02 12:04:49,748 : 하향추세 047810 한국항공우주 < 5MA 10MA
[INFO] 'chk_vobres_n_buy.py' 2026-06-02 12:04:49,749 : 하향추세 064350 현대로템 < 5MA 10MA
[INFO] 'chk_vobres_n_buy.py' 2026-06-02 12:04:49,749 : 하향추세 079550 LIG디펜스앤에어로스 < 5MA 10MA
[INFO] 'chk_vobres_n_buy.py' 2026-06-02 12:04:49,749 : 하향추세 086520 에코프로 < 5MA 10MA
[INFO] 'chk_vobres_n_buy.py' 2026-06-02 12:04:49,750 : 하향추세 096770 SK이노베이션 < 5MA 10MA
[INFO] 'chk_vobres_n_buy.py' 2026-06-02 12:04:49,750 : 하향추세 247540 에코프로비엠 < 5MA 10MA
[INFO] 'chk_vobres_n_buy.py' 2026-06-02 12:04:49,750 : 하향추세 272210 한화시스템 < 5MA 10MA
[DEBUG] 'chk_vobres_n_buy.py' 2026-06-02 12:04:49,751 : 조건검색 종목 수18
[DEBUG] 'chk_vobres_n_buy.py' 2026-06-02 12:04:50,759 : 조건검색 종목 수3
[INFO] 'chk_vobres_n_buy.py' 2026-06-02 12:04:51,778 : 하향추세 003670 포스코퓨처엠 < 5MA 10MA
[WARNING] 'chk_vobres_n_buy.py' 2026-06-02 12:04:51,778 :  Not found in last_ohlc.txt 005070 코스모신소재
[INFO] 'chk_vobres_n_buy.py' 2026-06-02 12:04:51,778 : 하향추세 005490 POSCO홀딩스 < 5MA 10MA
[INFO] 'chk_vobres_n_buy.py' 2026-06-02 12:04:51,779 : 하향추세 006400 삼성SDI < 5MA 10MA
[INFO] 'chk_vobres_n_buy.py' 2026-06-02 12:04:51,779 : 하향추세 012450 한화에어로스페이스 < 5MA 10MA
[INFO] 'chk_vobres_n_buy.py' 2026-06-02 12:04:51,779 : 하향추세 042700 한미반도체 < 5MA 10MA
[INFO] 'chk_vobres_n_buy.py' 2026-06-02 12:04:51,780 : 하향추세 047810 한국항공우주 < 5MA 10MA
[INFO] 'chk_vobres_n_buy.py' 2026-06-02 12:04:51,780 : 하향추세 064350 현대로템 < 5MA 10MA
[INFO] 'chk_vobres_n_buy.py' 2026-06-02 12:04:51,780 : 하향추세 079550 LIG디펜스앤에어로스 < 5MA 10MA
[INFO] 'chk_vobres_n_buy.py' 2026-06-02 12:04:51,781 : 하향추세 086520 에코프로 < 5MA 10MA
[INFO] 'chk_vobres_n_buy.py' 2026-06-02 12:04:51,781 : 하향추세 096770 SK이노베이션 < 5MA 10MA
[INFO] 'chk_vobres_n_buy.py' 2026-06-02 12:04:51,781 : 하향추세 247540 에코프로비엠 < 5MA 10MA
[INFO] 'chk_vobres_n_buy.py' 2026-06-02 12:04:51,782 : 하향추세 272210 한화시스템 < 5MA 10MA
[DEBUG] 'chk_vobres_n_buy.py' 2026-06-02 12:04:51,782 : 조건검색 종목 수18
[DEBUG] 'chk_vobres_n_buy.py' 2026-06-02 12:04:52,784 : 조건검색 종목 수3
[INFO] 'chk_vobres_n_buy.py' 2026-06-02 12:04:53,791 : 하향추세 003670 포스코퓨처엠 < 5MA 10MA
[WARNING] 'chk_vobres_n_buy.py' 2026-06-02 12:04:53,792 :  Not found in last_ohlc.txt 005070 코스모신소재
[INFO] 'chk_vobres_n_buy.py' 2026-06-02 12:04:53,792 : 하향추세 005490 POSCO홀딩스 < 5MA 10MA
[INFO] 'chk_vobres_n_buy.py' 2026-06-02 12:04:53,793 : 하향추세 006400 삼성SDI < 5MA 10MA
[INFO] 'chk_vobres_n_buy.py' 2026-06-02 12:04:53,793 : 하향추세 012450 한화에어로스페이스 < 5MA 10MA
[INFO] 'chk_vobres_n_buy.py' 2026-06-02 12:04:53,794 : 하향추세 042700 한미반도체 < 5MA 10MA
[INFO] 'chk_vobres_n_buy.py' 2026-06-02 12:04:53,794 : 하향추세 047810 한국항공우주 < 5MA 10MA
[INFO] 'chk_vobres_n_buy.py' 2026-06-02 12:04:53,795 : 하향추세 064350 현대로템 < 5MA 10MA
[INFO] 'chk_vobres_n_buy.py' 2026-06-02 12:04:53,795 : 하향추세 079550 LIG디펜스앤에어로스 < 5MA 10MA
[INFO] 'chk_vobres_n_buy.py' 2026-06-02 12:04:53,795 : 하향추세 086520 에코프로 < 5MA 10MA
[INFO] 'chk_vobres_n_buy.py' 2026-06-02 12:04:53,796 : 하향추세 096770 SK이노베이션 < 5MA 10MA
[INFO] 'chk_vobres_n_buy.py' 2026-06-02 12:04:53,796 : 하향추세 247540 에코프로비엠 < 5MA 10MA
[INFO] 'chk_vobres_n_buy.py' 2026-06-02 12:04:53,796 : 하향추세 272210 한화시스템 < 5MA 10MA
[DEBUG] 'chk_vobres_n_buy.py' 2026-06-02 12:04:53,797 : 조건검색 종목 수18
[DEBUG] 'chk_vobres_n_buy.py' 2026-06-02 12:04:54,809 : 조건검색 종목 수3
[INFO] 'chk_vobres_n_buy.py' 2026-06-02 12:04:55,825 : 하향추세 003670 포스코퓨처엠 < 5MA 10MA
[WARNING] 'chk_vobres_n_buy.py' 2026-06-02 12:04:55,826 :  Not found in last_ohlc.txt 005070 코스모신소재
[INFO] 'chk_vobres_n_buy.py' 2026-06-02 12:04:55,826 : 하향추세 005490 POSCO홀딩스 < 5MA 10MA
[INFO] 'chk_vobres_n_buy.py' 2026-06-02 12:04:55,827 : 하향추세 006400 삼성SDI < 5MA 10MA
[INFO] 'chk_vobres_n_buy.py' 2026-06-02 12:04:55,827 : 하향추세 012450 한화에어로스페이스 < 5MA 10MA
[INFO] 'chk_vobres_n_buy.py' 2026-06-02 12:04:55,827 : 하향추세 042700 한미반도체 < 5MA 10MA
[INFO] 'chk_vobres_n_buy.py' 2026-06-02 12:04:55,828 : 하향추세 047810 한국항공우주 < 5MA 10MA
[INFO] 'chk_vobres_n_buy.py' 2026-06-02 12:04:55,828 : 하향추세 064350 현대로템 < 5MA 10MA
[INFO] 'chk_vobres_n_buy.py' 2026-06-02 12:04:55,828 : 하향추세 079550 LIG디펜스앤에어로스 < 5MA 10MA
[INFO] 'chk_vobres_n_buy.py' 2026-06-02 12:04:55,829 : 하향추세 086520 에코프로 < 5MA 10MA
[INFO] 'chk_vobres_n_buy.py' 2026-06-02 12:04:55,829 : 하향추세 096770 SK이노베이션 < 5MA 10MA
[INFO] 'chk_vobres_n_buy.py' 2026-06-02 12:04:55,829 : 하향추세 247540 에코프로비엠 < 5MA 10MA
[INFO] 'chk_vobres_n_buy.py' 2026-06-02 12:04:55,830 : 하향추세 272210 한화시스템 < 5MA 10MA
[DEBUG] 'chk_vobres_n_buy.py' 2026-06-02 12:04:55,830 : 조건검색 종목 수18
[DEBUG] 'chk_vobres_n_buy.py' 2026-06-02 12:04:56,840 : 조건검색 종목 수3
[INFO] 'chk_vobres_n_buy.py' 2026-06-02 12:04:57,856 : 하향추세 003670 포스코퓨처엠 < 5MA 10MA
[WARNING] 'chk_vobres_n_buy.py' 2026-06-02 12:04:57,857 :  Not found in last_ohlc.txt 005070 코스모신소재
[INFO] 'chk_vobres_n_buy.py' 2026-06-02 12:04:57,857 : 하향추세 005490 POSCO홀딩스 < 5MA 10MA
[INFO] 'chk_vobres_n_buy.py' 2026-06-02 12:04:57,857 : 하향추세 006400 삼성SDI < 5MA 10MA
[INFO] 'chk_vobres_n_buy.py' 2026-06-02 12:04:57,857 : 하향추세 012450 한화에어로스페이스 < 5MA 10MA
[INFO] 'chk_vobres_n_buy.py' 2026-06-02 12:04:57,858 : 하향추세 042700 한미반도체 < 5MA 10MA
[INFO] 'chk_vobres_n_buy.py' 2026-06-02 12:04:57,858 : 하향추세 047810 한국항공우주 < 5MA 10MA
[INFO] 'chk_vobres_n_buy.py' 2026-06-02 12:04:57,858 : 하향추세 064350 현대로템 < 5MA 10MA
[INFO] 'chk_vobres_n_buy.py' 2026-06-02 12:04:57,858 : 하향추세 079550 LIG디펜스앤에어로스 < 5MA 10MA
[INFO] 'chk_vobres_n_buy.py' 2026-06-02 12:04:57,858 : 하향추세 086520 에코프로 < 5MA 10MA
[INFO] 'chk_vobres_n_buy.py' 2026-06-02 12:04:57,859 : 하향추세 096770 SK이노베이션 < 5MA 10MA
[INFO] 'chk_vobres_n_buy.py' 2026-06-02 12:04:57,859 : 하향추세 247540 에코프로비엠 < 5MA 10MA
[INFO] 'chk_vobres_n_buy.py' 2026-06-02 12:04:57,859 : 하향추세 272210 한화시스템 < 5MA 10MA
[DEBUG] 'chk_vobres_n_buy.py' 2026-06-02 12:04:57,859 : 조건검색 종목 수18
[DEBUG] 'chk_vobres_n_buy.py' 2026-06-02 12:04:58,863 : 조건검색 종목 수3
[INFO] 'chk_vobres_n_buy.py' 2026-06-02 12:04:59,881 : 하향추세 003670 포스코퓨처엠 < 5MA 10MA
[WARNING] 'chk_vobres_n_buy.py' 2026-06-02 12:04:59,883 :  Not found in last_ohlc.txt 005070 코스모신소재
[INFO] 'chk_vobres_n_buy.py' 2026-06-02 12:04:59,884 : 하향추세 005490 POSCO홀딩스 < 5MA 10MA
[INFO] 'chk_vobres_n_buy.py' 2026-06-02 12:04:59,884 : 하향추세 006400 삼성SDI < 5MA 10MA
[INFO] 'chk_vobres_n_buy.py' 2026-06-02 12:04:59,885 : 하향추세 012450 한화에어로스페이스 < 5MA 10MA
[INFO] 'chk_vobres_n_buy.py' 2026-06-02 12:04:59,885 : 하향추세 042700 한미반도체 < 5MA 10MA
[INFO] 'chk_vobres_n_buy.py' 2026-06-02 12:04:59,885 : 하향추세 047810 한국항공우주 < 5MA 10MA
[INFO] 'chk_vobres_n_buy.py' 2026-06-02 12:04:59,886 : 하향추세 064350 현대로템 < 5MA 10MA
[INFO] 'chk_vobres_n_buy.py' 2026-06-02 12:04:59,886 : 하향추세 079550 LIG디펜스앤에어로스 < 5MA 10MA
[INFO] 'chk_vobres_n_buy.py' 2026-06-02 12:04:59,887 : 하향추세 086520 에코프로 < 5MA 10MA
[INFO] 'chk_vobres_n_buy.py' 2026-06-02 12:04:59,887 : 하향추세 096770 SK이노베이션 < 5MA 10MA
[INFO] 'chk_vobres_n_buy.py' 2026-06-02 12:04:59,887 : 하향추세 247540 에코프로비엠 < 5MA 10MA
[INFO] 'chk_vobres_n_buy.py' 2026-06-02 12:04:59,887 : 하향추세 272210 한화시스템 < 5MA 10MA
[DEBUG] 'chk_vobres_n_buy.py' 2026-06-02 12:04:59,888 : 조건검색 종목 수18
[DEBUG] 'chk_vobres_n_buy.py' 2026-06-02 12:05:00,892 : 조건검색 종목 수3
[INFO] 'chk_vobres_n_buy.py' 2026-06-02 12:05:01,901 : 하향추세 003670 포스코퓨처엠 < 5MA 10MA
[WARNING] 'chk_vobres_n_buy.py' 2026-06-02 12:05:01,901 :  Not found in last_ohlc.txt 005070 코스모신소재
[INFO] 'chk_vobres_n_buy.py' 2026-06-02 12:05:01,901 : 하향추세 005490 POSCO홀딩스 < 5MA 10MA
[INFO] 'chk_vobres_n_buy.py' 2026-06-02 12:05:01,902 : 하향추세 006400 삼성SDI < 5MA 10MA
[INFO] 'chk_vobres_n_buy.py' 2026-06-02 12:05:01,902 : 하향추세 012450 한화에어로스페이스 < 5MA 10MA
[INFO] 'chk_vobres_n_buy.py' 2026-06-02 12:05:01,903 : 하향추세 042700 한미반도체 < 5MA 10MA
[INFO] 'chk_vobres_n_buy.py' 2026-06-02 12:05:01,903 : 하향추세 047810 한국항공우주 < 5MA 10MA
[INFO] 'chk_vobres_n_buy.py' 2026-06-02 12:05:01,903 : 하향추세 064350 현대로템 < 5MA 10MA
[INFO] 'chk_vobres_n_buy.py' 2026-06-02 12:05:01,904 : 하향추세 079550 LIG디펜스앤에어로스 < 5MA 10MA
[INFO] 'chk_vobres_n_buy.py' 2026-06-02 12:05:01,904 : 하향추세 086520 에코프로 < 5MA 10MA
[INFO] 'chk_vobres_n_buy.py' 2026-06-02 12:05:01,904 : 하향추세 096770 SK이노베이션 < 5MA 10MA
[INFO] 'chk_vobres_n_buy.py' 2026-06-02 12:05:01,905 : 하향추세 247540 에코프로비엠 < 5MA 10MA
[INFO] 'chk_vobres_n_buy.py' 2026-06-02 12:05:01,905 : 하향추세 272210 한화시스템 < 5MA 10MA
[DEBUG] 'chk_vobres_n_buy.py' 2026-06-02 12:05:01,905 : 조건검색 종목 수18
[DEBUG] 'chk_vobres_n_buy.py' 2026-06-02 12:05:02,917 : 조건검색 종목 수3
[INFO] 'chk_vobres_n_buy.py' 2026-06-02 12:05:03,929 : 하향추세 003670 포스코퓨처엠 < 5MA 10MA
[WARNING] 'chk_vobres_n_buy.py' 2026-06-02 12:05:03,930 :  Not found in last_ohlc.txt 005070 코스모신소재
[INFO] 'chk_vobres_n_buy.py' 2026-06-02 12:05:03,930 : 하향추세 005490 POSCO홀딩스 < 5MA 10MA
[INFO] 'chk_vobres_n_buy.py' 2026-06-02 12:05:03,930 : 하향추세 006400 삼성SDI < 5MA 10MA
[INFO] 'chk_vobres_n_buy.py' 2026-06-02 12:05:03,930 : 하향추세 012450 한화에어로스페이스 < 5MA 10MA
[INFO] 'chk_vobres_n_buy.py' 2026-06-02 12:05:03,930 : 하향추세 042700 한미반도체 < 5MA 10MA
[INFO] 'chk_vobres_n_buy.py' 2026-06-02 12:05:03,930 : 하향추세 047810 한국항공우주 < 5MA 10MA
[INFO] 'chk_vobres_n_buy.py' 2026-06-02 12:05:03,930 : 하향추세 064350 현대로템 < 5MA 10MA
[INFO] 'chk_vobres_n_buy.py' 2026-06-02 12:05:03,930 : 하향추세 079550 LIG디펜스앤에어로스 < 5MA 10MA
[INFO] 'chk_vobres_n_buy.py' 2026-06-02 12:05:03,930 : 하향추세 086520 에코프로 < 5MA 10MA
[INFO] 'chk_vobres_n_buy.py' 2026-06-02 12:05:03,931 : 하향추세 096770 SK이노베이션 < 5MA 10MA
[INFO] 'chk_vobres_n_buy.py' 2026-06-02 12:05:03,931 : 하향추세 247540 에코프로비엠 < 5MA 10MA
[INFO] 'chk_vobres_n_buy.py' 2026-06-02 12:05:03,931 : 하향추세 272210 한화시스템 < 5MA 10MA
[DEBUG] 'chk_vobres_n_buy.py' 2026-06-02 12:05:03,931 : 조건검색 종목 수18
[DEBUG] 'chk_vobres_n_buy.py' 2026-06-02 12:05:04,935 : 조건검색 종목 수3
[INFO] 'chk_vobres_n_buy.py' 2026-06-02 12:05:05,938 : 하향추세 003670 포스코퓨처엠 < 5MA 10MA
[WARNING] 'chk_vobres_n_buy.py' 2026-06-02 12:05:05,939 :  Not found in last_ohlc.txt 005070 코스모신소재
[INFO] 'chk_vobres_n_buy.py' 2026-06-02 12:05:05,939 : 하향추세 005490 POSCO홀딩스 < 5MA 10MA
[INFO] 'chk_vobres_n_buy.py' 2026-06-02 12:05:05,940 : 하향추세 006400 삼성SDI < 5MA 10MA
[INFO] 'chk_vobres_n_buy.py' 2026-06-02 12:05:05,940 : 하향추세 012450 한화에어로스페이스 < 5MA 10MA
[INFO] 'chk_vobres_n_buy.py' 2026-06-02 12:05:05,940 : 하향추세 042700 한미반도체 < 5MA 10MA
[INFO] 'chk_vobres_n_buy.py' 2026-06-02 12:05:05,941 : 하향추세 047810 한국항공우주 < 5MA 10MA
[INFO] 'chk_vobres_n_buy.py' 2026-06-02 12:05:05,941 : 하향추세 064350 현대로템 < 5MA 10MA
[INFO] 'chk_vobres_n_buy.py' 2026-06-02 12:05:05,941 : 하향추세 079550 LIG디펜스앤에어로스 < 5MA 10MA
[INFO] 'chk_vobres_n_buy.py' 2026-06-02 12:05:05,942 : 하향추세 086520 에코프로 < 5MA 10MA
[INFO] 'chk_vobres_n_buy.py' 2026-06-02 12:05:05,942 : 하향추세 096770 SK이노베이션 < 5MA 10MA
[INFO] 'chk_vobres_n_buy.py' 2026-06-02 12:05:05,942 : 하향추세 247540 에코프로비엠 < 5MA 10MA
[INFO] 'chk_vobres_n_buy.py' 2026-06-02 12:05:05,942 : 하향추세 272210 한화시스템 < 5MA 10MA
[DEBUG] 'chk_vobres_n_buy.py' 2026-06-02 12:05:05,943 : 조건검색 종목 수18
[DEBUG] 'chk_vobres_n_buy.py' 2026-06-02 12:05:06,955 : 조건검색 종목 수3
[INFO] 'chk_vobres_n_buy.py' 2026-06-02 12:05:07,959 : 하향추세 003670 포스코퓨처엠 < 5MA 10MA
[WARNING] 'chk_vobres_n_buy.py' 2026-06-02 12:05:07,959 :  Not found in last_ohlc.txt 005070 코스모신소재
[INFO] 'chk_vobres_n_buy.py' 2026-06-02 12:05:07,959 : 하향추세 005490 POSCO홀딩스 < 5MA 10MA
[INFO] 'chk_vobres_n_buy.py' 2026-06-02 12:05:07,959 : 하향추세 006400 삼성SDI < 5MA 10MA
[INFO] 'chk_vobres_n_buy.py' 2026-06-02 12:05:07,959 : 하향추세 012450 한화에어로스페이스 < 5MA 10MA
[INFO] 'chk_vobres_n_buy.py' 2026-06-02 12:05:07,959 : 하향추세 042700 한미반도체 < 5MA 10MA
[INFO] 'chk_vobres_n_buy.py' 2026-06-02 12:05:07,959 : 하향추세 047810 한국항공우주 < 5MA 10MA
[INFO] 'chk_vobres_n_buy.py' 2026-06-02 12:05:07,960 : 하향추세 064350 현대로템 < 5MA 10MA
[INFO] 'chk_vobres_n_buy.py' 2026-06-02 12:05:07,960 : 하향추세 079550 LIG디펜스앤에어로스 < 5MA 10MA
[INFO] 'chk_vobres_n_buy.py' 2026-06-02 12:05:07,960 : 하향추세 086520 에코프로 < 5MA 10MA
[INFO] 'chk_vobres_n_buy.py' 2026-06-02 12:05:07,960 : 하향추세 096770 SK이노베이션 < 5MA 10MA
[INFO] 'chk_vobres_n_buy.py' 2026-06-02 12:05:07,960 : 하향추세 247540 에코프로비엠 < 5MA 10MA
[INFO] 'chk_vobres_n_buy.py' 2026-06-02 12:05:07,960 : 하향추세 272210 한화시스템 < 5MA 10MA
[DEBUG] 'chk_vobres_n_buy.py' 2026-06-02 12:05:07,960 : 조건검색 종목 수18
[DEBUG] 'chk_vobres_n_buy.py' 2026-06-02 12:05:08,969 : 조건검색 종목 수3
[INFO] 'chk_vobres_n_buy.py' 2026-06-02 12:05:09,975 : 하향추세 003670 포스코퓨처엠 < 5MA 10MA
[WARNING] 'chk_vobres_n_buy.py' 2026-06-02 12:05:09,976 :  Not found in last_ohlc.txt 005070 코스모신소재
[INFO] 'chk_vobres_n_buy.py' 2026-06-02 12:05:09,976 : 하향추세 005490 POSCO홀딩스 < 5MA 10MA
[INFO] 'chk_vobres_n_buy.py' 2026-06-02 12:05:09,976 : 하향추세 006400 삼성SDI < 5MA 10MA
[INFO] 'chk_vobres_n_buy.py' 2026-06-02 12:05:09,977 : 하향추세 012450 한화에어로스페이스 < 5MA 10MA
[INFO] 'chk_vobres_n_buy.py' 2026-06-02 12:05:09,977 : 하향추세 042700 한미반도체 < 5MA 10MA
[INFO] 'chk_vobres_n_buy.py' 2026-06-02 12:05:09,977 : 하향추세 047810 한국항공우주 < 5MA 10MA
[INFO] 'chk_vobres_n_buy.py' 2026-06-02 12:05:09,978 : 하향추세 064350 현대로템 < 5MA 10MA
[INFO] 'chk_vobres_n_buy.py' 2026-06-02 12:05:09,978 : 하향추세 079550 LIG디펜스앤에어로스 < 5MA 10MA
[INFO] 'chk_vobres_n_buy.py' 2026-06-02 12:05:09,978 : 하향추세 086520 에코프로 < 5MA 10MA
[INFO] 'chk_vobres_n_buy.py' 2026-06-02 12:05:09,978 : 하향추세 096770 SK이노베이션 < 5MA 10MA
[INFO] 'chk_vobres_n_buy.py' 2026-06-02 12:05:09,979 : 하향추세 247540 에코프로비엠 < 5MA 10MA
[INFO] 'chk_vobres_n_buy.py' 2026-06-02 12:05:09,979 : 하향추세 272210 한화시스템 < 5MA 10MA
[DEBUG] 'chk_vobres_n_buy.py' 2026-06-02 12:05:09,979 : 조건검색 종목 수18
[DEBUG] 'chk_vobres_n_buy.py' 2026-06-02 12:05:10,987 : 조건검색 종목 수3
[INFO] 'chk_vobres_n_buy.py' 2026-06-02 12:05:12,006 : 하향추세 003670 포스코퓨처엠 < 5MA 10MA
[WARNING] 'chk_vobres_n_buy.py' 2026-06-02 12:05:12,007 :  Not found in last_ohlc.txt 005070 코스모신소재
[INFO] 'chk_vobres_n_buy.py' 2026-06-02 12:05:12,007 : 하향추세 005490 POSCO홀딩스 < 5MA 10MA
[INFO] 'chk_vobres_n_buy.py' 2026-06-02 12:05:12,008 : 하향추세 006400 삼성SDI < 5MA 10MA
[INFO] 'chk_vobres_n_buy.py' 2026-06-02 12:05:12,008 : 하향추세 012450 한화에어로스페이스 < 5MA 10MA
[INFO] 'chk_vobres_n_buy.py' 2026-06-02 12:05:12,008 : 하향추세 042700 한미반도체 < 5MA 10MA
[INFO] 'chk_vobres_n_buy.py' 2026-06-02 12:05:12,009 : 하향추세 047810 한국항공우주 < 5MA 10MA
[INFO] 'chk_vobres_n_buy.py' 2026-06-02 12:05:12,009 : 하향추세 064350 현대로템 < 5MA 10MA
[INFO] 'chk_vobres_n_buy.py' 2026-06-02 12:05:12,009 : 하향추세 079550 LIG디펜스앤에어로스 < 5MA 10MA
[INFO] 'chk_vobres_n_buy.py' 2026-06-02 12:05:12,010 : 하향추세 086520 에코프로 < 5MA 10MA
[INFO] 'chk_vobres_n_buy.py' 2026-06-02 12:05:12,010 : 하향추세 096770 SK이노베이션 < 5MA 10MA
[INFO] 'chk_vobres_n_buy.py' 2026-06-02 12:05:12,010 : 하향추세 247540 에코프로비엠 < 5MA 10MA
[INFO] 'chk_vobres_n_buy.py' 2026-06-02 12:05:12,010 : 하향추세 272210 한화시스템 < 5MA 10MA
[DEBUG] 'chk_vobres_n_buy.py' 2026-06-02 12:05:12,011 : 조건검색 종목 수18
[ERROR] 'check_n_buy.py' 2026-06-03 15:15:50,779 : 주문 중 오류 발생:
[ERROR] 'chk_vobres_n_buy.py' 2026-06-03 15:15:50,779 : 매수 Error 발생: ('402340', 'SK스퀘어'), cur_prc:1346000
[ERROR] 'chk_vobres_n_buy.py' 2026-06-03 15:15:50,779 : 매수실패 리스트: ['402340']
[DEBUG] 'chk_vobres_n_buy.py' 2026-06-03 15:15:50,779 : 조건검색 종목 수6
[DEBUG] 'chk_vobres_n_buy.py' 2026-06-03 15:16:02,172 : 조건검색 종목 수6
[INFO] 'chk_vobres_n_buy.py' 2026-06-03 15:16:14,551 : 하향추세 003670 포스코퓨처엠 < 5MA 10MA
[WARNING] 'chk_vobres_n_buy.py' 2026-06-03 15:16:14,551 :  Not found in last_ohlc.txt 005070 코스모신소재
[INFO] 'chk_vobres_n_buy.py' 2026-06-03 15:16:14,552 : 하향추세 005490 POSCO홀딩스 < 5MA 10MA
[INFO] 'chk_vobres_n_buy.py' 2026-06-03 15:16:14,552 : 하향추세 006400 삼성SDI < 5MA 10MA
[INFO] 'chk_vobres_n_buy.py' 2026-06-03 15:16:14,552 : 하향추세 012450 한화에어로스페이스 < 5MA 10MA
[INFO] 'chk_vobres_n_buy.py' 2026-06-03 15:16:14,552 : 하향추세 042700 한미반도체 < 5MA 10MA
[INFO] 'chk_vobres_n_buy.py' 2026-06-03 15:16:14,552 : 하향추세 047810 한국항공우주 < 5MA 10MA
[INFO] 'chk_vobres_n_buy.py' 2026-06-03 15:16:14,552 : 하향추세 064350 현대로템 < 5MA 10MA
[INFO] 'chk_vobres_n_buy.py' 2026-06-03 15:16:14,552 : 하향추세 079550 LIG디펜스앤에어로스 < 5MA 10MA
[INFO] 'chk_vobres_n_buy.py' 2026-06-03 15:16:14,552 : 하향추세 086520 에코프로 < 5MA 10MA
[INFO] 'chk_vobres_n_buy.py' 2026-06-03 15:16:14,552 : 하향추세 096770 SK이노베이션 < 5MA 10MA
[INFO] 'chk_vobres_n_buy.py' 2026-06-03 15:16:14,552 : 하향추세 247540 에코프로비엠 < 5MA 10MA
[INFO] 'chk_vobres_n_buy.py' 2026-06-03 15:16:14,552 : 하향추세 272210 한화시스템 < 5MA 10MA
[DEBUG] 'chk_vobres_n_buy.py' 2026-06-03 15:16:14,552 : 조건검색 종목 수18
[DEBUG] 'chk_vobres_n_buy.py' 2026-06-03 15:16:26,940 : 조건검색 종목 수6
[INFO] 'chk_vobres_n_buy.py' 2026-06-03 15:16:39,291 : 하향추세 003670 포스코퓨처엠 < 5MA 10MA
[WARNING] 'chk_vobres_n_buy.py' 2026-06-03 15:16:39,292 :  Not found in last_ohlc.txt 005070 코스모신소재
[INFO] 'chk_vobres_n_buy.py' 2026-06-03 15:16:39,292 : 하향추세 005490 POSCO홀딩스 < 5MA 10MA
[INFO] 'chk_vobres_n_buy.py' 2026-06-03 15:16:39,293 : 하향추세 006400 삼성SDI < 5MA 10MA
[INFO] 'chk_vobres_n_buy.py' 2026-06-03 15:16:39,293 : 하향추세 012450 한화에어로스페이스 < 5MA 10MA
[INFO] 'chk_vobres_n_buy.py' 2026-06-03 15:16:39,293 : 하향추세 042700 한미반도체 < 5MA 10MA
[INFO] 'chk_vobres_n_buy.py' 2026-06-03 15:16:39,293 : 하향추세 047810 한국항공우주 < 5MA 10MA
[INFO] 'chk_vobres_n_buy.py' 2026-06-03 15:16:39,294 : 하향추세 064350 현대로템 < 5MA 10MA
[INFO] 'chk_vobres_n_buy.py' 2026-06-03 15:16:39,294 : 하향추세 079550 LIG디펜스앤에어로스 < 5MA 10MA
[INFO] 'chk_vobres_n_buy.py' 2026-06-03 15:16:39,295 : 하향추세 086520 에코프로 < 5MA 10MA
[INFO] 'chk_vobres_n_buy.py' 2026-06-03 15:16:39,295 : 하향추세 096770 SK이노베이션 < 5MA 10MA
[INFO] 'chk_vobres_n_buy.py' 2026-06-03 15:16:39,295 : 하향추세 247540 에코프로비엠 < 5MA 10MA
[INFO] 'chk_vobres_n_buy.py' 2026-06-03 15:16:39,296 : 하향추세 272210 한화시스템 < 5MA 10MA
[DEBUG] 'chk_vobres_n_buy.py' 2026-06-03 15:16:39,296 : 조건검색 종목 수18
[DEBUG] 'chk_vobres_n_buy.py' 2026-06-03 15:16:51,690 : 조건검색 종목 수6
[INFO] 'chk_vobres_n_buy.py' 2026-06-03 15:17:04,121 : 하향추세 003670 포스코퓨처엠 < 5MA 10MA
[WARNING] 'chk_vobres_n_buy.py' 2026-06-03 15:17:04,122 :  Not found in last_ohlc.txt 005070 코스모신소재
[INFO] 'chk_vobres_n_buy.py' 2026-06-03 15:17:04,122 : 하향추세 005490 POSCO홀딩스 < 5MA 10MA
[INFO] 'chk_vobres_n_buy.py' 2026-06-03 15:17:04,122 : 하향추세 006400 삼성SDI < 5MA 10MA
[INFO] 'chk_vobres_n_buy.py' 2026-06-03 15:17:04,123 : 하향추세 012450 한화에어로스페이스 < 5MA 10MA
[INFO] 'chk_vobres_n_buy.py' 2026-06-03 15:17:04,123 : 하향추세 042700 한미반도체 < 5MA 10MA
[INFO] 'chk_vobres_n_buy.py' 2026-06-03 15:17:04,123 : 하향추세 047810 한국항공우주 < 5MA 10MA
[INFO] 'chk_vobres_n_buy.py' 2026-06-03 15:17:04,123 : 하향추세 064350 현대로템 < 5MA 10MA
[INFO] 'chk_vobres_n_buy.py' 2026-06-03 15:17:04,124 : 하향추세 079550 LIG디펜스앤에어로스 < 5MA 10MA
[INFO] 'chk_vobres_n_buy.py' 2026-06-03 15:17:04,124 : 하향추세 086520 에코프로 < 5MA 10MA
[INFO] 'chk_vobres_n_buy.py' 2026-06-03 15:17:04,124 : 하향추세 096770 SK이노베이션 < 5MA 10MA
[INFO] 'chk_vobres_n_buy.py' 2026-06-03 15:17:04,124 : 하향추세 247540 에코프로비엠 < 5MA 10MA
[INFO] 'chk_vobres_n_buy.py' 2026-06-03 15:17:04,124 : 하향추세 272210 한화시스템 < 5MA 10MA
[DEBUG] 'chk_vobres_n_buy.py' 2026-06-03 15:17:04,124 : 조건검색 종목 수18
[DEBUG] 'chk_vobres_n_buy.py' 2026-06-03 15:17:17,066 : 조건검색 종목 수6
[INFO] 'chk_vobres_n_buy.py' 2026-06-03 15:17:29,481 : 하향추세 003670 포스코퓨처엠 < 5MA 10MA
[WARNING] 'chk_vobres_n_buy.py' 2026-06-03 15:17:29,482 :  Not found in last_ohlc.txt 005070 코스모신소재
[INFO] 'chk_vobres_n_buy.py' 2026-06-03 15:17:29,482 : 하향추세 005490 POSCO홀딩스 < 5MA 10MA
[INFO] 'chk_vobres_n_buy.py' 2026-06-03 15:17:29,483 : 하향추세 006400 삼성SDI < 5MA 10MA
[INFO] 'chk_vobres_n_buy.py' 2026-06-03 15:17:29,483 : 하향추세 012450 한화에어로스페이스 < 5MA 10MA
[INFO] 'chk_vobres_n_buy.py' 2026-06-03 15:17:29,483 : 하향추세 042700 한미반도체 < 5MA 10MA
[INFO] 'chk_vobres_n_buy.py' 2026-06-03 15:17:29,483 : 하향추세 047810 한국항공우주 < 5MA 10MA
[INFO] 'chk_vobres_n_buy.py' 2026-06-03 15:17:29,484 : 하향추세 064350 현대로템 < 5MA 10MA
[INFO] 'chk_vobres_n_buy.py' 2026-06-03 15:17:29,484 : 하향추세 079550 LIG디펜스앤에어로스 < 5MA 10MA
[INFO] 'chk_vobres_n_buy.py' 2026-06-03 15:17:29,485 : 하향추세 086520 에코프로 < 5MA 10MA
[INFO] 'chk_vobres_n_buy.py' 2026-06-03 15:17:29,485 : 하향추세 096770 SK이노베이션 < 5MA 10MA
[INFO] 'chk_vobres_n_buy.py' 2026-06-03 15:17:29,485 : 하향추세 247540 에코프로비엠 < 5MA 10MA
[INFO] 'chk_vobres_n_buy.py' 2026-06-03 15:17:29,486 : 하향추세 272210 한화시스템 < 5MA 10MA
[DEBUG] 'chk_vobres_n_buy.py' 2026-06-03 15:17:29,486 : 조건검색 종목 수18
[DEBUG] 'chk_vobres_n_buy.py' 2026-06-03 15:17:41,848 : 조건검색 종목 수6
[INFO] 'chk_vobres_n_buy.py' 2026-06-03 15:17:51,293 : 하향추세 003670 포스코퓨처엠 < 5MA 10MA
[WARNING] 'chk_vobres_n_buy.py' 2026-06-03 15:17:51,293 :  Not found in last_ohlc.txt 005070 코스모신소재
[INFO] 'chk_vobres_n_buy.py' 2026-06-03 15:17:51,293 : 하향추세 005490 POSCO홀딩스 < 5MA 10MA
[INFO] 'chk_vobres_n_buy.py' 2026-06-03 15:17:51,294 : 하향추세 006400 삼성SDI < 5MA 10MA
[INFO] 'chk_vobres_n_buy.py' 2026-06-03 15:17:51,294 : 하향추세 012450 한화에어로스페이스 < 5MA 10MA
[INFO] 'chk_vobres_n_buy.py' 2026-06-03 15:17:51,294 : 하향추세 042700 한미반도체 < 5MA 10MA
[INFO] 'chk_vobres_n_buy.py' 2026-06-03 15:17:51,294 : 하향추세 047810 한국항공우주 < 5MA 10MA
[INFO] 'chk_vobres_n_buy.py' 2026-06-03 15:17:51,294 : 하향추세 064350 현대로템 < 5MA 10MA
[INFO] 'chk_vobres_n_buy.py' 2026-06-03 15:17:51,294 : 하향추세 079550 LIG디펜스앤에어로스 < 5MA 10MA
[INFO] 'chk_vobres_n_buy.py' 2026-06-03 15:17:51,294 : 하향추세 086520 에코프로 < 5MA 10MA
[INFO] 'chk_vobres_n_buy.py' 2026-06-03 15:17:51,294 : 하향추세 096770 SK이노베이션 < 5MA 10MA
[INFO] 'chk_vobres_n_buy.py' 2026-06-03 15:17:51,294 : 하향추세 247540 에코프로비엠 < 5MA 10MA
[INFO] 'chk_vobres_n_buy.py' 2026-06-03 15:17:51,295 : 하향추세 272210 한화시스템 < 5MA 10MA
[DEBUG] 'chk_vobres_n_buy.py' 2026-06-03 15:17:51,295 : 조건검색 종목 수18
[DEBUG] 'chk_vobres_n_buy.py' 2026-06-03 15:19:35,426 : 조건검색 종목 수6
[DEBUG] 'chk_vobres_n_buy.py' 2026-06-03 15:19:47,784 : 조건검색 종목 수6
[INFO] 'chk_vobres_n_buy.py' 2026-06-03 15:20:00,233 : 하향추세 003670 포스코퓨처엠 < 5MA 10MA
[WARNING] 'chk_vobres_n_buy.py' 2026-06-03 15:20:00,233 :  Not found in last_ohlc.txt 005070 코스모신소재
[INFO] 'chk_vobres_n_buy.py' 2026-06-03 15:20:00,233 : 하향추세 005490 POSCO홀딩스 < 5MA 10MA
[INFO] 'chk_vobres_n_buy.py' 2026-06-03 15:20:00,233 : 하향추세 006400 삼성SDI < 5MA 10MA
[INFO] 'chk_vobres_n_buy.py' 2026-06-03 15:20:00,233 : 하향추세 012450 한화에어로스페이스 < 5MA 10MA
[INFO] 'chk_vobres_n_buy.py' 2026-06-03 15:20:00,233 : 하향추세 042700 한미반도체 < 5MA 10MA
[INFO] 'chk_vobres_n_buy.py' 2026-06-03 15:20:00,234 : 하향추세 047810 한국항공우주 < 5MA 10MA
[INFO] 'chk_vobres_n_buy.py' 2026-06-03 15:20:00,234 : 하향추세 064350 현대로템 < 5MA 10MA
[INFO] 'chk_vobres_n_buy.py' 2026-06-03 15:20:00,234 : 하향추세 079550 LIG디펜스앤에어로스 < 5MA 10MA
[INFO] 'chk_vobres_n_buy.py' 2026-06-03 15:20:00,234 : 하향추세 086520 에코프로 < 5MA 10MA
[INFO] 'chk_vobres_n_buy.py' 2026-06-03 15:20:00,234 : 하향추세 096770 SK이노베이션 < 5MA 10MA
[INFO] 'chk_vobres_n_buy.py' 2026-06-03 15:20:00,234 : 하향추세 247540 에코프로비엠 < 5MA 10MA
[INFO] 'chk_vobres_n_buy.py' 2026-06-03 15:20:00,234 : 하향추세 272210 한화시스템 < 5MA 10MA
[DEBUG] 'chk_vobres_n_buy.py' 2026-06-03 15:20:00,235 : 조건검색 종목 수18
[INFO] 'chk_vobres_n_buy.py' 2026-06-03 15:47:13,298 : 하향추세 086790 하나금융지주 < 5MA 10MA
[DEBUG] 'chk_vobres_n_buy.py' 2026-06-03 15:47:13,299 : 조건검색 종목 수6
[INFO] 'chk_vobres_n_buy.py' 2026-06-03 15:47:25,665 : 하향추세 086790 하나금융지주 < 5MA 10MA
[DEBUG] 'chk_vobres_n_buy.py' 2026-06-03 15:47:25,665 : 조건검색 종목 수6
[INFO] 'chk_vobres_n_buy.py' 2026-06-03 15:47:38,037 : 하향추세 003670 포스코퓨처엠 < 5MA 10MA
[WARNING] 'chk_vobres_n_buy.py' 2026-06-03 15:47:38,037 :  Not found in last_ohlc.txt 005070 코스모신소재
[INFO] 'chk_vobres_n_buy.py' 2026-06-03 15:47:38,038 : 하향추세 005490 POSCO홀딩스 < 5MA 10MA
[INFO] 'chk_vobres_n_buy.py' 2026-06-03 15:47:38,038 : 하향추세 006400 삼성SDI < 5MA 10MA
[INFO] 'chk_vobres_n_buy.py' 2026-06-03 15:47:38,038 : 하향추세 012450 한화에어로스페이스 < 5MA 10MA
[INFO] 'chk_vobres_n_buy.py' 2026-06-03 15:47:38,039 : 하향추세 042700 한미반도체 < 5MA 10MA
[INFO] 'chk_vobres_n_buy.py' 2026-06-03 15:47:38,039 : 하향추세 047810 한국항공우주 < 5MA 10MA
[INFO] 'chk_vobres_n_buy.py' 2026-06-03 15:47:38,039 : 하향추세 064350 현대로템 < 5MA 10MA
[INFO] 'chk_vobres_n_buy.py' 2026-06-03 15:47:38,040 : 하향추세 079550 LIG디펜스앤에어로스 < 5MA 10MA
[INFO] 'chk_vobres_n_buy.py' 2026-06-03 15:47:38,040 : 하향추세 086520 에코프로 < 5MA 10MA
[INFO] 'chk_vobres_n_buy.py' 2026-06-03 15:47:38,041 : 하향추세 096770 SK이노베이션 < 5MA 10MA
[INFO] 'chk_vobres_n_buy.py' 2026-06-03 15:47:38,041 : 하향추세 247540 에코프로비엠 < 5MA 10MA
[INFO] 'chk_vobres_n_buy.py' 2026-06-03 15:47:38,041 : 하향추세 272210 한화시스템 < 5MA 10MA
[DEBUG] 'chk_vobres_n_buy.py' 2026-06-03 15:47:38,042 : 조건검색 종목 수18
[INFO] 'chk_vobres_n_buy.py' 2026-06-03 15:47:50,398 : 하향추세 086790 하나금융지주 < 5MA 10MA
[DEBUG] 'chk_vobres_n_buy.py' 2026-06-03 15:47:50,398 : 조건검색 종목 수6
[INFO] 'chk_vobres_n_buy.py' 2026-06-03 15:48:02,789 : 하향추세 003670 포스코퓨처엠 < 5MA 10MA
[WARNING] 'chk_vobres_n_buy.py' 2026-06-03 15:48:02,789 :  Not found in last_ohlc.txt 005070 코스모신소재
[INFO] 'chk_vobres_n_buy.py' 2026-06-03 15:48:02,790 : 하향추세 005490 POSCO홀딩스 < 5MA 10MA
[INFO] 'chk_vobres_n_buy.py' 2026-06-03 15:48:02,790 : 하향추세 006400 삼성SDI < 5MA 10MA
[INFO] 'chk_vobres_n_buy.py' 2026-06-03 15:48:02,790 : 하향추세 012450 한화에어로스페이스 < 5MA 10MA
[INFO] 'chk_vobres_n_buy.py' 2026-06-03 15:48:02,791 : 하향추세 042700 한미반도체 < 5MA 10MA
[INFO] 'chk_vobres_n_buy.py' 2026-06-03 15:48:02,791 : 하향추세 047810 한국항공우주 < 5MA 10MA
[INFO] 'chk_vobres_n_buy.py' 2026-06-03 15:48:02,791 : 하향추세 064350 현대로템 < 5MA 10MA
[INFO] 'chk_vobres_n_buy.py' 2026-06-03 15:48:02,792 : 하향추세 079550 LIG디펜스앤에어로스 < 5MA 10MA
[INFO] 'chk_vobres_n_buy.py' 2026-06-03 15:48:02,792 : 하향추세 086520 에코프로 < 5MA 10MA
[INFO] 'chk_vobres_n_buy.py' 2026-06-03 15:48:02,792 : 하향추세 096770 SK이노베이션 < 5MA 10MA
[INFO] 'chk_vobres_n_buy.py' 2026-06-03 15:48:02,792 : 하향추세 247540 에코프로비엠 < 5MA 10MA
[INFO] 'chk_vobres_n_buy.py' 2026-06-03 15:48:02,793 : 하향추세 272210 한화시스템 < 5MA 10MA
[DEBUG] 'chk_vobres_n_buy.py' 2026-06-03 15:48:02,793 : 조건검색 종목 수18
[INFO] 'chk_vobres_n_buy.py' 2026-06-03 15:48:15,159 : 하향추세 086790 하나금융지주 < 5MA 10MA
[DEBUG] 'chk_vobres_n_buy.py' 2026-06-03 15:48:15,159 : 조건검색 종목 수6
[INFO] 'chk_vobres_n_buy.py' 2026-06-03 15:48:27,513 : 하향추세 003670 포스코퓨처엠 < 5MA 10MA
[WARNING] 'chk_vobres_n_buy.py' 2026-06-03 15:48:27,514 :  Not found in last_ohlc.txt 005070 코스모신소재
[INFO] 'chk_vobres_n_buy.py' 2026-06-03 15:48:27,514 : 하향추세 005490 POSCO홀딩스 < 5MA 10MA
[INFO] 'chk_vobres_n_buy.py' 2026-06-03 15:48:27,515 : 하향추세 006400 삼성SDI < 5MA 10MA
[INFO] 'chk_vobres_n_buy.py' 2026-06-03 15:48:27,515 : 하향추세 012450 한화에어로스페이스 < 5MA 10MA
[INFO] 'chk_vobres_n_buy.py' 2026-06-03 15:48:27,515 : 하향추세 042700 한미반도체 < 5MA 10MA
[INFO] 'chk_vobres_n_buy.py' 2026-06-03 15:48:27,515 : 하향추세 047810 한국항공우주 < 5MA 10MA
[INFO] 'chk_vobres_n_buy.py' 2026-06-03 15:48:27,516 : 하향추세 064350 현대로템 < 5MA 10MA
[INFO] 'chk_vobres_n_buy.py' 2026-06-03 15:48:27,516 : 하향추세 079550 LIG디펜스앤에어로스 < 5MA 10MA
[INFO] 'chk_vobres_n_buy.py' 2026-06-03 15:48:27,516 : 하향추세 086520 에코프로 < 5MA 10MA
[INFO] 'chk_vobres_n_buy.py' 2026-06-03 15:48:27,517 : 하향추세 096770 SK이노베이션 < 5MA 10MA
[INFO] 'chk_vobres_n_buy.py' 2026-06-03 15:48:27,517 : 하향추세 247540 에코프로비엠 < 5MA 10MA
[INFO] 'chk_vobres_n_buy.py' 2026-06-03 15:48:27,517 : 하향추세 272210 한화시스템 < 5MA 10MA
[DEBUG] 'chk_vobres_n_buy.py' 2026-06-03 15:48:27,517 : 조건검색 종목 수18
[INFO] 'chk_vobres_n_buy.py' 2026-06-03 15:48:40,206 : 하향추세 086790 하나금융지주 < 5MA 10MA
[DEBUG] 'chk_vobres_n_buy.py' 2026-06-03 15:48:40,206 : 조건검색 종목 수6
[INFO] 'chk_vobres_n_buy.py' 2026-06-03 15:48:52,582 : 하향추세 003670 포스코퓨처엠 < 5MA 10MA
[WARNING] 'chk_vobres_n_buy.py' 2026-06-03 15:48:52,582 :  Not found in last_ohlc.txt 005070 코스모신소재
[INFO] 'chk_vobres_n_buy.py' 2026-06-03 15:48:52,583 : 하향추세 005490 POSCO홀딩스 < 5MA 10MA
[INFO] 'chk_vobres_n_buy.py' 2026-06-03 15:48:52,583 : 하향추세 006400 삼성SDI < 5MA 10MA
[INFO] 'chk_vobres_n_buy.py' 2026-06-03 15:48:52,583 : 하향추세 012450 한화에어로스페이스 < 5MA 10MA
[INFO] 'chk_vobres_n_buy.py' 2026-06-03 15:48:52,583 : 하향추세 042700 한미반도체 < 5MA 10MA
[INFO] 'chk_vobres_n_buy.py' 2026-06-03 15:48:52,583 : 하향추세 047810 한국항공우주 < 5MA 10MA
[INFO] 'chk_vobres_n_buy.py' 2026-06-03 15:48:52,583 : 하향추세 064350 현대로템 < 5MA 10MA
[INFO] 'chk_vobres_n_buy.py' 2026-06-03 15:48:52,583 : 하향추세 079550 LIG디펜스앤에어로스 < 5MA 10MA
[INFO] 'chk_vobres_n_buy.py' 2026-06-03 15:48:52,583 : 하향추세 086520 에코프로 < 5MA 10MA
[INFO] 'chk_vobres_n_buy.py' 2026-06-03 15:48:52,583 : 하향추세 096770 SK이노베이션 < 5MA 10MA
[INFO] 'chk_vobres_n_buy.py' 2026-06-03 15:48:52,583 : 하향추세 247540 에코프로비엠 < 5MA 10MA
[INFO] 'chk_vobres_n_buy.py' 2026-06-03 15:48:52,583 : 하향추세 272210 한화시스템 < 5MA 10MA
[DEBUG] 'chk_vobres_n_buy.py' 2026-06-03 15:48:52,583 : 조건검색 종목 수18
[INFO] 'chk_vobres_n_buy.py' 2026-06-03 15:49:04,979 : 하향추세 086790 하나금융지주 < 5MA 10MA
[DEBUG] 'chk_vobres_n_buy.py' 2026-06-03 15:49:04,980 : 조건검색 종목 수6
[INFO] 'chk_vobres_n_buy.py' 2026-06-03 15:49:17,341 : 하향추세 003670 포스코퓨처엠 < 5MA 10MA
[WARNING] 'chk_vobres_n_buy.py' 2026-06-03 15:49:17,342 :  Not found in last_ohlc.txt 005070 코스모신소재
[INFO] 'chk_vobres_n_buy.py' 2026-06-03 15:49:17,342 : 하향추세 005490 POSCO홀딩스 < 5MA 10MA
[INFO] 'chk_vobres_n_buy.py' 2026-06-03 15:49:17,342 : 하향추세 006400 삼성SDI < 5MA 10MA
[INFO] 'chk_vobres_n_buy.py' 2026-06-03 15:49:17,343 : 하향추세 012450 한화에어로스페이스 < 5MA 10MA
[INFO] 'chk_vobres_n_buy.py' 2026-06-03 15:49:17,344 : 하향추세 042700 한미반도체 < 5MA 10MA
[INFO] 'chk_vobres_n_buy.py' 2026-06-03 15:49:17,344 : 하향추세 047810 한국항공우주 < 5MA 10MA
[INFO] 'chk_vobres_n_buy.py' 2026-06-03 15:49:17,345 : 하향추세 064350 현대로템 < 5MA 10MA
[INFO] 'chk_vobres_n_buy.py' 2026-06-03 15:49:17,345 : 하향추세 079550 LIG디펜스앤에어로스 < 5MA 10MA
[INFO] 'chk_vobres_n_buy.py' 2026-06-03 15:49:17,346 : 하향추세 086520 에코프로 < 5MA 10MA
[INFO] 'chk_vobres_n_buy.py' 2026-06-03 15:49:17,347 : 하향추세 096770 SK이노베이션 < 5MA 10MA
[INFO] 'chk_vobres_n_buy.py' 2026-06-03 15:49:17,347 : 하향추세 247540 에코프로비엠 < 5MA 10MA
[INFO] 'chk_vobres_n_buy.py' 2026-06-03 15:49:17,348 : 하향추세 272210 한화시스템 < 5MA 10MA
[DEBUG] 'chk_vobres_n_buy.py' 2026-06-03 15:49:17,348 : 조건검색 종목 수18
[INFO] 'chk_vobres_n_buy.py' 2026-06-03 15:49:29,780 : 하향추세 086790 하나금융지주 < 5MA 10MA
[DEBUG] 'chk_vobres_n_buy.py' 2026-06-03 15:49:29,780 : 조건검색 종목 수6
[INFO] 'chk_vobres_n_buy.py' 2026-06-03 15:49:42,127 : 하향추세 003670 포스코퓨처엠 < 5MA 10MA
[WARNING] 'chk_vobres_n_buy.py' 2026-06-03 15:49:42,127 :  Not found in last_ohlc.txt 005070 코스모신소재
[INFO] 'chk_vobres_n_buy.py' 2026-06-03 15:49:42,127 : 하향추세 005490 POSCO홀딩스 < 5MA 10MA
[INFO] 'chk_vobres_n_buy.py' 2026-06-03 15:49:42,127 : 하향추세 006400 삼성SDI < 5MA 10MA
[INFO] 'chk_vobres_n_buy.py' 2026-06-03 15:49:42,127 : 하향추세 012450 한화에어로스페이스 < 5MA 10MA
[INFO] 'chk_vobres_n_buy.py' 2026-06-03 15:49:42,127 : 하향추세 042700 한미반도체 < 5MA 10MA
[INFO] 'chk_vobres_n_buy.py' 2026-06-03 15:49:42,127 : 하향추세 047810 한국항공우주 < 5MA 10MA
[INFO] 'chk_vobres_n_buy.py' 2026-06-03 15:49:42,127 : 하향추세 064350 현대로템 < 5MA 10MA
[INFO] 'chk_vobres_n_buy.py' 2026-06-03 15:49:42,127 : 하향추세 079550 LIG디펜스앤에어로스 < 5MA 10MA
[INFO] 'chk_vobres_n_buy.py' 2026-06-03 15:49:42,128 : 하향추세 086520 에코프로 < 5MA 10MA
[INFO] 'chk_vobres_n_buy.py' 2026-06-03 15:49:42,128 : 하향추세 096770 SK이노베이션 < 5MA 10MA
[INFO] 'chk_vobres_n_buy.py' 2026-06-03 15:49:42,128 : 하향추세 247540 에코프로비엠 < 5MA 10MA
[INFO] 'chk_vobres_n_buy.py' 2026-06-03 15:49:42,128 : 하향추세 272210 한화시스템 < 5MA 10MA
[DEBUG] 'chk_vobres_n_buy.py' 2026-06-03 15:49:42,128 : 조건검색 종목 수18
[INFO] 'chk_vobres_n_buy.py' 2026-06-03 15:49:54,509 : 하향추세 086790 하나금융지주 < 5MA 10MA
[DEBUG] 'chk_vobres_n_buy.py' 2026-06-03 15:49:54,509 : 조건검색 종목 수6
